product_id,name,category,subcategory,gender,price_inr,color,secondary_color,pattern,style,formality,occasion,season,material,fit,brand,rating,review_count,description
P01872,DailyMode Elegant White Heels,Footwear,Heels,Women,1999,White,Olive,Solid,Party,2,Farewell,All Season,Faux Leather,Standard,DailyMode,3.7,751,Party Heels in White with Olive accents. Designed for farewell occasions and suitable for all season wear. Made from faux leather with a solid pattern and standard fit.
P01998,CoutureLane Everyday Pink Sandals,Footwear,Sandals,Women,1599,Pink,Navy,Solid,Casual,1,College,All Season,Leather,Standard,CoutureLane,4.0,4164,Casual Sandals in Pink with Navy accents. Designed for college occasions and suitable for all season wear. Made from leather with a solid pattern and standard fit.
P00375,CoutureLane Refined Cream Striped Blouse,Top,Blouse,Women,1799,Cream,Olive,Striped,Smart Casual,2,Farewell,Summer,Silk Blend,Slim,CoutureLane,3.5,431,Smart Casual Blouse in Cream with Olive accents. Designed for farewell occasions and suitable for summer wear. Made from silk blend with a striped pattern and slim fit.
P01942,Northline Stylish Brown Heels,Footwear,Heels,Women,2199,Brown,Beige,Textured,Party,2,Party,Summer,Synthetic,Standard,Northline,3.9,4545,Party Heels in Brown with Beige accents. Designed for party occasions and suitable for summer wear. Made from synthetic with a textured pattern and standard fit.
P00601,CoutureLane Modern Maroon Jeans,Bottom,Jeans,Men,1499,Maroon,Black,Solid,Smart Casual,2,College,Summer,Denim,Relaxed,CoutureLane,4.4,4381,Smart Casual Jeans in Maroon with Black accents. Designed for college occasions and suitable for summer wear. Made from denim with a solid pattern and relaxed fit.
P01216,CoutureLane Elegant Cream Printed Formal Dress,Dress,Formal Dress,Women,2099,Cream,Black,Printed,Formal,3,Farewell,Winter,Polyester,A-Line,CoutureLane,4.1,3207,Formal Dress in Cream with Black accents. Designed for farewell occasions and suitable for winter wear. Made from polyester with a printed pattern and a-line fit.
P01669,MetroFit Essential White Sneakers,Footwear,Sneakers,Unisex,2699,White,Navy,Textured,Casual,1,Casual Outing,All Season,Leather,Standard,MetroFit,4.3,682,Casual Sneakers in White with Navy accents. Designed for casual outing occasions and suitable for all season wear. Made from leather with a textured pattern and standard fit.
P00416,TrendAura Everyday Black Printed Blouse,Top,Blouse,Women,1399,Black,Blue,Printed,Casual,1,College,Winter,Rayon,Relaxed,TrendAura,3.9,3285,Casual Blouse in Black with Blue accents. Designed for college occasions and suitable for winter wear. Made from rayon with a printed pattern and relaxed fit.
P02199,ModaStreet Festive Blue Shoulder Bag,Accessory,Shoulder Bag,Unisex,1299,Blue,Beige,Textured,Party,2,Party,All Season,Canvas,Standard,ModaStreet,4.5,4908,Party Shoulder Bag in Blue with Beige accents. Designed for party occasions and suitable for all season wear. Made from canvas with a textured pattern and standard fit.
P01257,TrendAura Festive Brown Printed Formal Dress,Dress,Formal Dress,Women,3599,Brown,Cream,Printed,Party,2,Party,All Season,Polyester,Regular,TrendAura,4.2,4369,Party Formal Dress in Brown with Cream accents. Designed for party occasions and suitable for all season wear. Made from polyester with a printed pattern and regular fit.
P01563,Northline Everyday Blue Sneakers,Footwear,Sneakers,Men,3699,Blue,Navy,Textured,Casual,1,Casual Outing,Monsoon,Canvas,Standard,Northline,4.3,1350,Casual Sneakers in Blue with Navy accents. Designed for casual outing occasions and suitable for monsoon wear. Made from canvas with a textured pattern and standard fit.
P02134,StyleCraft Modern Grey Watch,Accessory,Watch,Men,1099,Grey,Maroon,Solid,Smart Casual,2,College,All Season,Leather,Standard,StyleCraft,4.1,882,Smart Casual Watch in Grey with Maroon accents. Designed for college occasions and suitable for all season wear. Made from leather with a solid pattern and standard fit.
P01940,MetroFit Statement Pink Heels,Footwear,Heels,Women,3699,Pink,Navy,Solid,Party,2,Party,All Season,Synthetic,Standard,MetroFit,4.0,1280,Party Heels in Pink with Navy accents. Designed for party occasions and suitable for all season wear. Made from synthetic with a solid pattern and standard fit.
P00715,DailyMode Executive Grey Trousers,Bottom,Trousers,Women,2699,Grey,Maroon,Textured,Formal,3,Farewell,Summer,Wool Blend,Slim,DailyMode,4.7,4024,Formal Trousers in Grey with Maroon accents. Designed for farewell occasions and suitable for summer wear. Made from wool blend with a textured pattern and slim fit.
P01464,UrbanThread Classic Navy Denim Jacket,Outerwear,Denim Jacket,Men,1899,Navy,Blue,Solid,Casual,1,Casual Outing,Monsoon,Cotton,Oversized,UrbanThread,4.4,440,Casual Denim Jacket in Navy with Blue accents. Designed for casual outing occasions and suitable for monsoon wear. Made from cotton with a solid pattern and oversized fit.
P02016,ClassicEdge Essential Maroon Sandals,Footwear,Sandals,Women,899,Maroon,Grey,Textured,Casual,1,Casual Outing,Summer,Synthetic,Standard,ClassicEdge,4.4,161,Casual Sandals in Maroon with Grey accents. Designed for casual outing occasions and suitable for summer wear. Made from synthetic with a textured pattern and standard fit.
P00131,ClassicEdge Sport White T-Shirt,Top,T-Shirt,Men,1099,White,Grey,Textured,Sporty,1,Casual Outing,Summer,Cotton,Regular,ClassicEdge,4.8,290,Sporty T-Shirt in White with Grey accents. Designed for casual outing occasions and suitable for summer wear. Made from cotton with a textured pattern and regular fit.
P01565,DailyMode Comfort Cream Sneakers,Footwear,Sneakers,Women,2199,Cream,Brown,Solid,Casual,1,Casual Outing,All Season,Mesh,Standard,DailyMode,4.7,4467,Casual Sneakers in Cream with Brown accents. Designed for casual outing occasions and suitable for all season wear. Made from mesh with a solid pattern and standard fit.
P01877,MetroFit Festive Cream Heels,Footwear,Heels,Women,3099,Cream,Brown,Textured,Party,2,Party,Summer,Synthetic,Standard,MetroFit,4.5,3709,Party Heels in Cream with Brown accents. Designed for party occasions and suitable for summer wear. Made from synthetic with a textured pattern and standard fit.
P00410,DailyMode Refined Cream Printed Blouse,Top,Blouse,Women,2099,Cream,Maroon,Printed,Smart Casual,2,College,Summer,Silk Blend,Slim,DailyMode,4.9,1214,Smart Casual Blouse in Cream with Maroon accents. Designed for college occasions and suitable for summer wear. Made from silk blend with a printed pattern and slim fit.
P00825,VibeWear Executive Black Checked Trousers,Bottom,Trousers,Men,1399,Black,Grey,Checked,Formal,3,Office,Winter,Cotton,Straight,VibeWear,4.2,66,Formal Trousers in Black with Grey accents. Designed for office occasions and suitable for winter wear. Made from cotton with a checked pattern and straight fit.
P02262,Northline Classic Brown Printed Backpack,Accessory,Backpack,Women,2499,Brown,Black,Printed,Casual,1,College,All Season,Polyester,Standard,Northline,4.4,1101,Casual Backpack in Brown with Black accents. Designed for college occasions and suitable for all season wear. Made from polyester with a printed pattern and standard fit.
P00507,VibeWear Classic Black Striped Knit Top,Top,Knit Top,Women,1199,Black,Navy,Striped,Smart Casual,2,College,All Season,Cotton,Regular,VibeWear,4.3,4677,Smart Casual Knit Top in Black with Navy accents. Designed for college occasions and suitable for all season wear. Made from cotton with a striped pattern and regular fit.
P01296,ModaStreet Classic Maroon Blazer,Outerwear,Blazer,Men,5599,Maroon,Grey,Textured,Formal,3,Office,Winter,Wool Blend,Regular,ModaStreet,4.6,4993,Formal Blazer in Maroon with Grey accents. Designed for office occasions and suitable for winter wear. Made from wool blend with a textured pattern and regular fit.
P01013,ModaStreet Essential Brown Printed Skirt,Bottom,Skirt,Women,1499,Brown,White,Printed,Casual,1,Casual Outing,Winter,Denim,Straight,ModaStreet,4.6,2011,Casual Skirt in Brown with White accents. Designed for casual outing occasions and suitable for winter wear. Made from denim with a printed pattern and straight fit.
P00359,ClassicEdge Executive Maroon Striped Blouse,Top,Blouse,Women,799,Maroon,Grey,Striped,Formal,3,Office,All Season,Rayon,Relaxed,ClassicEdge,4.4,3133,Formal Blouse in Maroon with Grey accents. Designed for office occasions and suitable for all season wear. Made from rayon with a striped pattern and relaxed fit.
P00886,StyleCraft Comfort Cream Chinos,Bottom,Chinos,Men,1299,Cream,Olive,Textured,Casual,1,College,Summer,Cotton Blend,Regular,StyleCraft,4.1,4295,Casual Chinos in Cream with Olive accents. Designed for college occasions and suitable for summer wear. Made from cotton blend with a textured pattern and regular fit.
P00783,TrendAura Executive Blue Checked Trousers,Bottom,Trousers,Women,1299,Blue,White,Checked,Formal,3,Office,All Season,Polyester,Regular,TrendAura,3.5,3092,Formal Trousers in Blue with White accents. Designed for office occasions and suitable for all season wear. Made from polyester with a checked pattern and regular fit.
P01800,Northline Executive Maroon Formal Shoes,Footwear,Formal Shoes,Men,2699,Maroon,Beige,Solid,Formal,3,Farewell,All Season,Leather,Standard,Northline,3.8,1214,Formal Shoes in Maroon with Beige accents. Designed for farewell occasions and suitable for all season wear. Made from leather with a solid pattern and standard fit.
P01167,Northline Comfort Navy Casual Dress,Dress,Casual Dress,Women,3099,Navy,Beige,Solid,Casual,1,Casual Outing,All Season,Cotton,Relaxed,Northline,4.6,3813,Casual Dress in Navy with Beige accents. Designed for casual outing occasions and suitable for all season wear. Made from cotton with a solid pattern and relaxed fit.
P01101,UrbanThread Premium Black Casual Dress,Dress,Casual Dress,Women,2999,Black,White,Solid,Smart Casual,2,Casual Outing,All Season,Rayon,Relaxed,UrbanThread,4.2,1186,Smart Casual Casual Dress in Black with White accents. Designed for casual outing occasions and suitable for all season wear. Made from rayon with a solid pattern and relaxed fit.
P01726,DailyMode Executive Green Loafers,Footwear,Loafers,Men,3799,Green,Black,Solid,Formal,3,Office,Winter,Leather,Standard,DailyMode,3.8,85,Formal Loafers in Green with Black accents. Designed for office occasions and suitable for winter wear. Made from leather with a solid pattern and standard fit.
P01649,MetroFit Active Cream Printed Sneakers,Footwear,Sneakers,Unisex,3899,Cream,Maroon,Printed,Sporty,1,College,Winter,Synthetic,Standard,MetroFit,3.5,2784,Sporty Sneakers in Cream with Maroon accents. Designed for college occasions and suitable for winter wear. Made from synthetic with a printed pattern and standard fit.
P01927,ClassicEdge Stylish Brown Heels,Footwear,Heels,Women,3099,Brown,Black,Textured,Party,2,Party,Summer,Faux Leather,Standard,ClassicEdge,4.0,4160,Party Heels in Brown with Black accents. Designed for party occasions and suitable for summer wear. Made from faux leather with a textured pattern and standard fit.
P00819,ModaStreet Elegant Maroon Trousers,Bottom,Trousers,Women,1599,Maroon,Navy,Textured,Formal,3,Farewell,Summer,Cotton,Slim,ModaStreet,3.6,2774,Formal Trousers in Maroon with Navy accents. Designed for farewell occasions and suitable for summer wear. Made from cotton with a textured pattern and slim fit.
P00137,ModaStreet Classic Maroon T-Shirt,Top,T-Shirt,Women,1699,Maroon,Beige,Textured,Casual,1,Casual Outing,Monsoon,Cotton,Oversized,ModaStreet,4.9,3569,Casual T-Shirt in Maroon with Beige accents. Designed for casual outing occasions and suitable for monsoon wear. Made from cotton with a textured pattern and oversized fit.
P01472,VibeWear Refined Blue Denim Jacket,Outerwear,Denim Jacket,Women,3999,Blue,Brown,Textured,Smart Casual,2,Farewell,Monsoon,Denim,Relaxed,VibeWear,3.8,3439,Smart Casual Denim Jacket in Blue with Brown accents. Designed for farewell occasions and suitable for monsoon wear. Made from denim with a textured pattern and relaxed fit.
P02254,VibeWear Comfort Pink Backpack,Accessory,Backpack,Unisex,1499,Pink,White,Textured,Casual,1,Casual Outing,Monsoon,Canvas,Standard,VibeWear,4.5,4857,Casual Backpack in Pink with White accents. Designed for casual outing occasions and suitable for monsoon wear. Made from canvas with a textured pattern and standard fit.
P00761,ClassicEdge Elegant Brown Checked Trousers,Bottom,Trousers,Men,1599,Brown,Navy,Checked,Formal,3,Farewell,Winter,Polyester,Straight,ClassicEdge,4.0,4150,Formal Trousers in Brown with Navy accents. Designed for farewell occasions and suitable for winter wear. Made from polyester with a checked pattern and straight fit.
P00696,Northline Executive Green Trousers,Bottom,Trousers,Men,3099,Green,Cream,Solid,Formal,3,Farewell,Summer,Cotton,Straight,Northline,4.3,4715,Formal Trousers in Green with Cream accents. Designed for farewell occasions and suitable for summer wear. Made from cotton with a solid pattern and straight fit.
P02147,ClassicEdge Refined Pink Watch,Accessory,Watch,Women,2899,Pink,White,Solid,Smart Casual,2,Farewell,All Season,Synthetic,Standard,ClassicEdge,4.1,4619,Smart Casual Watch in Pink with White accents. Designed for farewell occasions and suitable for all season wear. Made from synthetic with a solid pattern and standard fit.
P01111,Northline Comfort Black Printed Casual Dress,Dress,Casual Dress,Women,1899,Black,Cream,Printed,Casual,1,College,Summer,Linen,Relaxed,Northline,4.2,2563,Casual Dress in Black with Cream accents. Designed for college occasions and suitable for summer wear. Made from linen with a printed pattern and relaxed fit.
P01353,VibeWear Classic White Blazer,Outerwear,Blazer,Women,5199,White,Blue,Solid,Smart Casual,2,Farewell,All Season,Wool Blend,Regular,VibeWear,3.5,386,Smart Casual Blazer in White with Blue accents. Designed for farewell occasions and suitable for all season wear. Made from wool blend with a solid pattern and regular fit.
P00001,DailyMode Everyday Cream Printed T-Shirt,Top,T-Shirt,Men,1399,Cream,Brown,Printed,Casual,1,Casual Outing,All Season,Polyester,Regular,DailyMode,4.1,269,Casual T-Shirt in Cream with Brown accents. Designed for casual outing occasions and suitable for all season wear. Made from polyester with a printed pattern and regular fit.
P01467,MetroFit Everyday Beige Denim Jacket,Outerwear,Denim Jacket,Women,3699,Beige,Black,Textured,Casual,1,Casual Outing,Monsoon,Denim,Relaxed,MetroFit,4.3,1106,Casual Denim Jacket in Beige with Black accents. Designed for casual outing occasions and suitable for monsoon wear. Made from denim with a textured pattern and relaxed fit.
P01396,ModaStreet Essential Grey Denim Jacket,Outerwear,Denim Jacket,Women,2599,Grey,Blue,Textured,Casual,1,Casual Outing,Winter,Denim,Regular,ModaStreet,4.7,3506,Casual Denim Jacket in Grey with Blue accents. Designed for casual outing occasions and suitable for winter wear. Made from denim with a textured pattern and regular fit.
P01725,ModaStreet Premium Pink Loafers,Footwear,Loafers,Women,3399,Pink,Navy,Solid,Smart Casual,2,Farewell,Winter,Suede,Standard,ModaStreet,4.3,1064,Smart Casual Loafers in Pink with Navy accents. Designed for farewell occasions and suitable for winter wear. Made from suede with a solid pattern and standard fit.
P00150,UrbanThread Essential Cream T-Shirt,Top,T-Shirt,Unisex,899,Cream,Maroon,Textured,Casual,1,College,Monsoon,Cotton,Relaxed,UrbanThread,4.9,4763,Casual T-Shirt in Cream with Maroon accents. Designed for college occasions and suitable for monsoon wear. Made from cotton with a textured pattern and relaxed fit.
P00656,StyleCraft Everyday Blue Jeans,Bottom,Jeans,Men,2499,Blue,Black,Solid,Casual,1,Casual Outing,Summer,Cotton,Straight,StyleCraft,3.5,144,Casual Jeans in Blue with Black accents. Designed for casual outing occasions and suitable for summer wear. Made from cotton with a solid pattern and straight fit.
P01978,UrbanThread Comfort Green Sandals,Footwear,Sandals,Unisex,899,Green,White,Solid,Casual,1,Casual Outing,Summer,Faux Leather,Standard,UrbanThread,3.9,548,Casual Sandals in Green with White accents. Designed for casual outing occasions and suitable for summer wear. Made from faux leather with a solid pattern and standard fit.
P01750,StyleCraft Premium Green Loafers,Footwear,Loafers,Men,4599,Green,Black,Textured,Smart Casual,2,College,Summer,Leather,Standard,StyleCraft,4.2,4704,Smart Casual Loafers in Green with Black accents. Designed for college occasions and suitable for summer wear. Made from leather with a textured pattern and standard fit.
P01983,DailyMode Refined Beige Sandals,Footwear,Sandals,Unisex,1399,Beige,Olive,Textured,Smart Casual,2,Casual Outing,Summer,Faux Leather,Standard,DailyMode,3.7,562,Smart Casual Sandals in Beige with Olive accents. Designed for casual outing occasions and suitable for summer wear. Made from faux leather with a textured pattern and standard fit.
P01829,CoutureLane Classic Cream Formal Shoes,Footwear,Formal Shoes,Men,2499,Cream,Brown,Solid,Formal,3,Office,Winter,Faux Leather,Standard,CoutureLane,3.7,4088,Formal Shoes in Cream with Brown accents. Designed for office occasions and suitable for winter wear. Made from faux leather with a solid pattern and standard fit.
P00364,StyleCraft Festive Black Blouse,Top,Blouse,Women,1399,Black,Navy,Textured,Party,2,Farewell,Winter,Cotton,Slim,StyleCraft,4.3,4435,Party Blouse in Black with Navy accents. Designed for farewell occasions and suitable for winter wear. Made from cotton with a textured pattern and slim fit.
P01207,ClassicEdge Elegant Beige Printed Formal Dress,Dress,Formal Dress,Women,1999,Beige,Maroon,Printed,Formal,3,Farewell,All Season,Rayon,Regular,ClassicEdge,3.6,1565,Formal Dress in Beige with Maroon accents. Designed for farewell occasions and suitable for all season wear. Made from rayon with a printed pattern and regular fit.
P00270,ClassicEdge Everyday Olive Checked Shirt,Top,Shirt,Men,1899,Olive,Black,Checked,Casual,1,College,All Season,Rayon,Relaxed,ClassicEdge,4.6,2507,Casual Shirt in Olive with Black accents. Designed for college occasions and suitable for all season wear. Made from rayon with a checked pattern and relaxed fit.
P01391,ClassicEdge Premium Navy Denim Jacket,Outerwear,Denim Jacket,Men,2999,Navy,Beige,Solid,Smart Casual,2,Farewell,Monsoon,Denim,Relaxed,ClassicEdge,4.7,1096,Smart Casual Denim Jacket in Navy with Beige accents. Designed for farewell occasions and suitable for monsoon wear. Made from denim with a solid pattern and relaxed fit.
P00241,VibeWear Modern Grey Striped Shirt,Top,Shirt,Men,1099,Grey,Blue,Striped,Smart Casual,2,Farewell,Monsoon,Cotton,Slim,VibeWear,3.7,2517,Smart Casual Shirt in Grey with Blue accents. Designed for farewell occasions and suitable for monsoon wear. Made from cotton with a striped pattern and slim fit.
P00867,Northline Modern Pink Chinos,Bottom,Chinos,Men,1299,Pink,White,Solid,Smart Casual,2,Farewell,Winter,Cotton,Slim,Northline,3.8,4176,Smart Casual Chinos in Pink with White accents. Designed for farewell occasions and suitable for winter wear. Made from cotton with a solid pattern and slim fit.
P01293,VibeWear Premium Green Blazer,Outerwear,Blazer,Women,4099,Green,Cream,Solid,Smart Casual,2,Farewell,Winter,Wool Blend,Slim,VibeWear,4.3,1406,Smart Casual Blazer in Green with Cream accents. Designed for farewell occasions and suitable for winter wear. Made from wool blend with a solid pattern and slim fit.
P02083,UrbanThread Elegant Navy Belt,Accessory,Belt,Unisex,899,Navy,Blue,Textured,Formal,3,Office,All Season,Leather,Standard,UrbanThread,3.8,3038,Formal Belt in Navy with Blue accents. Designed for office occasions and suitable for all season wear. Made from leather with a textured pattern and standard fit.
P00971,Northline Elegant Cream Printed Skirt,Bottom,Skirt,Women,2399,Cream,Black,Printed,Party,2,Party,Summer,Polyester,A-Line,Northline,3.7,2202,Party Skirt in Cream with Black accents. Designed for party occasions and suitable for summer wear. Made from polyester with a printed pattern and a-line fit.
P01736,UrbanThread Classic Brown Loafers,Footwear,Loafers,Men,4999,Brown,Beige,Solid,Smart Casual,2,Casual Outing,Summer,Faux Leather,Standard,UrbanThread,3.5,4357,Smart Casual Loafers in Brown with Beige accents. Designed for casual outing occasions and suitable for summer wear. Made from faux leather with a solid pattern and standard fit.
P00088,MetroFit Performance Blue T-Shirt,Top,T-Shirt,Men,599,Blue,Black,Solid,Sporty,1,Casual Outing,All Season,Cotton,Relaxed,MetroFit,4.7,4565,Sporty T-Shirt in Blue with Black accents. Designed for casual outing occasions and suitable for all season wear. Made from cotton with a solid pattern and relaxed fit.
P01090,VibeWear Refined Grey Printed Casual Dress,Dress,Casual Dress,Women,1899,Grey,Beige,Printed,Smart Casual,2,Farewell,Summer,Cotton,Regular,VibeWear,4.2,4113,Smart Casual Casual Dress in Grey with Beige accents. Designed for farewell occasions and suitable for summer wear. Made from cotton with a printed pattern and regular fit.
P00733,Northline Executive Navy Trousers,Bottom,Trousers,Men,2899,Navy,Cream,Solid,Formal,3,Office,All Season,Polyester,Slim,Northline,4.1,4326,Formal Trousers in Navy with Cream accents. Designed for office occasions and suitable for all season wear. Made from polyester with a solid pattern and slim fit.
P00771,DailyMode Elegant Olive Checked Trousers,Bottom,Trousers,Men,2799,Olive,Beige,Checked,Formal,3,Farewell,All Season,Wool Blend,Straight,DailyMode,3.7,1773,Formal Trousers in Olive with Beige accents. Designed for farewell occasions and suitable for all season wear. Made from wool blend with a checked pattern and straight fit.
P01234,TrendAura Classic Grey Formal Dress,Dress,Formal Dress,Women,3999,Grey,Black,Solid,Formal,3,Office,Winter,Polyester,A-Line,TrendAura,4.6,4582,Formal Dress in Grey with Black accents. Designed for office occasions and suitable for winter wear. Made from polyester with a solid pattern and a-line fit.
P01080,StyleCraft Everyday Beige Striped Casual Dress,Dress,Casual Dress,Women,1399,Beige,Maroon,Striped,Casual,1,College,Summer,Cotton,A-Line,StyleCraft,4.5,1659,Casual Dress in Beige with Maroon accents. Designed for college occasions and suitable for summer wear. Made from cotton with a striped pattern and a-line fit.
P00615,StyleCraft Classic Pink Jeans,Bottom,Jeans,Men,1999,Pink,Grey,Solid,Casual,1,College,All Season,Denim,Slim,StyleCraft,4.8,1892,Casual Jeans in Pink with Grey accents. Designed for college occasions and suitable for all season wear. Made from denim with a solid pattern and slim fit.
P00943,VibeWear Premium Grey Chinos,Bottom,Chinos,Men,2499,Grey,White,Textured,Smart Casual,2,Farewell,Winter,Cotton Blend,Regular,VibeWear,3.5,2684,Smart Casual Chinos in Grey with White accents. Designed for farewell occasions and suitable for winter wear. Made from cotton blend with a textured pattern and regular fit.
P01264,CoutureLane Premium Brown Formal Dress,Dress,Formal Dress,Women,3399,Brown,Cream,Solid,Formal,3,Farewell,All Season,Silk Blend,A-Line,CoutureLane,4.5,4908,Formal Dress in Brown with Cream accents. Designed for farewell occasions and suitable for all season wear. Made from silk blend with a solid pattern and a-line fit.
P02158,TrendAura Everyday Olive Watch,Accessory,Watch,Women,4599,Olive,Brown,Solid,Casual,1,Casual Outing,All Season,Synthetic,Standard,TrendAura,4.4,2106,Casual Watch in Olive with Brown accents. Designed for casual outing occasions and suitable for all season wear. Made from synthetic with a solid pattern and standard fit.
P00442,MetroFit Refined Beige Knit Top,Top,Knit Top,Women,999,Beige,Olive,Textured,Smart Casual,2,Casual Outing,All Season,Rayon,Slim,MetroFit,4.1,901,Smart Casual Knit Top in Beige with Olive accents. Designed for casual outing occasions and suitable for all season wear. Made from rayon with a textured pattern and slim fit.
P00502,CoutureLane Modern Cream Striped Knit Top,Top,Knit Top,Women,1099,Cream,Brown,Striped,Smart Casual,2,Farewell,Winter,Wool Blend,Slim,CoutureLane,4.4,982,Smart Casual Knit Top in Cream with Brown accents. Designed for farewell occasions and suitable for winter wear. Made from wool blend with a striped pattern and slim fit.
P00645,Northline Comfort Grey Jeans,Bottom,Jeans,Men,2799,Grey,White,Solid,Casual,1,College,Summer,Denim,Straight,Northline,3.6,495,Casual Jeans in Grey with White accents. Designed for college occasions and suitable for summer wear. Made from denim with a solid pattern and straight fit.
P00382,ModaStreet Modern Beige Blouse,Top,Blouse,Women,1199,Beige,Maroon,Textured,Smart Casual,2,Casual Outing,Winter,Rayon,Regular,ModaStreet,4.2,2619,Smart Casual Blouse in Beige with Maroon accents. Designed for casual outing occasions and suitable for winter wear. Made from rayon with a textured pattern and regular fit.
P00156,CoutureLane Performance Grey Striped T-Shirt,Top,T-Shirt,Women,799,Grey,Maroon,Striped,Sporty,1,Casual Outing,Monsoon,Cotton,Oversized,CoutureLane,4.7,2246,Sporty T-Shirt in Grey with Maroon accents. Designed for casual outing occasions and suitable for monsoon wear. Made from cotton with a striped pattern and oversized fit.
P00090,ModaStreet Essential Grey Striped T-Shirt,Top,T-Shirt,Men,1299,Grey,Black,Striped,Casual,1,Casual Outing,Monsoon,Cotton,Regular,ModaStreet,3.7,545,Casual T-Shirt in Grey with Black accents. Designed for casual outing occasions and suitable for monsoon wear. Made from cotton with a striped pattern and regular fit.
P01912,TrendAura Stylish Navy Heels,Footwear,Heels,Women,3599,Navy,Blue,Textured,Party,2,Party,Summer,Synthetic,Standard,TrendAura,4.3,749,Party Heels in Navy with Blue accents. Designed for party occasions and suitable for summer wear. Made from synthetic with a textured pattern and standard fit.
P01777,ModaStreet Elegant Pink Loafers,Footwear,Loafers,Women,4299,Pink,Navy,Solid,Formal,3,Office,All Season,Leather,Standard,ModaStreet,3.6,2126,Formal Loafers in Pink with Navy accents. Designed for office occasions and suitable for all season wear. Made from leather with a solid pattern and standard fit.
P00730,TrendAura Classic Navy Trousers,Bottom,Trousers,Men,2999,Navy,Beige,Solid,Formal,3,Office,All Season,Polyester,Slim,TrendAura,4.9,3023,Formal Trousers in Navy with Beige accents. Designed for office occasions and suitable for all season wear. Made from polyester with a solid pattern and slim fit.
P00942,StyleCraft Classic Grey Chinos,Bottom,Chinos,Men,2599,Grey,Black,Textured,Smart Casual,2,Casual Outing,All Season,Cotton Blend,Straight,StyleCraft,4.0,4934,Smart Casual Chinos in Grey with Black accents. Designed for casual outing occasions and suitable for all season wear. Made from cotton blend with a textured pattern and straight fit.
P02217,CoutureLane Essential Pink Printed Shoulder Bag,Accessory,Shoulder Bag,Unisex,2399,Pink,Navy,Printed,Casual,1,Casual Outing,All Season,Leather,Standard,CoutureLane,4.3,3862,Casual Shoulder Bag in Pink with Navy accents. Designed for casual outing occasions and suitable for all season wear. Made from leather with a printed pattern and standard fit.
P02026,MetroFit Everyday Pink Sandals,Footwear,Sandals,Unisex,2199,Pink,Grey,Solid,Casual,1,Casual Outing,Summer,Synthetic,Standard,MetroFit,4.1,4039,Casual Sandals in Pink with Grey accents. Designed for casual outing occasions and suitable for summer wear. Made from synthetic with a solid pattern and standard fit.
P01665,VibeWear Active Navy Sneakers,Footwear,Sneakers,Unisex,4299,Navy,Beige,Textured,Sporty,1,College,All Season,Synthetic,Standard,VibeWear,4.7,3373,Sporty Sneakers in Navy with Beige accents. Designed for college occasions and suitable for all season wear. Made from synthetic with a textured pattern and standard fit.
P01520,DailyMode Refined Grey Overshirt,Outerwear,Overshirt,Women,1699,Grey,Black,Solid,Smart Casual,2,College,Monsoon,Linen,Relaxed,DailyMode,3.8,4885,Smart Casual Overshirt in Grey with Black accents. Designed for college occasions and suitable for monsoon wear. Made from linen with a solid pattern and relaxed fit.
P01023,VibeWear Refined Cream Skirt,Bottom,Skirt,Women,1599,Cream,Maroon,Solid,Smart Casual,2,Casual Outing,Winter,Polyester,A-Line,VibeWear,4.3,4508,Smart Casual Skirt in Cream with Maroon accents. Designed for casual outing occasions and suitable for winter wear. Made from polyester with a solid pattern and a-line fit.
P00026,ModaStreet Essential Green T-Shirt,Top,T-Shirt,Women,1299,Green,Black,Solid,Casual,1,College,Monsoon,Cotton,Regular,ModaStreet,4.5,4619,Casual T-Shirt in Green with Black accents. Designed for college occasions and suitable for monsoon wear. Made from cotton with a solid pattern and regular fit.
P00808,CoutureLane Executive White Trousers,Bottom,Trousers,Men,1899,White,Navy,Textured,Formal,3,Farewell,All Season,Wool Blend,Regular,CoutureLane,3.5,1795,Formal Trousers in White with Navy accents. Designed for farewell occasions and suitable for all season wear. Made from wool blend with a textured pattern and regular fit.
P00392,ClassicEdge Stylish Maroon Striped Blouse,Top,Blouse,Women,2099,Maroon,Beige,Striped,Party,2,Farewell,All Season,Rayon,Slim,ClassicEdge,4.7,2674,Party Blouse in Maroon with Beige accents. Designed for farewell occasions and suitable for all season wear. Made from rayon with a striped pattern and slim fit.
P02256,UrbanThread Classic Green Printed Backpack,Accessory,Backpack,Women,1599,Green,Beige,Printed,Casual,1,Casual Outing,All Season,Canvas,Standard,UrbanThread,4.1,856,Casual Backpack in Green with Beige accents. Designed for casual outing occasions and suitable for all season wear. Made from canvas with a printed pattern and standard fit.
P01737,StyleCraft Classic Grey Loafers,Footwear,Loafers,Women,4599,Grey,Blue,Solid,Smart Casual,2,Farewell,Summer,Suede,Standard,StyleCraft,4.7,3908,Smart Casual Loafers in Grey with Blue accents. Designed for farewell occasions and suitable for summer wear. Made from suede with a solid pattern and standard fit.
P01762,MetroFit Refined Beige Loafers,Footwear,Loafers,Men,4999,Beige,Navy,Textured,Smart Casual,2,Casual Outing,All Season,Faux Leather,Standard,MetroFit,4.9,1925,Smart Casual Loafers in Beige with Navy accents. Designed for casual outing occasions and suitable for all season wear. Made from faux leather with a textured pattern and standard fit.
P01001,TrendAura Classic Black Skirt,Bottom,Skirt,Women,1499,Black,Blue,Solid,Casual,1,College,Summer,Polyester,A-Line,TrendAura,3.6,2881,Casual Skirt in Black with Blue accents. Designed for college occasions and suitable for summer wear. Made from polyester with a solid pattern and a-line fit.
P02301,StyleCraft Essential White Backpack,Accessory,Backpack,Men,999,White,Maroon,Textured,Casual,1,Casual Outing,Summer,Polyester,Standard,StyleCraft,4.9,2302,Casual Backpack in White with Maroon accents. Designed for casual outing occasions and suitable for summer wear. Made from polyester with a textured pattern and standard fit.
P01374,UrbanThread Premium Navy Blazer,Outerwear,Blazer,Women,6899,Navy,Grey,Solid,Formal,3,Office,All Season,Polyester,Regular,UrbanThread,4.4,3107,Formal Blazer in Navy with Grey accents. Designed for office occasions and suitable for all season wear. Made from polyester with a solid pattern and regular fit.
P01229,ClassicEdge Festive Beige Printed Formal Dress,Dress,Formal Dress,Women,4799,Beige,White,Printed,Party,2,Party,Winter,Rayon,Slim,ClassicEdge,4.6,4387,Party Formal Dress in Beige with White accents. Designed for party occasions and suitable for winter wear. Made from rayon with a printed pattern and slim fit.
P01492,ClassicEdge Comfort Beige Overshirt,Outerwear,Overshirt,Women,1899,Beige,Brown,Solid,Casual,1,Casual Outing,All Season,Denim,Regular,ClassicEdge,4.8,1240,Casual Overshirt in Beige with Brown accents. Designed for casual outing occasions and suitable for all season wear. Made from denim with a solid pattern and regular fit.
P01692,StyleCraft Modern White Sneakers,Footwear,Sneakers,Men,4399,White,Maroon,Solid,Smart Casual,2,Farewell,All Season,Synthetic,Standard,StyleCraft,3.8,4121,Smart Casual Sneakers in White with Maroon accents. Designed for farewell occasions and suitable for all season wear. Made from synthetic with a solid pattern and standard fit.
P00223,Northline Refined Beige Shirt,Top,Shirt,Men,2199,Beige,Maroon,Solid,Smart Casual,2,Casual Outing,Winter,Cotton,Slim,Northline,4.4,3649,Smart Casual Shirt in Beige with Maroon accents. Designed for casual outing occasions and suitable for winter wear. Made from cotton with a solid pattern and slim fit.
P00499,ModaStreet Classic Maroon Knit Top,Top,Knit Top,Women,1099,Maroon,Beige,Solid,Casual,1,College,All Season,Rayon,Relaxed,ModaStreet,3.7,982,Casual Knit Top in Maroon with Beige accents. Designed for college occasions and suitable for all season wear. Made from rayon with a solid pattern and relaxed fit.
P01980,UrbanThread Modern Black Sandals,Footwear,Sandals,Women,1999,Black,Blue,Textured,Smart Casual,2,Farewell,All Season,Synthetic,Standard,UrbanThread,4.2,2628,Smart Casual Sandals in Black with Blue accents. Designed for farewell occasions and suitable for all season wear. Made from synthetic with a textured pattern and standard fit.
P02236,CoutureLane Classic Olive Shoulder Bag,Accessory,Shoulder Bag,Women,999,Olive,Cream,Textured,Casual,1,Casual Outing,Winter,Leather,Standard,CoutureLane,4.4,2895,Casual Shoulder Bag in Olive with Cream accents. Designed for casual outing occasions and suitable for winter wear. Made from leather with a textured pattern and standard fit.
P00415,ClassicEdge Stylish Pink Striped Blouse,Top,Blouse,Women,2499,Pink,Navy,Striped,Party,2,Farewell,Winter,Rayon,Regular,ClassicEdge,4.2,340,Party Blouse in Pink with Navy accents. Designed for farewell occasions and suitable for winter wear. Made from rayon with a striped pattern and regular fit.
P01162,CoutureLane Refined Beige Printed Casual Dress,Dress,Casual Dress,Women,1799,Beige,Navy,Printed,Smart Casual,2,Casual Outing,All Season,Rayon,Relaxed,CoutureLane,3.8,4821,Smart Casual Casual Dress in Beige with Navy accents. Designed for casual outing occasions and suitable for all season wear. Made from rayon with a printed pattern and relaxed fit.
P00222,StyleCraft Classic Cream Checked Shirt,Top,Shirt,Women,1999,Cream,Brown,Checked,Formal,3,Farewell,Monsoon,Cotton,Regular,StyleCraft,4.7,1148,Formal Shirt in Cream with Brown accents. Designed for farewell occasions and suitable for monsoon wear. Made from cotton with a checked pattern and regular fit.
P02206,MetroFit Classic Blue Shoulder Bag,Accessory,Shoulder Bag,Unisex,1299,Blue,Beige,Textured,Smart Casual,2,College,All Season,Canvas,Standard,MetroFit,4.2,4063,Smart Casual Shoulder Bag in Blue with Beige accents. Designed for college occasions and suitable for all season wear. Made from canvas with a textured pattern and standard fit.
P02032,MetroFit Executive Black Belt,Accessory,Belt,Unisex,1399,Black,Maroon,Textured,Formal,3,Office,All Season,Leather,Standard,MetroFit,3.8,793,Formal Belt in Black with Maroon accents. Designed for office occasions and suitable for all season wear. Made from leather with a textured pattern and standard fit.
P00759,StyleCraft Modern Navy Trousers,Bottom,Trousers,Men,1899,Navy,Cream,Solid,Smart Casual,2,Farewell,All Season,Polyester,Straight,StyleCraft,4.3,2557,Smart Casual Trousers in Navy with Cream accents. Designed for farewell occasions and suitable for all season wear. Made from polyester with a solid pattern and straight fit.
P00045,ClassicEdge Performance Maroon T-Shirt,Top,T-Shirt,Men,1499,Maroon,White,Textured,Sporty,1,College,Monsoon,Cotton,Oversized,ClassicEdge,3.6,354,Sporty T-Shirt in Maroon with White accents. Designed for college occasions and suitable for monsoon wear. Made from cotton with a textured pattern and oversized fit.
P01269,UrbanThread Statement Brown Formal Dress,Dress,Formal Dress,Women,2499,Brown,Navy,Textured,Party,2,Party,Winter,Polyester,Regular,UrbanThread,4.5,3519,Party Formal Dress in Brown with Navy accents. Designed for party occasions and suitable for winter wear. Made from polyester with a textured pattern and regular fit.
P02219,UrbanThread Essential Navy Shoulder Bag,Accessory,Shoulder Bag,Women,2699,Navy,Beige,Solid,Casual,1,College,Summer,Faux Leather,Standard,UrbanThread,4.9,1400,Casual Shoulder Bag in Navy with Beige accents. Designed for college occasions and suitable for summer wear. Made from faux leather with a solid pattern and standard fit.
P00419,ClassicEdge Statement White Printed Blouse,Top,Blouse,Women,2399,White,Maroon,Printed,Party,2,Party,Winter,Cotton,Regular,ClassicEdge,4.5,4216,Party Blouse in White with Maroon accents. Designed for party occasions and suitable for winter wear. Made from cotton with a printed pattern and regular fit.
P00479,CoutureLane Modern Navy Striped Knit Top,Top,Knit Top,Women,1599,Navy,Blue,Striped,Smart Casual,2,Farewell,Winter,Cotton,Relaxed,CoutureLane,4.0,62,Smart Casual Knit Top in Navy with Blue accents. Designed for farewell occasions and suitable for winter wear. Made from cotton with a striped pattern and relaxed fit.
P01825,ClassicEdge Elegant Beige Formal Shoes,Footwear,Formal Shoes,Men,4599,Beige,Navy,Textured,Formal,3,Farewell,All Season,Faux Leather,Standard,ClassicEdge,3.6,3650,Formal Shoes in Beige with Navy accents. Designed for farewell occasions and suitable for all season wear. Made from faux leather with a textured pattern and standard fit.
P00437,UrbanThread Executive Grey Blouse,Top,Blouse,Women,1399,Grey,Black,Textured,Formal,3,Office,All Season,Rayon,Regular,UrbanThread,4.3,4525,Formal Blouse in Grey with Black accents. Designed for office occasions and suitable for all season wear. Made from rayon with a textured pattern and regular fit.
P02151,CoutureLane Executive Olive Watch,Accessory,Watch,Unisex,4899,Olive,Brown,Textured,Formal,3,Office,All Season,Synthetic,Standard,CoutureLane,4.8,2306,Formal Watch in Olive with Brown accents. Designed for office occasions and suitable for all season wear. Made from synthetic with a textured pattern and standard fit.
P01239,MetroFit Stylish Brown Printed Formal Dress,Dress,Formal Dress,Women,3499,Brown,White,Printed,Party,2,Farewell,Summer,Silk Blend,Regular,MetroFit,3.9,4991,Party Formal Dress in Brown with White accents. Designed for farewell occasions and suitable for summer wear. Made from silk blend with a printed pattern and regular fit.
P01318,DailyMode Classic Blue Checked Blazer,Outerwear,Blazer,Women,4999,Blue,Navy,Checked,Formal,3,Farewell,All Season,Wool Blend,Slim,DailyMode,3.7,1146,Formal Blazer in Blue with Navy accents. Designed for farewell occasions and suitable for all season wear. Made from wool blend with a checked pattern and slim fit.
P00184,ModaStreet Modern Maroon Striped Shirt,Top,Shirt,Women,1199,Maroon,Grey,Striped,Smart Casual,2,Casual Outing,Summer,Rayon,Regular,ModaStreet,4.2,1999,Smart Casual Shirt in Maroon with Grey accents. Designed for casual outing occasions and suitable for summer wear. Made from rayon with a striped pattern and regular fit.
P00950,DailyMode Essential Pink Chinos,Bottom,Chinos,Men,2699,Pink,Black,Textured,Casual,1,Casual Outing,All Season,Cotton Blend,Regular,DailyMode,4.8,127,Casual Chinos in Pink with Black accents. Designed for casual outing occasions and suitable for all season wear. Made from cotton blend with a textured pattern and regular fit.
P01422,StyleCraft Essential Maroon Denim Jacket,Outerwear,Denim Jacket,Women,3299,Maroon,Beige,Textured,Casual,1,College,Winter,Denim,Relaxed,StyleCraft,4.1,764,Casual Denim Jacket in Maroon with Beige accents. Designed for college occasions and suitable for winter wear. Made from denim with a textured pattern and relaxed fit.
P00034,MetroFit Sport Navy T-Shirt,Top,T-Shirt,Unisex,1099,Navy,Cream,Textured,Sporty,1,Casual Outing,Summer,Polyester,Oversized,MetroFit,4.3,28,Sporty T-Shirt in Navy with Cream accents. Designed for casual outing occasions and suitable for summer wear. Made from polyester with a textured pattern and oversized fit.
P01416,VibeWear Modern Brown Denim Jacket,Outerwear,Denim Jacket,Women,1999,Brown,Black,Textured,Smart Casual,2,Casual Outing,All Season,Denim,Oversized,VibeWear,3.5,3244,Smart Casual Denim Jacket in Brown with Black accents. Designed for casual outing occasions and suitable for all season wear. Made from denim with a textured pattern and oversized fit.
P00863,ModaStreet Modern Cream Chinos,Bottom,Chinos,Men,1999,Cream,Black,Solid,Smart Casual,2,Farewell,All Season,Cotton Blend,Straight,ModaStreet,4.6,2272,Smart Casual Chinos in Cream with Black accents. Designed for farewell occasions and suitable for all season wear. Made from cotton blend with a solid pattern and straight fit.
P01776,TrendAura Premium Black Loafers,Footwear,Loafers,Men,3899,Black,Navy,Solid,Formal,3,Office,Winter,Leather,Standard,TrendAura,4.6,4358,Formal Loafers in Black with Navy accents. Designed for office occasions and suitable for winter wear. Made from leather with a solid pattern and standard fit.
P01569,CoutureLane Dynamic Olive Sneakers,Footwear,Sneakers,Unisex,2199,Olive,Cream,Solid,Sporty,1,Casual Outing,Monsoon,Mesh,Standard,CoutureLane,4.1,4146,Sporty Sneakers in Olive with Cream accents. Designed for casual outing occasions and suitable for monsoon wear. Made from mesh with a solid pattern and standard fit.
P01359,TrendAura Premium Olive Blazer,Outerwear,Blazer,Women,5199,Olive,Black,Solid,Formal,3,Office,Winter,Cotton Blend,Slim,TrendAura,4.7,671,Formal Blazer in Olive with Black accents. Designed for office occasions and suitable for winter wear. Made from cotton blend with a solid pattern and slim fit.
P00173,ClassicEdge Premium Cream Checked Shirt,Top,Shirt,Women,1599,Cream,Olive,Checked,Smart Casual,2,Casual Outing,Winter,Cotton,Regular,ClassicEdge,3.9,1198,Smart Casual Shirt in Cream with Olive accents. Designed for casual outing occasions and suitable for winter wear. Made from cotton with a checked pattern and regular fit.
P01326,UrbanThread Executive Black Blazer,Outerwear,Blazer,Women,5799,Black,Navy,Solid,Formal,3,Farewell,Winter,Cotton Blend,Slim,UrbanThread,3.8,2174,Formal Blazer in Black with Navy accents. Designed for farewell occasions and suitable for winter wear. Made from cotton blend with a solid pattern and slim fit.
P01020,MetroFit Everyday White Skirt,Bottom,Skirt,Women,1299,White,Navy,Textured,Casual,1,College,All Season,Polyester,Relaxed,MetroFit,4.9,1979,Casual Skirt in White with Navy accents. Designed for college occasions and suitable for all season wear. Made from polyester with a textured pattern and relaxed fit.
P00721,Northline Modern Maroon Trousers,Bottom,Trousers,Men,2299,Maroon,White,Solid,Smart Casual,2,Casual Outing,Summer,Cotton,Straight,Northline,4.1,4916,Smart Casual Trousers in Maroon with White accents. Designed for casual outing occasions and suitable for summer wear. Made from cotton with a solid pattern and straight fit.
P02105,ModaStreet Modern Beige Watch,Accessory,Watch,Men,2199,Beige,Black,Solid,Smart Casual,2,Farewell,All Season,Leather,Standard,ModaStreet,4.5,1791,Smart Casual Watch in Beige with Black accents. Designed for farewell occasions and suitable for all season wear. Made from leather with a solid pattern and standard fit.
P02275,UrbanThread Performance Olive Printed Backpack,Accessory,Backpack,Unisex,1199,Olive,White,Printed,Sporty,1,College,Winter,Canvas,Standard,UrbanThread,4.0,4589,Sporty Backpack in Olive with White accents. Designed for college occasions and suitable for winter wear. Made from canvas with a printed pattern and standard fit.
P02035,DailyMode Classic Brown Belt,Accessory,Belt,Men,1299,Brown,Beige,Textured,Formal,3,Office,All Season,Faux Leather,Standard,DailyMode,3.7,3646,Formal Belt in Brown with Beige accents. Designed for office occasions and suitable for all season wear. Made from faux leather with a textured pattern and standard fit.
P00194,VibeWear Premium Navy Checked Shirt,Top,Shirt,Women,2399,Navy,Grey,Checked,Smart Casual,2,Casual Outing,Winter,Rayon,Regular,VibeWear,3.7,1394,Smart Casual Shirt in Navy with Grey accents. Designed for casual outing occasions and suitable for winter wear. Made from rayon with a checked pattern and regular fit.
P00620,StyleCraft Classic Beige Jeans,Bottom,Jeans,Men,1299,Beige,Maroon,Solid,Casual,1,College,Summer,Denim,Straight,StyleCraft,4.8,3645,Casual Jeans in Beige with Maroon accents. Designed for college occasions and suitable for summer wear. Made from denim with a solid pattern and straight fit.
P00855,ModaStreet Essential White Chinos,Bottom,Chinos,Men,1699,White,Black,Solid,Casual,1,College,All Season,Cotton,Slim,ModaStreet,3.9,2598,Casual Chinos in White with Black accents. Designed for college occasions and suitable for all season wear. Made from cotton with a solid pattern and slim fit.
P01540,MetroFit Everyday Navy Checked Overshirt,Outerwear,Overshirt,Men,2299,Navy,Grey,Checked,Casual,1,College,All Season,Cotton,Regular,MetroFit,4.0,4397,Casual Overshirt in Navy with Grey accents. Designed for college occasions and suitable for all season wear. Made from cotton with a checked pattern and regular fit.
P00593,TrendAura Everyday Cream Jeans,Bottom,Jeans,Men,1399,Cream,Beige,Textured,Casual,1,College,Winter,Cotton,Slim,TrendAura,3.6,1090,Casual Jeans in Cream with Beige accents. Designed for college occasions and suitable for winter wear. Made from cotton with a textured pattern and slim fit.
P00440,CoutureLane Executive Navy Blouse,Top,Blouse,Women,2199,Navy,White,Solid,Formal,3,Farewell,All Season,Silk Blend,Relaxed,CoutureLane,3.9,3837,Formal Blouse in Navy with White accents. Designed for farewell occasions and suitable for all season wear. Made from silk blend with a solid pattern and relaxed fit.
P02223,ClassicEdge Classic Maroon Shoulder Bag,Accessory,Shoulder Bag,Unisex,1299,Maroon,Grey,Textured,Casual,1,College,Winter,Faux Leather,Standard,ClassicEdge,3.7,4765,Casual Shoulder Bag in Maroon with Grey accents. Designed for college occasions and suitable for winter wear. Made from faux leather with a textured pattern and standard fit.
P01857,UrbanThread Executive Olive Formal Shoes,Footwear,Formal Shoes,Men,4899,Olive,Cream,Solid,Formal,3,Office,All Season,Leather,Standard,UrbanThread,3.9,2259,Formal Shoes in Olive with Cream accents. Designed for office occasions and suitable for all season wear. Made from leather with a solid pattern and standard fit.
P01542,ClassicEdge Essential Black Overshirt,Outerwear,Overshirt,Women,1399,Black,Grey,Solid,Casual,1,Casual Outing,Winter,Cotton,Oversized,ClassicEdge,4.4,630,Casual Overshirt in Black with Grey accents. Designed for casual outing occasions and suitable for winter wear. Made from cotton with a solid pattern and oversized fit.
P02252,ClassicEdge Sport Blue Backpack,Accessory,Backpack,Women,1699,Blue,Brown,Solid,Sporty,1,Casual Outing,Monsoon,Polyester,Standard,ClassicEdge,4.4,455,Sporty Backpack in Blue with Brown accents. Designed for casual outing occasions and suitable for monsoon wear. Made from polyester with a solid pattern and standard fit.
P01894,UrbanThread Premium Grey Heels,Footwear,Heels,Women,4399,Grey,White,Textured,Formal,3,Office,Summer,Faux Leather,Standard,UrbanThread,4.2,869,Formal Heels in Grey with White accents. Designed for office occasions and suitable for summer wear. Made from faux leather with a textured pattern and standard fit.
P00663,TrendAura Comfort Black Jeans,Bottom,Jeans,Women,1199,Black,Blue,Textured,Casual,1,College,Monsoon,Denim,Relaxed,TrendAura,3.8,2738,Casual Jeans in Black with Blue accents. Designed for college occasions and suitable for monsoon wear. Made from denim with a textured pattern and relaxed fit.
P00552,UrbanThread Everyday Pink Jeans,Bottom,Jeans,Women,2899,Pink,Grey,Solid,Casual,1,Casual Outing,All Season,Cotton,Straight,UrbanThread,4.4,1898,Casual Jeans in Pink with Grey accents. Designed for casual outing occasions and suitable for all season wear. Made from cotton with a solid pattern and straight fit.
P01306,Northline Premium Maroon Blazer,Outerwear,Blazer,Men,2699,Maroon,Navy,Solid,Formal,3,Office,All Season,Cotton Blend,Regular,Northline,4.6,4384,Formal Blazer in Maroon with Navy accents. Designed for office occasions and suitable for all season wear. Made from cotton blend with a solid pattern and regular fit.
P00630,ModaStreet Comfort Blue Jeans,Bottom,Jeans,Men,1499,Blue,White,Textured,Casual,1,Casual Outing,Monsoon,Denim,Slim,ModaStreet,3.5,1149,Casual Jeans in Blue with White accents. Designed for casual outing occasions and suitable for monsoon wear. Made from denim with a textured pattern and slim fit.
P00485,UrbanThread Modern Beige Knit Top,Top,Knit Top,Women,1499,Beige,Brown,Textured,Smart Casual,2,College,Winter,Wool Blend,Regular,UrbanThread,3.7,3838,Smart Casual Knit Top in Beige with Brown accents. Designed for college occasions and suitable for winter wear. Made from wool blend with a textured pattern and regular fit.
P00462,MetroFit Refined Green Knit Top,Top,Knit Top,Women,1699,Green,Beige,Textured,Smart Casual,2,Farewell,All Season,Cotton,Slim,MetroFit,4.4,1498,Smart Casual Knit Top in Green with Beige accents. Designed for farewell occasions and suitable for all season wear. Made from cotton with a textured pattern and slim fit.
P00208,ClassicEdge Elegant White Shirt,Top,Shirt,Men,2499,White,Blue,Solid,Formal,3,Farewell,Winter,Linen,Slim,ClassicEdge,4.0,4910,Formal Shirt in White with Blue accents. Designed for farewell occasions and suitable for winter wear. Made from linen with a solid pattern and slim fit.
P00748,VibeWear Elegant Brown Trousers,Bottom,Trousers,Men,1499,Brown,Navy,Solid,Formal,3,Office,All Season,Polyester,Regular,VibeWear,4.0,1069,Formal Trousers in Brown with Navy accents. Designed for office occasions and suitable for all season wear. Made from polyester with a solid pattern and regular fit.
P00515,VibeWear Comfort Olive Knit Top,Top,Knit Top,Women,1099,Olive,Black,Solid,Casual,1,College,All Season,Cotton,Regular,VibeWear,4.6,4920,Casual Knit Top in Olive with Black accents. Designed for college occasions and suitable for all season wear. Made from cotton with a solid pattern and regular fit.
P00200,MetroFit Modern Cream Printed Shirt,Top,Shirt,Men,1199,Cream,Olive,Printed,Smart Casual,2,College,Monsoon,Rayon,Slim,MetroFit,4.6,2933,Smart Casual Shirt in Cream with Olive accents. Designed for college occasions and suitable for monsoon wear. Made from rayon with a printed pattern and slim fit.
P01275,MetroFit Elegant Olive Formal Dress,Dress,Formal Dress,Women,4299,Olive,Black,Solid,Formal,3,Office,Winter,Silk Blend,A-Line,MetroFit,4.6,4717,Formal Dress in Olive with Black accents. Designed for office occasions and suitable for winter wear. Made from silk blend with a solid pattern and a-line fit.
P02170,ClassicEdge Premium Beige Watch,Accessory,Watch,Women,3899,Beige,Brown,Solid,Formal,3,Farewell,All Season,Leather,Standard,ClassicEdge,3.7,442,Formal Watch in Beige with Brown accents. Designed for farewell occasions and suitable for all season wear. Made from leather with a solid pattern and standard fit.
P01363,Northline Premium Green Blazer,Outerwear,Blazer,Women,6199,Green,White,Textured,Formal,3,Office,All Season,Polyester,Slim,Northline,4.1,1010,Formal Blazer in Green with White accents. Designed for office occasions and suitable for all season wear. Made from polyester with a textured pattern and slim fit.
P00317,MetroFit Refined Green Striped Shirt,Top,Shirt,Women,999,Green,Cream,Striped,Smart Casual,2,College,Summer,Cotton,Regular,MetroFit,4.5,2654,Smart Casual Shirt in Green with Cream accents. Designed for college occasions and suitable for summer wear. Made from cotton with a striped pattern and regular fit.
P00056,VibeWear Performance Black Printed T-Shirt,Top,T-Shirt,Women,1499,Black,Blue,Printed,Sporty,1,Casual Outing,Monsoon,Cotton,Regular,VibeWear,4.7,4046,Sporty T-Shirt in Black with Blue accents. Designed for casual outing occasions and suitable for monsoon wear. Made from cotton with a printed pattern and regular fit.
P01526,ClassicEdge Premium Grey Overshirt,Outerwear,Overshirt,Men,1899,Grey,Maroon,Solid,Smart Casual,2,Casual Outing,All Season,Linen,Regular,ClassicEdge,3.9,2705,Smart Casual Overshirt in Grey with Maroon accents. Designed for casual outing occasions and suitable for all season wear. Made from linen with a solid pattern and regular fit.
P00519,Northline Everyday Maroon Knit Top,Top,Knit Top,Women,999,Maroon,Navy,Textured,Casual,1,Casual Outing,All Season,Wool Blend,Regular,Northline,4.6,139,Casual Knit Top in Maroon with Navy accents. Designed for casual outing occasions and suitable for all season wear. Made from wool blend with a textured pattern and regular fit.
P01137,CoutureLane Classic Green Casual Dress,Dress,Casual Dress,Women,2899,Green,Black,Solid,Smart Casual,2,College,All Season,Cotton,Relaxed,CoutureLane,4.8,1151,Smart Casual Casual Dress in Green with Black accents. Designed for college occasions and suitable for all season wear. Made from cotton with a solid pattern and relaxed fit.
P00010,TrendAura Performance White Striped T-Shirt,Top,T-Shirt,Unisex,1199,White,Beige,Striped,Sporty,1,Casual Outing,All Season,Cotton,Relaxed,TrendAura,3.5,2182,Sporty T-Shirt in White with Beige accents. Designed for casual outing occasions and suitable for all season wear. Made from cotton with a striped pattern and relaxed fit.
P00729,Northline Premium Pink Trousers,Bottom,Trousers,Men,1599,Pink,Grey,Textured,Formal,3,Farewell,Summer,Cotton,Slim,Northline,3.6,4502,Formal Trousers in Pink with Grey accents. Designed for farewell occasions and suitable for summer wear. Made from cotton with a textured pattern and slim fit.
P02106,Northline Refined Cream Watch,Accessory,Watch,Women,1599,Cream,Maroon,Textured,Smart Casual,2,Farewell,All Season,Stainless Steel,Standard,Northline,4.3,1258,Smart Casual Watch in Cream with Maroon accents. Designed for farewell occasions and suitable for all season wear. Made from stainless steel with a textured pattern and standard fit.
P01187,MetroFit Everyday Green Casual Dress,Dress,Casual Dress,Women,1399,Green,Black,Solid,Casual,1,College,Summer,Cotton,Relaxed,MetroFit,3.7,2562,Casual Dress in Green with Black accents. Designed for college occasions and suitable for summer wear. Made from cotton with a solid pattern and relaxed fit.
P00283,UrbanThread Classic Grey Shirt,Top,Shirt,Women,1299,Grey,Blue,Solid,Casual,1,Casual Outing,Monsoon,Cotton,Relaxed,UrbanThread,4.9,2832,Casual Shirt in Grey with Blue accents. Designed for casual outing occasions and suitable for monsoon wear. Made from cotton with a solid pattern and relaxed fit.
P00209,VibeWear Classic Navy Printed Shirt,Top,Shirt,Men,1399,Navy,Brown,Printed,Casual,1,College,Monsoon,Cotton,Relaxed,VibeWear,3.9,3719,Casual Shirt in Navy with Brown accents. Designed for college occasions and suitable for monsoon wear. Made from cotton with a printed pattern and relaxed fit.
P01755,MetroFit Premium Olive Loafers,Footwear,Loafers,Men,2599,Olive,White,Textured,Formal,3,Office,Winter,Suede,Standard,MetroFit,3.9,1410,Formal Loafers in Olive with White accents. Designed for office occasions and suitable for winter wear. Made from suede with a textured pattern and standard fit.
P00876,ModaStreet Classic Brown Chinos,Bottom,Chinos,Men,1799,Brown,Olive,Solid,Smart Casual,2,Farewell,Winter,Cotton Blend,Straight,ModaStreet,4.8,3744,Smart Casual Chinos in Brown with Olive accents. Designed for farewell occasions and suitable for winter wear. Made from cotton blend with a solid pattern and straight fit.
P01048,ModaStreet Classic White Checked Skirt,Bottom,Skirt,Women,1999,White,Maroon,Checked,Casual,1,College,All Season,Rayon,Straight,ModaStreet,3.6,1692,Casual Skirt in White with Maroon accents. Designed for college occasions and suitable for all season wear. Made from rayon with a checked pattern and straight fit.
P00779,MetroFit Elegant Navy Checked Trousers,Bottom,Trousers,Women,2999,Navy,Cream,Checked,Formal,3,Office,Summer,Cotton,Straight,MetroFit,4.1,2359,Formal Trousers in Navy with Cream accents. Designed for office occasions and suitable for summer wear. Made from cotton with a checked pattern and straight fit.
P00796,StyleCraft Premium Beige Checked Trousers,Bottom,Trousers,Men,1799,Beige,Navy,Checked,Formal,3,Farewell,All Season,Polyester,Regular,StyleCraft,4.7,4214,Formal Trousers in Beige with Navy accents. Designed for farewell occasions and suitable for all season wear. Made from polyester with a checked pattern and regular fit.
P01121,ModaStreet Classic Beige Printed Casual Dress,Dress,Casual Dress,Women,3399,Beige,Navy,Printed,Smart Casual,2,Farewell,Summer,Linen,Relaxed,ModaStreet,4.3,2976,Smart Casual Casual Dress in Beige with Navy accents. Designed for farewell occasions and suitable for summer wear. Made from linen with a printed pattern and relaxed fit.
P02007,UrbanThread Premium White Sandals,Footwear,Sandals,Unisex,2499,White,Navy,Solid,Smart Casual,2,Farewell,All Season,Synthetic,Standard,UrbanThread,4.8,2028,Smart Casual Sandals in White with Navy accents. Designed for farewell occasions and suitable for all season wear. Made from synthetic with a solid pattern and standard fit.
P00868,UrbanThread Premium Grey Chinos,Bottom,Chinos,Men,2899,Grey,Navy,Solid,Smart Casual,2,College,Winter,Cotton,Regular,UrbanThread,4.5,4944,Smart Casual Chinos in Grey with Navy accents. Designed for college occasions and suitable for winter wear. Made from cotton with a solid pattern and regular fit.
P01950,Northline Premium Brown Heels,Footwear,Heels,Women,1799,Brown,Olive,Solid,Formal,3,Farewell,Winter,Suede,Standard,Northline,4.1,1058,Formal Heels in Brown with Olive accents. Designed for farewell occasions and suitable for winter wear. Made from suede with a solid pattern and standard fit.
P01482,Northline Premium Grey Overshirt,Outerwear,Overshirt,Men,1599,Grey,White,Solid,Smart Casual,2,Farewell,Winter,Cotton,Relaxed,Northline,3.9,3177,Smart Casual Overshirt in Grey with White accents. Designed for farewell occasions and suitable for winter wear. Made from cotton with a solid pattern and relaxed fit.
P01106,ClassicEdge Classic Maroon Casual Dress,Dress,Casual Dress,Women,3299,Maroon,Beige,Solid,Smart Casual,2,Casual Outing,Summer,Cotton,Regular,ClassicEdge,4.4,182,Smart Casual Casual Dress in Maroon with Beige accents. Designed for casual outing occasions and suitable for summer wear. Made from cotton with a solid pattern and regular fit.
P01742,StyleCraft Classic Beige Loafers,Footwear,Loafers,Men,1999,Beige,Navy,Textured,Smart Casual,2,College,Winter,Faux Leather,Standard,StyleCraft,4.9,4075,Smart Casual Loafers in Beige with Navy accents. Designed for college occasions and suitable for winter wear. Made from faux leather with a textured pattern and standard fit.
P00506,TrendAura Classic Brown Knit Top,Top,Knit Top,Women,899,Brown,Navy,Textured,Casual,1,College,All Season,Rayon,Relaxed,TrendAura,3.7,2509,Casual Knit Top in Brown with Navy accents. Designed for college occasions and suitable for all season wear. Made from rayon with a textured pattern and relaxed fit.
P01434,ClassicEdge Essential Black Denim Jacket,Outerwear,Denim Jacket,Women,2499,Black,Grey,Solid,Casual,1,Casual Outing,All Season,Denim,Relaxed,ClassicEdge,4.5,587,Casual Denim Jacket in Black with Grey accents. Designed for casual outing occasions and suitable for all season wear. Made from denim with a solid pattern and relaxed fit.
P00155,TrendAura Dynamic Pink Striped T-Shirt,Top,T-Shirt,Women,1799,Pink,Beige,Striped,Sporty,1,College,Monsoon,Polyester,Regular,TrendAura,4.0,1224,Sporty T-Shirt in Pink with Beige accents. Designed for college occasions and suitable for monsoon wear. Made from polyester with a striped pattern and regular fit.
P00575,UrbanThread Everyday Olive Jeans,Bottom,Jeans,Women,1699,Olive,Brown,Textured,Casual,1,College,Winter,Denim,Slim,UrbanThread,4.8,3672,Casual Jeans in Olive with Brown accents. Designed for college occasions and suitable for winter wear. Made from denim with a textured pattern and slim fit.
P00884,CoutureLane Classic Pink Chinos,Bottom,Chinos,Men,2599,Pink,Navy,Textured,Casual,1,Casual Outing,Winter,Cotton,Straight,CoutureLane,3.9,922,Casual Chinos in Pink with Navy accents. Designed for casual outing occasions and suitable for winter wear. Made from cotton with a textured pattern and straight fit.
P00042,MetroFit Performance Maroon Striped T-Shirt,Top,T-Shirt,Women,1199,Maroon,Navy,Striped,Sporty,1,College,Summer,Polyester,Relaxed,MetroFit,3.8,3595,Sporty T-Shirt in Maroon with Navy accents. Designed for college occasions and suitable for summer wear. Made from polyester with a striped pattern and relaxed fit.
P00395,MetroFit Classic Grey Printed Blouse,Top,Blouse,Women,1399,Grey,Black,Printed,Smart Casual,2,Casual Outing,Winter,Cotton,Slim,MetroFit,4.5,2684,Smart Casual Blouse in Grey with Black accents. Designed for casual outing occasions and suitable for winter wear. Made from cotton with a printed pattern and slim fit.
P01947,VibeWear Festive Green Heels,Footwear,Heels,Women,2899,Green,Cream,Solid,Party,2,Party,Summer,Faux Leather,Standard,VibeWear,4.8,701,Party Heels in Green with Cream accents. Designed for party occasions and suitable for summer wear. Made from faux leather with a solid pattern and standard fit.
P02040,TrendAura Classic Beige Belt,Accessory,Belt,Women,699,Beige,Black,Solid,Smart Casual,2,Casual Outing,All Season,Faux Leather,Standard,TrendAura,4.3,548,Smart Casual Belt in Beige with Black accents. Designed for casual outing occasions and suitable for all season wear. Made from faux leather with a solid pattern and standard fit.
P00308,DailyMode Refined Maroon Printed Shirt,Top,Shirt,Women,1499,Maroon,Beige,Printed,Smart Casual,2,Farewell,Winter,Cotton,Relaxed,DailyMode,3.8,2405,Smart Casual Shirt in Maroon with Beige accents. Designed for farewell occasions and suitable for winter wear. Made from cotton with a printed pattern and relaxed fit.
P00931,DailyMode Modern Black Chinos,Bottom,Chinos,Men,2499,Black,Grey,Textured,Smart Casual,2,College,Winter,Cotton Blend,Straight,DailyMode,4.1,2231,Smart Casual Chinos in Black with Grey accents. Designed for college occasions and suitable for winter wear. Made from cotton blend with a textured pattern and straight fit.
P00533,UrbanThread Classic Brown Jeans,Bottom,Jeans,Women,1899,Brown,Cream,Textured,Casual,1,College,All Season,Denim,Straight,UrbanThread,3.8,2581,Casual Jeans in Brown with Cream accents. Designed for college occasions and suitable for all season wear. Made from denim with a textured pattern and straight fit.
P01470,TrendAura Comfort Black Denim Jacket,Outerwear,Denim Jacket,Men,3099,Black,Beige,Textured,Casual,1,Casual Outing,Winter,Cotton,Oversized,TrendAura,4.7,3246,Casual Denim Jacket in Black with Beige accents. Designed for casual outing occasions and suitable for winter wear. Made from cotton with a textured pattern and oversized fit.
P01798,VibeWear Premium White Formal Shoes,Footwear,Formal Shoes,Men,3499,White,Olive,Textured,Formal,3,Farewell,Winter,Faux Leather,Standard,VibeWear,4.7,1964,Formal Shoes in White with Olive accents. Designed for farewell occasions and suitable for winter wear. Made from faux leather with a textured pattern and standard fit.
P01145,VibeWear Comfort Green Printed Casual Dress,Dress,Casual Dress,Women,2199,Green,Black,Printed,Casual,1,Casual Outing,All Season,Rayon,Relaxed,VibeWear,4.7,3874,Casual Dress in Green with Black accents. Designed for casual outing occasions and suitable for all season wear. Made from rayon with a printed pattern and relaxed fit.
P00376,Northline Everyday Olive Blouse,Top,Blouse,Women,1199,Olive,Beige,Textured,Casual,1,Casual Outing,Summer,Cotton,Relaxed,Northline,3.5,1804,Casual Blouse in Olive with Beige accents. Designed for casual outing occasions and suitable for summer wear. Made from cotton with a textured pattern and relaxed fit.
P01454,TrendAura Classic White Denim Jacket,Outerwear,Denim Jacket,Men,2499,White,Olive,Solid,Smart Casual,2,College,Monsoon,Denim,Regular,TrendAura,4.6,78,Smart Casual Denim Jacket in White with Olive accents. Designed for college occasions and suitable for monsoon wear. Made from denim with a solid pattern and regular fit.
P01026,DailyMode Premium Pink Skirt,Bottom,Skirt,Women,2699,Pink,Black,Solid,Smart Casual,2,Casual Outing,Summer,Denim,Straight,DailyMode,4.3,3285,Smart Casual Skirt in Pink with Black accents. Designed for casual outing occasions and suitable for summer wear. Made from denim with a solid pattern and straight fit.
P02074,MetroFit Executive Blue Belt,Accessory,Belt,Women,699,Blue,Brown,Solid,Formal,3,Office,All Season,Faux Leather,Standard,MetroFit,4.2,2306,Formal Belt in Blue with Brown accents. Designed for office occasions and suitable for all season wear. Made from faux leather with a solid pattern and standard fit.
P00406,ClassicEdge Essential Maroon Striped Blouse,Top,Blouse,Women,2499,Maroon,White,Striped,Casual,1,Casual Outing,Winter,Silk Blend,Slim,ClassicEdge,3.6,1654,Casual Blouse in Maroon with White accents. Designed for casual outing occasions and suitable for winter wear. Made from silk blend with a striped pattern and slim fit.
P01094,MetroFit Premium Maroon Striped Casual Dress,Dress,Casual Dress,Women,3499,Maroon,Beige,Striped,Smart Casual,2,College,Summer,Rayon,Relaxed,MetroFit,3.8,1066,Smart Casual Casual Dress in Maroon with Beige accents. Designed for college occasions and suitable for summer wear. Made from rayon with a striped pattern and relaxed fit.
P00654,ModaStreet Everyday Cream Jeans,Bottom,Jeans,Men,1199,Cream,Beige,Textured,Casual,1,Casual Outing,Summer,Denim,Relaxed,ModaStreet,4.4,1282,Casual Jeans in Cream with Beige accents. Designed for casual outing occasions and suitable for summer wear. Made from denim with a textured pattern and relaxed fit.
P00300,CoutureLane Comfort Navy Checked Shirt,Top,Shirt,Women,1599,Navy,White,Checked,Casual,1,Casual Outing,Summer,Rayon,Slim,CoutureLane,4.0,2303,Casual Shirt in Navy with White accents. Designed for casual outing occasions and suitable for summer wear. Made from rayon with a checked pattern and slim fit.
P01815,StyleCraft Premium Blue Formal Shoes,Footwear,Formal Shoes,Men,5299,Blue,Brown,Solid,Formal,3,Farewell,Summer,Leather,Standard,StyleCraft,4.6,2613,Formal Shoes in Blue with Brown accents. Designed for farewell occasions and suitable for summer wear. Made from leather with a solid pattern and standard fit.
P00332,MetroFit Elegant Navy Printed Blouse,Top,Blouse,Women,2299,Navy,Beige,Printed,Formal,3,Farewell,All Season,Rayon,Slim,MetroFit,4.8,356,Formal Blouse in Navy with Beige accents. Designed for farewell occasions and suitable for all season wear. Made from rayon with a printed pattern and slim fit.
P01639,CoutureLane Sport Brown Sneakers,Footwear,Sneakers,Men,4999,Brown,Beige,Solid,Sporty,1,College,Monsoon,Canvas,Standard,CoutureLane,3.5,1122,Sporty Sneakers in Brown with Beige accents. Designed for college occasions and suitable for monsoon wear. Made from canvas with a solid pattern and standard fit.
P00564,CoutureLane Premium Olive Jeans,Bottom,Jeans,Men,1199,Olive,Brown,Solid,Smart Casual,2,Farewell,Summer,Cotton,Slim,CoutureLane,4.0,384,Smart Casual Jeans in Olive with Brown accents. Designed for farewell occasions and suitable for summer wear. Made from cotton with a solid pattern and slim fit.
P00247,DailyMode Elegant Brown Striped Shirt,Top,Shirt,Women,2899,Brown,White,Striped,Formal,3,Office,Summer,Cotton,Regular,DailyMode,4.9,4478,Formal Shirt in Brown with White accents. Designed for office occasions and suitable for summer wear. Made from cotton with a striped pattern and regular fit.
P00033,VibeWear Comfort Green Striped T-Shirt,Top,T-Shirt,Unisex,1499,Green,White,Striped,Casual,1,College,Monsoon,Cotton,Relaxed,VibeWear,4.1,3321,Casual T-Shirt in Green with White accents. Designed for college occasions and suitable for monsoon wear. Made from cotton with a striped pattern and relaxed fit.
P02271,Northline Dynamic Pink Printed Backpack,Accessory,Backpack,Women,2299,Pink,Beige,Printed,Sporty,1,College,Summer,Synthetic,Standard,Northline,4.7,2156,Sporty Backpack in Pink with Beige accents. Designed for college occasions and suitable for summer wear. Made from synthetic with a printed pattern and standard fit.
P00075,VibeWear Performance Blue T-Shirt,Top,T-Shirt,Unisex,1599,Blue,Brown,Solid,Sporty,1,College,All Season,Polyester,Regular,VibeWear,3.6,831,Sporty T-Shirt in Blue with Brown accents. Designed for college occasions and suitable for all season wear. Made from polyester with a solid pattern and regular fit.
P01965,Northline Classic Beige Sandals,Footwear,Sandals,Women,2299,Beige,Navy,Textured,Casual,1,College,Summer,Leather,Standard,Northline,4.8,3018,Casual Sandals in Beige with Navy accents. Designed for college occasions and suitable for summer wear. Made from leather with a textured pattern and standard fit.
P00408,VibeWear Elegant Black Blouse,Top,Blouse,Women,1199,Black,Blue,Solid,Formal,3,Farewell,All Season,Cotton,Slim,VibeWear,4.0,3243,Formal Blouse in Black with Blue accents. Designed for farewell occasions and suitable for all season wear. Made from cotton with a solid pattern and slim fit.
P02103,StyleCraft Executive Blue Watch,Accessory,Watch,Unisex,1499,Blue,White,Textured,Formal,3,Farewell,All Season,Stainless Steel,Standard,StyleCraft,4.7,1182,Formal Watch in Blue with White accents. Designed for farewell occasions and suitable for all season wear. Made from stainless steel with a textured pattern and standard fit.
P00703,VibeWear Classic Olive Checked Trousers,Bottom,Trousers,Men,1699,Olive,Beige,Checked,Smart Casual,2,College,Winter,Polyester,Straight,VibeWear,4.3,603,Smart Casual Trousers in Olive with Beige accents. Designed for college occasions and suitable for winter wear. Made from polyester with a checked pattern and straight fit.
P00722,MetroFit Refined Brown Checked Trousers,Bottom,Trousers,Women,2899,Brown,White,Checked,Smart Casual,2,Farewell,Winter,Polyester,Slim,MetroFit,3.8,2328,Smart Casual Trousers in Brown with White accents. Designed for farewell occasions and suitable for winter wear. Made from polyester with a checked pattern and slim fit.
P00590,DailyMode Premium Black Jeans,Bottom,Jeans,Men,1899,Black,Maroon,Textured,Smart Casual,2,Casual Outing,Summer,Cotton,Slim,DailyMode,4.7,2514,Smart Casual Jeans in Black with Maroon accents. Designed for casual outing occasions and suitable for summer wear. Made from cotton with a textured pattern and slim fit.
P01085,MetroFit Classic Cream Casual Dress,Dress,Casual Dress,Women,1499,Cream,Brown,Solid,Smart Casual,2,Casual Outing,Summer,Cotton,Relaxed,MetroFit,4.4,3678,Smart Casual Casual Dress in Cream with Brown accents. Designed for casual outing occasions and suitable for summer wear. Made from cotton with a solid pattern and relaxed fit.
P02222,ClassicEdge Refined Navy Shoulder Bag,Accessory,Shoulder Bag,Unisex,2499,Navy,Cream,Solid,Smart Casual,2,College,Winter,Faux Leather,Standard,ClassicEdge,4.5,422,Smart Casual Shoulder Bag in Navy with Cream accents. Designed for college occasions and suitable for winter wear. Made from faux leather with a solid pattern and standard fit.
P01654,ModaStreet Premium Black Printed Sneakers,Footwear,Sneakers,Men,1599,Black,Blue,Printed,Smart Casual,2,Farewell,All Season,Mesh,Standard,ModaStreet,4.6,4441,Smart Casual Sneakers in Black with Blue accents. Designed for farewell occasions and suitable for all season wear. Made from mesh with a printed pattern and standard fit.
P01953,ModaStreet Comfort Brown Sandals,Footwear,Sandals,Unisex,1999,Brown,White,Textured,Casual,1,Casual Outing,Summer,Leather,Standard,ModaStreet,4.5,2325,Casual Sandals in Brown with White accents. Designed for casual outing occasions and suitable for summer wear. Made from leather with a textured pattern and standard fit.
P01251,Northline Stylish Brown Formal Dress,Dress,Formal Dress,Women,4699,Brown,White,Solid,Party,2,Party,All Season,Silk Blend,Slim,Northline,4.4,164,Party Formal Dress in Brown with White accents. Designed for party occasions and suitable for all season wear. Made from silk blend with a solid pattern and slim fit.
P00875,Northline Classic Navy Chinos,Bottom,Chinos,Men,2999,Navy,Cream,Textured,Smart Casual,2,College,Summer,Cotton Blend,Regular,Northline,4.4,4985,Smart Casual Chinos in Navy with Cream accents. Designed for college occasions and suitable for summer wear. Made from cotton blend with a textured pattern and regular fit.
P01748,TrendAura Modern Grey Loafers,Footwear,Loafers,Women,2899,Grey,Blue,Textured,Smart Casual,2,Farewell,All Season,Leather,Standard,TrendAura,3.8,4163,Smart Casual Loafers in Grey with Blue accents. Designed for farewell occasions and suitable for all season wear. Made from leather with a textured pattern and standard fit.
P01892,Northline Statement Pink Heels,Footwear,Heels,Women,4099,Pink,Grey,Solid,Party,2,Party,Winter,Suede,Standard,Northline,4.8,1493,Party Heels in Pink with Grey accents. Designed for party occasions and suitable for winter wear. Made from suede with a solid pattern and standard fit.
P01152,TrendAura Classic White Printed Casual Dress,Dress,Casual Dress,Women,2299,White,Maroon,Printed,Smart Casual,2,Casual Outing,All Season,Cotton,A-Line,TrendAura,3.7,1508,Smart Casual Casual Dress in White with Maroon accents. Designed for casual outing occasions and suitable for all season wear. Made from cotton with a printed pattern and a-line fit.
P00701,DailyMode Elegant Beige Checked Trousers,Bottom,Trousers,Women,1599,Beige,Olive,Checked,Formal,3,Office,Summer,Wool Blend,Regular,DailyMode,4.4,391,Formal Trousers in Beige with Olive accents. Designed for office occasions and suitable for summer wear. Made from wool blend with a checked pattern and regular fit.
P00052,CoutureLane Essential Blue T-Shirt,Top,T-Shirt,Women,1199,Blue,Brown,Textured,Casual,1,Casual Outing,Summer,Cotton,Oversized,CoutureLane,4.6,787,Casual T-Shirt in Blue with Brown accents. Designed for casual outing occasions and suitable for summer wear. Made from cotton with a textured pattern and oversized fit.
P01088,TrendAura Modern Cream Printed Casual Dress,Dress,Casual Dress,Women,1699,Cream,Beige,Printed,Smart Casual,2,Farewell,All Season,Rayon,Regular,TrendAura,4.6,3149,Smart Casual Casual Dress in Cream with Beige accents. Designed for farewell occasions and suitable for all season wear. Made from rayon with a printed pattern and regular fit.
P01138,DailyMode Comfort Blue Striped Casual Dress,Dress,Casual Dress,Women,2999,Blue,Grey,Striped,Casual,1,Casual Outing,Summer,Cotton,A-Line,DailyMode,3.9,572,Casual Dress in Blue with Grey accents. Designed for casual outing occasions and suitable for summer wear. Made from cotton with a striped pattern and a-line fit.
P01176,DailyMode Modern Black Printed Casual Dress,Dress,Casual Dress,Women,1699,Black,Cream,Printed,Smart Casual,2,Casual Outing,Summer,Rayon,A-Line,DailyMode,4.8,3120,Smart Casual Casual Dress in Black with Cream accents. Designed for casual outing occasions and suitable for summer wear. Made from rayon with a printed pattern and a-line fit.
P00268,StyleCraft Executive Pink Checked Shirt,Top,Shirt,Men,2699,Pink,Beige,Checked,Formal,3,Office,Summer,Linen,Relaxed,StyleCraft,4.6,2368,Formal Shirt in Pink with Beige accents. Designed for office occasions and suitable for summer wear. Made from linen with a checked pattern and relaxed fit.
P00275,VibeWear Modern Cream Checked Shirt,Top,Shirt,Women,2099,Cream,Brown,Checked,Smart Casual,2,College,All Season,Linen,Relaxed,VibeWear,3.6,4712,Smart Casual Shirt in Cream with Brown accents. Designed for college occasions and suitable for all season wear. Made from linen with a checked pattern and relaxed fit.
P00206,ClassicEdge Elegant Navy Shirt,Top,Shirt,Men,2299,Navy,Grey,Solid,Formal,3,Farewell,Winter,Linen,Relaxed,ClassicEdge,3.7,4034,Formal Shirt in Navy with Grey accents. Designed for farewell occasions and suitable for winter wear. Made from linen with a solid pattern and relaxed fit.
P00991,Northline Festive Navy Printed Skirt,Bottom,Skirt,Women,2699,Navy,Grey,Printed,Party,2,Farewell,Summer,Cotton,A-Line,Northline,4.1,1666,Party Skirt in Navy with Grey accents. Designed for farewell occasions and suitable for summer wear. Made from cotton with a printed pattern and a-line fit.
P00394,VibeWear Classic Beige Blouse,Top,Blouse,Women,1099,Beige,White,Textured,Casual,1,Casual Outing,Winter,Rayon,Regular,VibeWear,3.6,2938,Casual Blouse in Beige with White accents. Designed for casual outing occasions and suitable for winter wear. Made from rayon with a textured pattern and regular fit.
P00616,ClassicEdge Classic Green Jeans,Bottom,Jeans,Men,2499,Green,White,Textured,Smart Casual,2,Casual Outing,Summer,Cotton,Straight,ClassicEdge,3.9,4270,Smart Casual Jeans in Green with White accents. Designed for casual outing occasions and suitable for summer wear. Made from cotton with a textured pattern and straight fit.
P01937,CoutureLane Festive Maroon Heels,Footwear,Heels,Women,2599,Maroon,Grey,Textured,Party,2,Party,All Season,Faux Leather,Standard,CoutureLane,4.3,1460,Party Heels in Maroon with Grey accents. Designed for party occasions and suitable for all season wear. Made from faux leather with a textured pattern and standard fit.
P01281,ModaStreet Stylish Beige Formal Dress,Dress,Formal Dress,Women,3499,Beige,Olive,Solid,Party,2,Farewell,Summer,Silk Blend,A-Line,ModaStreet,3.6,4535,Party Formal Dress in Beige with Olive accents. Designed for farewell occasions and suitable for summer wear. Made from silk blend with a solid pattern and a-line fit.
P00720,ClassicEdge Premium Cream Trousers,Bottom,Trousers,Women,2899,Cream,Black,Textured,Formal,3,Farewell,Winter,Polyester,Regular,ClassicEdge,4.5,3210,Formal Trousers in Cream with Black accents. Designed for farewell occasions and suitable for winter wear. Made from polyester with a textured pattern and regular fit.
P01233,DailyMode Elegant Olive Printed Formal Dress,Dress,Formal Dress,Women,1799,Olive,Black,Printed,Formal,3,Farewell,Winter,Silk Blend,Slim,DailyMode,4.8,4035,Formal Dress in Olive with Black accents. Designed for farewell occasions and suitable for winter wear. Made from silk blend with a printed pattern and slim fit.
P00850,ClassicEdge Everyday Grey Chinos,Bottom,Chinos,Men,1599,Grey,White,Solid,Casual,1,College,Winter,Cotton,Straight,ClassicEdge,3.8,2725,Casual Chinos in Grey with White accents. Designed for college occasions and suitable for winter wear. Made from cotton with a solid pattern and straight fit.
P01431,ClassicEdge Everyday Brown Denim Jacket,Outerwear,Denim Jacket,Women,1799,Brown,Olive,Solid,Casual,1,Casual Outing,Winter,Denim,Regular,ClassicEdge,4.8,2125,Casual Denim Jacket in Brown with Olive accents. Designed for casual outing occasions and suitable for winter wear. Made from denim with a solid pattern and regular fit.
P01323,StyleCraft Premium Maroon Blazer,Outerwear,Blazer,Men,4399,Maroon,Black,Textured,Smart Casual,2,Farewell,All Season,Wool Blend,Regular,StyleCraft,3.9,4283,Smart Casual Blazer in Maroon with Black accents. Designed for farewell occasions and suitable for all season wear. Made from wool blend with a textured pattern and regular fit.
P01043,CoutureLane Modern Maroon Checked Skirt,Bottom,Skirt,Women,2699,Maroon,Grey,Checked,Smart Casual,2,Casual Outing,All Season,Rayon,Relaxed,CoutureLane,3.6,2042,Smart Casual Skirt in Maroon with Grey accents. Designed for casual outing occasions and suitable for all season wear. Made from rayon with a checked pattern and relaxed fit.
P00490,UrbanThread Essential Cream Striped Knit Top,Top,Knit Top,Women,2099,Cream,Olive,Striped,Casual,1,College,All Season,Cotton,Relaxed,UrbanThread,4.6,3345,Casual Knit Top in Cream with Olive accents. Designed for college occasions and suitable for all season wear. Made from cotton with a striped pattern and relaxed fit.
P00380,Northline Everyday Black Blouse,Top,Blouse,Women,1499,Black,Maroon,Textured,Casual,1,College,Winter,Silk Blend,Slim,Northline,4.4,2683,Casual Blouse in Black with Maroon accents. Designed for college occasions and suitable for winter wear. Made from silk blend with a textured pattern and slim fit.
P00142,ClassicEdge Sport Beige Striped T-Shirt,Top,T-Shirt,Unisex,1099,Beige,Maroon,Striped,Sporty,1,College,Monsoon,Cotton,Regular,ClassicEdge,3.7,3060,Sporty T-Shirt in Beige with Maroon accents. Designed for college occasions and suitable for monsoon wear. Made from cotton with a striped pattern and regular fit.
P00023,ModaStreet Comfort Maroon T-Shirt,Top,T-Shirt,Unisex,599,Maroon,Beige,Solid,Casual,1,College,All Season,Cotton,Regular,ModaStreet,4.7,3052,Casual T-Shirt in Maroon with Beige accents. Designed for college occasions and suitable for all season wear. Made from cotton with a solid pattern and regular fit.
P01769,UrbanThread Elegant Black Loafers,Footwear,Loafers,Women,4599,Black,Blue,Textured,Formal,3,Farewell,Winter,Faux Leather,Standard,UrbanThread,3.5,1008,Formal Loafers in Black with Blue accents. Designed for farewell occasions and suitable for winter wear. Made from faux leather with a textured pattern and standard fit.
P00503,UrbanThread Refined White Knit Top,Top,Knit Top,Women,1399,White,Brown,Solid,Smart Casual,2,Casual Outing,All Season,Wool Blend,Slim,UrbanThread,4.6,2301,Smart Casual Knit Top in White with Brown accents. Designed for casual outing occasions and suitable for all season wear. Made from wool blend with a solid pattern and slim fit.
P00640,CoutureLane Refined Pink Jeans,Bottom,Jeans,Women,2399,Pink,White,Textured,Smart Casual,2,Casual Outing,Monsoon,Cotton,Straight,CoutureLane,3.8,1744,Smart Casual Jeans in Pink with White accents. Designed for casual outing occasions and suitable for monsoon wear. Made from cotton with a textured pattern and straight fit.
P00387,Northline Everyday Navy Blouse,Top,Blouse,Women,2299,Navy,White,Solid,Casual,1,Casual Outing,All Season,Silk Blend,Regular,Northline,3.8,285,Casual Blouse in Navy with White accents. Designed for casual outing occasions and suitable for all season wear. Made from silk blend with a solid pattern and regular fit.
P02015,TrendAura Modern Grey Sandals,Footwear,Sandals,Women,899,Grey,Beige,Textured,Smart Casual,2,Farewell,Summer,Faux Leather,Standard,TrendAura,4.7,2982,Smart Casual Sandals in Grey with Beige accents. Designed for farewell occasions and suitable for summer wear. Made from faux leather with a textured pattern and standard fit.
P00734,Northline Executive White Trousers,Bottom,Trousers,Women,2999,White,Blue,Textured,Formal,3,Office,Summer,Polyester,Regular,Northline,3.8,345,Formal Trousers in White with Blue accents. Designed for office occasions and suitable for summer wear. Made from polyester with a textured pattern and regular fit.
P00743,VibeWear Executive Black Checked Trousers,Bottom,Trousers,Men,1299,Black,Blue,Checked,Formal,3,Farewell,Winter,Polyester,Slim,VibeWear,4.7,867,Formal Trousers in Black with Blue accents. Designed for farewell occasions and suitable for winter wear. Made from polyester with a checked pattern and slim fit.
P00445,TrendAura Modern Navy Striped Knit Top,Top,Knit Top,Women,999,Navy,Grey,Striped,Smart Casual,2,Casual Outing,All Season,Rayon,Slim,TrendAura,4.5,4910,Smart Casual Knit Top in Navy with Grey accents. Designed for casual outing occasions and suitable for all season wear. Made from rayon with a striped pattern and slim fit.
P00537,CoutureLane Classic Pink Jeans,Bottom,Jeans,Women,1799,Pink,Beige,Textured,Smart Casual,2,Casual Outing,Summer,Denim,Slim,CoutureLane,4.0,653,Smart Casual Jeans in Pink with Beige accents. Designed for casual outing occasions and suitable for summer wear. Made from denim with a textured pattern and slim fit.
P01475,VibeWear Everyday Blue Denim Jacket,Outerwear,Denim Jacket,Men,3899,Blue,Brown,Textured,Casual,1,College,All Season,Denim,Oversized,VibeWear,4.3,3140,Casual Denim Jacket in Blue with Brown accents. Designed for college occasions and suitable for all season wear. Made from denim with a textured pattern and oversized fit.
P00848,UrbanThread Refined Maroon Chinos,Bottom,Chinos,Men,2099,Maroon,Beige,Solid,Smart Casual,2,Casual Outing,Summer,Cotton Blend,Regular,UrbanThread,4.8,2084,Smart Casual Chinos in Maroon with Beige accents. Designed for casual outing occasions and suitable for summer wear. Made from cotton blend with a solid pattern and regular fit.
P01474,ClassicEdge Comfort Navy Denim Jacket,Outerwear,Denim Jacket,Women,2599,Navy,Blue,Solid,Casual,1,College,Winter,Cotton,Oversized,ClassicEdge,4.4,855,Casual Denim Jacket in Navy with Blue accents. Designed for college occasions and suitable for winter wear. Made from cotton with a solid pattern and oversized fit.
P02117,DailyMode Classic Brown Watch,Accessory,Watch,Women,4199,Brown,Beige,Textured,Smart Casual,2,Farewell,All Season,Leather,Standard,DailyMode,4.2,25,Smart Casual Watch in Brown with Beige accents. Designed for farewell occasions and suitable for all season wear. Made from leather with a textured pattern and standard fit.
P01232,MetroFit Stylish Grey Formal Dress,Dress,Formal Dress,Women,3099,Grey,Maroon,Solid,Party,2,Party,Summer,Rayon,Slim,MetroFit,3.6,1964,Party Formal Dress in Grey with Maroon accents. Designed for party occasions and suitable for summer wear. Made from rayon with a solid pattern and slim fit.
P01161,ClassicEdge Essential Pink Striped Casual Dress,Dress,Casual Dress,Women,1299,Pink,Black,Striped,Casual,1,Casual Outing,Summer,Rayon,Relaxed,ClassicEdge,4.2,3673,Casual Dress in Pink with Black accents. Designed for casual outing occasions and suitable for summer wear. Made from rayon with a striped pattern and relaxed fit.
P00182,UrbanThread Essential Green Shirt,Top,Shirt,Men,1299,Green,White,Solid,Casual,1,Casual Outing,Monsoon,Cotton,Regular,UrbanThread,4.7,1920,Casual Shirt in Green with White accents. Designed for casual outing occasions and suitable for monsoon wear. Made from cotton with a solid pattern and regular fit.
P01948,ModaStreet Stylish Black Heels,Footwear,Heels,Women,4299,Black,Maroon,Solid,Party,2,Party,All Season,Synthetic,Standard,ModaStreet,3.8,4940,Party Heels in Black with Maroon accents. Designed for party occasions and suitable for all season wear. Made from synthetic with a solid pattern and standard fit.
P00992,StyleCraft Statement Grey Printed Skirt,Bottom,Skirt,Women,2699,Grey,White,Printed,Party,2,Farewell,All Season,Rayon,Straight,StyleCraft,4.3,348,Party Skirt in Grey with White accents. Designed for farewell occasions and suitable for all season wear. Made from rayon with a printed pattern and straight fit.
P00398,CoutureLane Modern Green Printed Blouse,Top,Blouse,Women,1499,Green,Brown,Printed,Smart Casual,2,Farewell,All Season,Silk Blend,Regular,CoutureLane,4.1,3255,Smart Casual Blouse in Green with Brown accents. Designed for farewell occasions and suitable for all season wear. Made from silk blend with a printed pattern and regular fit.
P01657,DailyMode Refined Pink Sneakers,Footwear,Sneakers,Men,4999,Pink,White,Textured,Smart Casual,2,Farewell,Summer,Canvas,Standard,DailyMode,4.5,903,Smart Casual Sneakers in Pink with White accents. Designed for farewell occasions and suitable for summer wear. Made from canvas with a textured pattern and standard fit.
P00987,TrendAura Classic White Checked Skirt,Bottom,Skirt,Women,2499,White,Olive,Checked,Smart Casual,2,Casual Outing,All Season,Denim,Straight,TrendAura,4.6,4353,Smart Casual Skirt in White with Olive accents. Designed for casual outing occasions and suitable for all season wear. Made from denim with a checked pattern and straight fit.
P01541,Northline Classic Olive Overshirt,Outerwear,Overshirt,Men,1499,Olive,White,Textured,Smart Casual,2,College,Monsoon,Denim,Regular,Northline,4.6,841,Smart Casual Overshirt in Olive with White accents. Designed for college occasions and suitable for monsoon wear. Made from denim with a textured pattern and regular fit.
P00540,VibeWear Comfort Blue Jeans,Bottom,Jeans,Men,1699,Blue,Grey,Textured,Casual,1,College,All Season,Cotton,Relaxed,VibeWear,3.9,4950,Casual Jeans in Blue with Grey accents. Designed for college occasions and suitable for all season wear. Made from cotton with a textured pattern and relaxed fit.
P00012,CoutureLane Everyday White T-Shirt,Top,T-Shirt,Men,1699,White,Navy,Solid,Casual,1,College,Monsoon,Cotton,Oversized,CoutureLane,4.2,1055,Casual T-Shirt in White with Navy accents. Designed for college occasions and suitable for monsoon wear. Made from cotton with a solid pattern and oversized fit.
P00933,ModaStreet Classic Olive Chinos,Bottom,Chinos,Men,1699,Olive,Beige,Textured,Casual,1,College,Summer,Cotton Blend,Slim,ModaStreet,3.9,683,Casual Chinos in Olive with Beige accents. Designed for college occasions and suitable for summer wear. Made from cotton blend with a textured pattern and slim fit.
P00670,MetroFit Modern Olive Jeans,Bottom,Jeans,Women,2499,Olive,Black,Textured,Smart Casual,2,Farewell,All Season,Cotton,Straight,MetroFit,4.7,1044,Smart Casual Jeans in Olive with Black accents. Designed for farewell occasions and suitable for all season wear. Made from cotton with a textured pattern and straight fit.
P01035,ModaStreet Premium Maroon Checked Skirt,Bottom,Skirt,Women,999,Maroon,Grey,Checked,Smart Casual,2,College,All Season,Denim,Relaxed,ModaStreet,4.9,458,Smart Casual Skirt in Maroon with Grey accents. Designed for college occasions and suitable for all season wear. Made from denim with a checked pattern and relaxed fit.
P00103,StyleCraft Dynamic Green Printed T-Shirt,Top,T-Shirt,Unisex,1799,Green,Black,Printed,Sporty,1,Casual Outing,Summer,Polyester,Oversized,StyleCraft,4.5,3598,Sporty T-Shirt in Green with Black accents. Designed for casual outing occasions and suitable for summer wear. Made from polyester with a printed pattern and oversized fit.
P01186,CoutureLane Modern Maroon Casual Dress,Dress,Casual Dress,Women,3499,Maroon,Grey,Solid,Smart Casual,2,Casual Outing,Summer,Cotton,Regular,CoutureLane,4.4,445,Smart Casual Casual Dress in Maroon with Grey accents. Designed for casual outing occasions and suitable for summer wear. Made from cotton with a solid pattern and regular fit.
P00782,TrendAura Modern Cream Checked Trousers,Bottom,Trousers,Women,2399,Cream,Maroon,Checked,Smart Casual,2,Farewell,Summer,Polyester,Regular,TrendAura,4.6,4182,Smart Casual Trousers in Cream with Maroon accents. Designed for farewell occasions and suitable for summer wear. Made from polyester with a checked pattern and regular fit.
P02292,TrendAura Essential Black Backpack,Accessory,Backpack,Unisex,1199,Black,Maroon,Textured,Casual,1,College,All Season,Canvas,Standard,TrendAura,3.9,4148,Casual Backpack in Black with Maroon accents. Designed for college occasions and suitable for all season wear. Made from canvas with a textured pattern and standard fit.
P00738,ModaStreet Classic Green Checked Trousers,Bottom,Trousers,Men,1999,Green,Brown,Checked,Smart Casual,2,Farewell,Summer,Polyester,Regular,ModaStreet,4.5,3579,Smart Casual Trousers in Green with Brown accents. Designed for farewell occasions and suitable for summer wear. Made from polyester with a checked pattern and regular fit.
P01263,UrbanThread Statement Navy Printed Formal Dress,Dress,Formal Dress,Women,2399,Navy,Beige,Printed,Party,2,Farewell,All Season,Silk Blend,Slim,UrbanThread,4.0,3424,Party Formal Dress in Navy with Beige accents. Designed for farewell occasions and suitable for all season wear. Made from silk blend with a printed pattern and slim fit.
P00414,Northline Refined Brown Striped Blouse,Top,Blouse,Women,999,Brown,White,Striped,Smart Casual,2,Casual Outing,Summer,Rayon,Slim,Northline,3.7,3623,Smart Casual Blouse in Brown with White accents. Designed for casual outing occasions and suitable for summer wear. Made from rayon with a striped pattern and slim fit.
P02124,ClassicEdge Modern White Watch,Accessory,Watch,Men,4199,White,Grey,Textured,Smart Casual,2,Farewell,All Season,Leather,Standard,ClassicEdge,4.4,95,Smart Casual Watch in White with Grey accents. Designed for farewell occasions and suitable for all season wear. Made from leather with a textured pattern and standard fit.
P00418,UrbanThread Classic Beige Printed Blouse,Top,Blouse,Women,2199,Beige,Black,Printed,Casual,1,Casual Outing,Summer,Silk Blend,Slim,UrbanThread,4.3,1679,Casual Blouse in Beige with Black accents. Designed for casual outing occasions and suitable for summer wear. Made from silk blend with a printed pattern and slim fit.
P00804,TrendAura Elegant White Trousers,Bottom,Trousers,Men,1799,White,Brown,Solid,Formal,3,Farewell,Summer,Cotton,Slim,TrendAura,3.6,3046,Formal Trousers in White with Brown accents. Designed for farewell occasions and suitable for summer wear. Made from cotton with a solid pattern and slim fit.
P00097,MetroFit Classic White Striped T-Shirt,Top,T-Shirt,Unisex,1699,White,Beige,Striped,Casual,1,College,Summer,Cotton,Relaxed,MetroFit,4.1,4620,Casual T-Shirt in White with Beige accents. Designed for college occasions and suitable for summer wear. Made from cotton with a striped pattern and relaxed fit.
P00580,StyleCraft Classic Cream Jeans,Bottom,Jeans,Men,1599,Cream,Maroon,Solid,Smart Casual,2,Farewell,Monsoon,Cotton,Straight,StyleCraft,3.7,1305,Smart Casual Jeans in Cream with Maroon accents. Designed for farewell occasions and suitable for monsoon wear. Made from cotton with a solid pattern and straight fit.
P01757,UrbanThread Classic Green Loafers,Footwear,Loafers,Men,3199,Green,Brown,Textured,Smart Casual,2,Farewell,All Season,Suede,Standard,UrbanThread,3.8,526,Smart Casual Loafers in Green with Brown accents. Designed for farewell occasions and suitable for all season wear. Made from suede with a textured pattern and standard fit.
P00916,Northline Essential Pink Chinos,Bottom,Chinos,Men,2299,Pink,Beige,Textured,Casual,1,Casual Outing,Winter,Cotton Blend,Slim,Northline,3.8,112,Casual Chinos in Pink with Beige accents. Designed for casual outing occasions and suitable for winter wear. Made from cotton blend with a textured pattern and slim fit.
P00973,CoutureLane Modern Olive Checked Skirt,Bottom,Skirt,Women,2499,Olive,Beige,Checked,Smart Casual,2,Farewell,Summer,Cotton,Straight,CoutureLane,3.8,4468,Smart Casual Skirt in Olive with Beige accents. Designed for farewell occasions and suitable for summer wear. Made from cotton with a checked pattern and straight fit.
P02071,StyleCraft Refined Cream Belt,Accessory,Belt,Unisex,1499,Cream,Brown,Textured,Smart Casual,2,Casual Outing,All Season,Leather,Standard,StyleCraft,4.7,4117,Smart Casual Belt in Cream with Brown accents. Designed for casual outing occasions and suitable for all season wear. Made from leather with a textured pattern and standard fit.
P00990,TrendAura Statement Cream Checked Skirt,Bottom,Skirt,Women,2199,Cream,Maroon,Checked,Party,2,Farewell,Summer,Rayon,Relaxed,TrendAura,4.3,77,Party Skirt in Cream with Maroon accents. Designed for farewell occasions and suitable for summer wear. Made from rayon with a checked pattern and relaxed fit.
P00104,TrendAura Comfort Cream T-Shirt,Top,T-Shirt,Unisex,599,Cream,Maroon,Textured,Casual,1,College,Summer,Polyester,Relaxed,TrendAura,4.1,2685,Casual T-Shirt in Cream with Maroon accents. Designed for college occasions and suitable for summer wear. Made from polyester with a textured pattern and relaxed fit.
P01816,VibeWear Executive Navy Formal Shoes,Footwear,Formal Shoes,Men,3499,Navy,Grey,Solid,Formal,3,Farewell,Summer,Faux Leather,Standard,VibeWear,3.8,2698,Formal Shoes in Navy with Grey accents. Designed for farewell occasions and suitable for summer wear. Made from faux leather with a solid pattern and standard fit.
P00450,UrbanThread Refined Black Knit Top,Top,Knit Top,Women,2199,Black,White,Textured,Smart Casual,2,Farewell,All Season,Cotton,Regular,UrbanThread,4.4,1137,Smart Casual Knit Top in Black with White accents. Designed for farewell occasions and suitable for all season wear. Made from cotton with a textured pattern and regular fit.
P01009,CoutureLane Essential Beige Skirt,Bottom,Skirt,Women,2699,Beige,Navy,Solid,Casual,1,Casual Outing,Winter,Cotton,Straight,CoutureLane,4.9,704,Casual Skirt in Beige with Navy accents. Designed for casual outing occasions and suitable for winter wear. Made from cotton with a solid pattern and straight fit.
P01779,DailyMode Elegant Pink Loafers,Footwear,Loafers,Women,2599,Pink,Beige,Textured,Formal,3,Office,Winter,Leather,Standard,DailyMode,3.9,4553,Formal Loafers in Pink with Beige accents. Designed for office occasions and suitable for winter wear. Made from leather with a textured pattern and standard fit.
P01243,DailyMode Elegant Green Formal Dress,Dress,Formal Dress,Women,4599,Green,White,Solid,Formal,3,Office,Winter,Polyester,A-Line,DailyMode,3.6,4503,Formal Dress in Green with White accents. Designed for office occasions and suitable for winter wear. Made from polyester with a solid pattern and a-line fit.
P00021,MetroFit Everyday Pink Printed T-Shirt,Top,T-Shirt,Women,1399,Pink,Grey,Printed,Casual,1,Casual Outing,All Season,Cotton,Regular,MetroFit,3.6,4806,Casual T-Shirt in Pink with Grey accents. Designed for casual outing occasions and suitable for all season wear. Made from cotton with a printed pattern and regular fit.
P00711,DailyMode Classic Cream Trousers,Bottom,Trousers,Men,1299,Cream,Navy,Solid,Smart Casual,2,College,Summer,Cotton,Slim,DailyMode,4.8,3498,Smart Casual Trousers in Cream with Navy accents. Designed for college occasions and suitable for summer wear. Made from cotton with a solid pattern and slim fit.
P02005,Northline Essential Grey Sandals,Footwear,Sandals,Women,2099,Grey,Maroon,Solid,Casual,1,College,Summer,Faux Leather,Standard,Northline,4.1,2011,Casual Sandals in Grey with Maroon accents. Designed for college occasions and suitable for summer wear. Made from faux leather with a solid pattern and standard fit.
P01981,MetroFit Modern Black Sandals,Footwear,Sandals,Unisex,1199,Black,White,Textured,Smart Casual,2,Farewell,All Season,Leather,Standard,MetroFit,4.7,866,Smart Casual Sandals in Black with White accents. Designed for farewell occasions and suitable for all season wear. Made from leather with a textured pattern and standard fit.
P01287,Northline Classic Cream Printed Formal Dress,Dress,Formal Dress,Women,3499,Cream,Navy,Printed,Formal,3,Office,All Season,Rayon,Slim,Northline,3.5,4082,Formal Dress in Cream with Navy accents. Designed for office occasions and suitable for all season wear. Made from rayon with a printed pattern and slim fit.
P01494,UrbanThread Essential White Overshirt,Outerwear,Overshirt,Women,2499,White,Brown,Solid,Casual,1,College,Winter,Cotton,Relaxed,UrbanThread,3.6,426,Casual Overshirt in White with Brown accents. Designed for college occasions and suitable for winter wear. Made from cotton with a solid pattern and relaxed fit.
P01072,ModaStreet Classic Pink Striped Casual Dress,Dress,Casual Dress,Women,1299,Pink,Beige,Striped,Smart Casual,2,Farewell,Summer,Cotton,Relaxed,ModaStreet,4.9,4668,Smart Casual Casual Dress in Pink with Beige accents. Designed for farewell occasions and suitable for summer wear. Made from cotton with a striped pattern and relaxed fit.
P00379,ClassicEdge Refined Green Printed Blouse,Top,Blouse,Women,899,Green,Black,Printed,Smart Casual,2,Farewell,All Season,Rayon,Slim,ClassicEdge,4.5,4527,Smart Casual Blouse in Green with Black accents. Designed for farewell occasions and suitable for all season wear. Made from rayon with a printed pattern and slim fit.
P00192,ClassicEdge Classic Grey Shirt,Top,Shirt,Men,1199,Grey,Blue,Solid,Formal,3,Office,All Season,Linen,Regular,ClassicEdge,3.7,1560,Formal Shirt in Grey with Blue accents. Designed for office occasions and suitable for all season wear. Made from linen with a solid pattern and regular fit.
P02079,CoutureLane Premium Cream Belt,Accessory,Belt,Unisex,1499,Cream,Brown,Solid,Formal,3,Office,All Season,Faux Leather,Standard,CoutureLane,4.6,1566,Formal Belt in Cream with Brown accents. Designed for office occasions and suitable for all season wear. Made from faux leather with a solid pattern and standard fit.
P00980,MetroFit Classic Grey Checked Skirt,Bottom,Skirt,Women,2299,Grey,Blue,Checked,Smart Casual,2,Casual Outing,Winter,Denim,A-Line,MetroFit,3.5,3335,Smart Casual Skirt in Grey with Blue accents. Designed for casual outing occasions and suitable for winter wear. Made from denim with a checked pattern and a-line fit.
P00095,ModaStreet Everyday Cream T-Shirt,Top,T-Shirt,Men,1399,Cream,Navy,Textured,Casual,1,Casual Outing,Summer,Cotton,Oversized,ModaStreet,4.8,4626,Casual T-Shirt in Cream with Navy accents. Designed for casual outing occasions and suitable for summer wear. Made from cotton with a textured pattern and oversized fit.
P00835,TrendAura Classic White Checked Trousers,Bottom,Trousers,Women,1799,White,Beige,Checked,Smart Casual,2,Farewell,Summer,Wool Blend,Slim,TrendAura,4.6,4503,Smart Casual Trousers in White with Beige accents. Designed for farewell occasions and suitable for summer wear. Made from wool blend with a checked pattern and slim fit.
P00035,DailyMode Dynamic Olive Striped T-Shirt,Top,T-Shirt,Women,1699,Olive,White,Striped,Sporty,1,College,Summer,Polyester,Relaxed,DailyMode,4.8,1415,Sporty T-Shirt in Olive with White accents. Designed for college occasions and suitable for summer wear. Made from polyester with a striped pattern and relaxed fit.
P00050,Northline Dynamic Grey Striped T-Shirt,Top,T-Shirt,Men,1399,Grey,Blue,Striped,Sporty,1,College,Monsoon,Polyester,Regular,Northline,4.4,3129,Sporty T-Shirt in Grey with Blue accents. Designed for college occasions and suitable for monsoon wear. Made from polyester with a striped pattern and regular fit.
P02297,DailyMode Essential White Backpack,Accessory,Backpack,Men,1899,White,Black,Solid,Casual,1,College,All Season,Polyester,Standard,DailyMode,3.9,800,Casual Backpack in White with Black accents. Designed for college occasions and suitable for all season wear. Made from polyester with a solid pattern and standard fit.
P00202,StyleCraft Elegant Brown Printed Shirt,Top,Shirt,Men,1999,Brown,Beige,Printed,Formal,3,Farewell,All Season,Cotton,Slim,StyleCraft,3.9,3755,Formal Shirt in Brown with Beige accents. Designed for farewell occasions and suitable for all season wear. Made from cotton with a printed pattern and slim fit.
P01638,TrendAura Everyday Olive Sneakers,Footwear,Sneakers,Unisex,2799,Olive,White,Textured,Casual,1,Casual Outing,Summer,Leather,Standard,TrendAura,4.4,3471,Casual Sneakers in Olive with White accents. Designed for casual outing occasions and suitable for summer wear. Made from leather with a textured pattern and standard fit.
P01268,VibeWear Elegant Cream Formal Dress,Dress,Formal Dress,Women,4399,Cream,Maroon,Solid,Party,2,Farewell,Winter,Polyester,Slim,VibeWear,4.8,376,Party Formal Dress in Cream with Maroon accents. Designed for farewell occasions and suitable for winter wear. Made from polyester with a solid pattern and slim fit.
P00914,VibeWear Comfort Olive Chinos,Bottom,Chinos,Men,2799,Olive,Black,Textured,Casual,1,Casual Outing,All Season,Cotton Blend,Regular,VibeWear,3.6,4984,Casual Chinos in Olive with Black accents. Designed for casual outing occasions and suitable for all season wear. Made from cotton blend with a textured pattern and regular fit.
P00871,MetroFit Classic Black Chinos,Bottom,Chinos,Men,2199,Black,White,Textured,Casual,1,Casual Outing,Winter,Cotton,Regular,MetroFit,4.2,4188,Casual Chinos in Black with White accents. Designed for casual outing occasions and suitable for winter wear. Made from cotton with a textured pattern and regular fit.
P02121,VibeWear Classic Brown Watch,Accessory,Watch,Men,2899,Brown,Beige,Solid,Smart Casual,2,Casual Outing,All Season,Stainless Steel,Standard,VibeWear,4.1,2020,Smart Casual Watch in Brown with Beige accents. Designed for casual outing occasions and suitable for all season wear. Made from stainless steel with a solid pattern and standard fit.
P00032,TrendAura Active Grey T-Shirt,Top,T-Shirt,Unisex,1299,Grey,Black,Textured,Sporty,1,College,Monsoon,Cotton,Regular,TrendAura,4.8,4435,Sporty T-Shirt in Grey with Black accents. Designed for college occasions and suitable for monsoon wear. Made from cotton with a textured pattern and regular fit.
P02050,StyleCraft Modern Olive Belt,Accessory,Belt,Men,999,Olive,White,Solid,Smart Casual,2,Farewell,All Season,Leather,Standard,StyleCraft,3.6,2028,Smart Casual Belt in Olive with White accents. Designed for farewell occasions and suitable for all season wear. Made from leather with a solid pattern and standard fit.
P02225,CoutureLane Classic Maroon Shoulder Bag,Accessory,Shoulder Bag,Unisex,999,Maroon,Navy,Solid,Smart Casual,2,Casual Outing,Winter,Faux Leather,Standard,CoutureLane,4.5,369,Smart Casual Shoulder Bag in Maroon with Navy accents. Designed for casual outing occasions and suitable for winter wear. Made from faux leather with a solid pattern and standard fit.
P01061,DailyMode Premium Navy Striped Casual Dress,Dress,Casual Dress,Women,1999,Navy,Brown,Striped,Smart Casual,2,College,All Season,Rayon,Relaxed,DailyMode,3.7,1453,Smart Casual Casual Dress in Navy with Brown accents. Designed for college occasions and suitable for all season wear. Made from rayon with a striped pattern and relaxed fit.
P01993,TrendAura Refined Pink Sandals,Footwear,Sandals,Unisex,1399,Pink,Beige,Textured,Smart Casual,2,Farewell,All Season,Synthetic,Standard,TrendAura,3.9,2204,Smart Casual Sandals in Pink with Beige accents. Designed for farewell occasions and suitable for all season wear. Made from synthetic with a textured pattern and standard fit.
P00594,TrendAura Premium Maroon Jeans,Bottom,Jeans,Women,2999,Maroon,Navy,Textured,Smart Casual,2,Casual Outing,All Season,Denim,Relaxed,TrendAura,4.2,3493,Smart Casual Jeans in Maroon with Navy accents. Designed for casual outing occasions and suitable for all season wear. Made from denim with a textured pattern and relaxed fit.
P01180,DailyMode Refined Green Printed Casual Dress,Dress,Casual Dress,Women,3399,Green,Black,Printed,Smart Casual,2,College,All Season,Rayon,A-Line,DailyMode,4.5,4856,Smart Casual Casual Dress in Green with Black accents. Designed for college occasions and suitable for all season wear. Made from rayon with a printed pattern and a-line fit.
P02161,TrendAura Refined Olive Watch,Accessory,Watch,Unisex,4099,Olive,Black,Solid,Smart Casual,2,Casual Outing,All Season,Leather,Standard,TrendAura,3.7,2750,Smart Casual Watch in Olive with Black accents. Designed for casual outing occasions and suitable for all season wear. Made from leather with a solid pattern and standard fit.
P00409,TrendAura Premium Pink Printed Blouse,Top,Blouse,Women,1799,Pink,Grey,Printed,Smart Casual,2,Casual Outing,All Season,Cotton,Regular,TrendAura,4.1,1104,Smart Casual Blouse in Pink with Grey accents. Designed for casual outing occasions and suitable for all season wear. Made from cotton with a printed pattern and regular fit.
P01831,TrendAura Classic Maroon Formal Shoes,Footwear,Formal Shoes,Men,4799,Maroon,Beige,Solid,Formal,3,Farewell,Winter,Leather,Standard,TrendAura,4.5,2341,Formal Shoes in Maroon with Beige accents. Designed for farewell occasions and suitable for winter wear. Made from leather with a solid pattern and standard fit.
P00896,DailyMode Modern Black Chinos,Bottom,Chinos,Men,2799,Black,Maroon,Solid,Smart Casual,2,Farewell,Winter,Cotton,Slim,DailyMode,4.1,3997,Smart Casual Chinos in Black with Maroon accents. Designed for farewell occasions and suitable for winter wear. Made from cotton with a solid pattern and slim fit.
P01663,CoutureLane Classic Cream Printed Sneakers,Footwear,Sneakers,Unisex,3099,Cream,Navy,Printed,Casual,1,Casual Outing,Monsoon,Synthetic,Standard,CoutureLane,3.8,4598,Casual Sneakers in Cream with Navy accents. Designed for casual outing occasions and suitable for monsoon wear. Made from synthetic with a printed pattern and standard fit.
P01595,ModaStreet Active Maroon Sneakers,Footwear,Sneakers,Men,3699,Maroon,Navy,Textured,Sporty,1,Casual Outing,Winter,Mesh,Standard,ModaStreet,4.6,3956,Sporty Sneakers in Maroon with Navy accents. Designed for casual outing occasions and suitable for winter wear. Made from mesh with a textured pattern and standard fit.
P01432,DailyMode Essential Navy Denim Jacket,Outerwear,Denim Jacket,Men,3099,Navy,Cream,Textured,Casual,1,College,All Season,Cotton,Oversized,DailyMode,4.3,4719,Casual Denim Jacket in Navy with Cream accents. Designed for college occasions and suitable for all season wear. Made from cotton with a textured pattern and oversized fit.
P00578,MetroFit Comfort White Jeans,Bottom,Jeans,Women,2599,White,Maroon,Textured,Casual,1,College,Monsoon,Denim,Straight,MetroFit,4.5,195,Casual Jeans in White with Maroon accents. Designed for college occasions and suitable for monsoon wear. Made from denim with a textured pattern and straight fit.
P00927,VibeWear Modern Maroon Chinos,Bottom,Chinos,Men,2799,Maroon,Navy,Solid,Smart Casual,2,Farewell,All Season,Cotton Blend,Regular,VibeWear,4.6,2140,Smart Casual Chinos in Maroon with Navy accents. Designed for farewell occasions and suitable for all season wear. Made from cotton blend with a solid pattern and regular fit.
P02295,Northline Dynamic Pink Backpack,Accessory,Backpack,Men,1799,Pink,White,Textured,Sporty,1,College,All Season,Canvas,Standard,Northline,3.6,3338,Sporty Backpack in Pink with White accents. Designed for college occasions and suitable for all season wear. Made from canvas with a textured pattern and standard fit.
P01028,DailyMode Classic Black Checked Skirt,Bottom,Skirt,Women,1799,Black,Grey,Checked,Casual,1,College,All Season,Cotton,A-Line,DailyMode,3.5,1863,Casual Skirt in Black with Grey accents. Designed for college occasions and suitable for all season wear. Made from cotton with a checked pattern and a-line fit.
P00632,ClassicEdge Comfort Brown Jeans,Bottom,Jeans,Men,2499,Brown,Navy,Solid,Casual,1,Casual Outing,Winter,Denim,Relaxed,ClassicEdge,4.9,2028,Casual Jeans in Brown with Navy accents. Designed for casual outing occasions and suitable for winter wear. Made from denim with a solid pattern and relaxed fit.
P01727,Northline Elegant Pink Loafers,Footwear,Loafers,Women,4399,Pink,Grey,Textured,Formal,3,Office,Summer,Leather,Standard,Northline,3.7,4854,Formal Loafers in Pink with Grey accents. Designed for office occasions and suitable for summer wear. Made from leather with a textured pattern and standard fit.
P01151,CoutureLane Classic Blue Printed Casual Dress,Dress,Casual Dress,Women,2999,Blue,Beige,Printed,Smart Casual,2,Casual Outing,All Season,Linen,Regular,CoutureLane,4.3,2294,Smart Casual Casual Dress in Blue with Beige accents. Designed for casual outing occasions and suitable for all season wear. Made from linen with a printed pattern and regular fit.
P00199,TrendAura Premium Green Striped Shirt,Top,Shirt,Men,1099,Green,Beige,Striped,Formal,3,Office,Winter,Rayon,Slim,TrendAura,4.1,4923,Formal Shirt in Green with Beige accents. Designed for office occasions and suitable for winter wear. Made from rayon with a striped pattern and slim fit.
P01278,TrendAura Executive Maroon Formal Dress,Dress,Formal Dress,Women,4799,Maroon,White,Textured,Formal,3,Farewell,Winter,Polyester,A-Line,TrendAura,3.7,989,Formal Dress in Maroon with White accents. Designed for farewell occasions and suitable for winter wear. Made from polyester with a textured pattern and a-line fit.
P01801,ClassicEdge Elegant Maroon Formal Shoes,Footwear,Formal Shoes,Men,4699,Maroon,White,Textured,Formal,3,Office,Winter,Leather,Standard,ClassicEdge,3.8,1002,Formal Shoes in Maroon with White accents. Designed for office occasions and suitable for winter wear. Made from leather with a textured pattern and standard fit.
P01869,CoutureLane Executive Olive Formal Shoes,Footwear,Formal Shoes,Men,3099,Olive,Cream,Solid,Formal,3,Office,All Season,Faux Leather,Standard,CoutureLane,3.8,2503,Formal Shoes in Olive with Cream accents. Designed for office occasions and suitable for all season wear. Made from faux leather with a solid pattern and standard fit.
P01022,UrbanThread Stylish Grey Skirt,Bottom,Skirt,Women,1799,Grey,Blue,Solid,Party,2,Party,Summer,Rayon,Straight,UrbanThread,4.0,2843,Party Skirt in Grey with Blue accents. Designed for party occasions and suitable for summer wear. Made from rayon with a solid pattern and straight fit.
P01501,StyleCraft Premium Maroon Checked Overshirt,Outerwear,Overshirt,Women,1699,Maroon,Beige,Checked,Smart Casual,2,Casual Outing,Winter,Cotton,Regular,StyleCraft,3.5,612,Smart Casual Overshirt in Maroon with Beige accents. Designed for casual outing occasions and suitable for winter wear. Made from cotton with a checked pattern and regular fit.
P01355,ClassicEdge Classic Cream Blazer,Outerwear,Blazer,Men,3099,Cream,Maroon,Solid,Smart Casual,2,Casual Outing,All Season,Cotton Blend,Slim,ClassicEdge,3.7,274,Smart Casual Blazer in Cream with Maroon accents. Designed for casual outing occasions and suitable for all season wear. Made from cotton blend with a solid pattern and slim fit.
P00367,VibeWear Executive Cream Printed Blouse,Top,Blouse,Women,1399,Cream,Black,Printed,Formal,3,Office,Winter,Rayon,Regular,VibeWear,3.7,868,Formal Blouse in Cream with Black accents. Designed for office occasions and suitable for winter wear. Made from rayon with a printed pattern and regular fit.
P02274,UrbanThread Everyday Pink Backpack,Accessory,Backpack,Women,1299,Pink,Grey,Textured,Casual,1,Casual Outing,Summer,Synthetic,Standard,UrbanThread,4.0,2860,Casual Backpack in Pink with Grey accents. Designed for casual outing occasions and suitable for summer wear. Made from synthetic with a textured pattern and standard fit.
P00688,MetroFit Premium Olive Jeans,Bottom,Jeans,Women,1599,Olive,White,Solid,Smart Casual,2,Farewell,Winter,Cotton,Relaxed,MetroFit,4.5,306,Smart Casual Jeans in Olive with White accents. Designed for farewell occasions and suitable for winter wear. Made from cotton with a solid pattern and relaxed fit.
P01175,ClassicEdge Classic Olive Casual Dress,Dress,Casual Dress,Women,2399,Olive,Brown,Solid,Smart Casual,2,Casual Outing,Summer,Linen,Regular,ClassicEdge,4.4,2359,Smart Casual Casual Dress in Olive with Brown accents. Designed for casual outing occasions and suitable for summer wear. Made from linen with a solid pattern and regular fit.
P01874,CoutureLane Elegant Brown Heels,Footwear,Heels,Women,3699,Brown,Beige,Textured,Formal,3,Office,All Season,Suede,Standard,CoutureLane,3.9,3173,Formal Heels in Brown with Beige accents. Designed for office occasions and suitable for all season wear. Made from suede with a textured pattern and standard fit.
P01135,ModaStreet Refined White Striped Casual Dress,Dress,Casual Dress,Women,1699,White,Navy,Striped,Smart Casual,2,College,All Season,Cotton,A-Line,ModaStreet,4.5,4982,Smart Casual Casual Dress in White with Navy accents. Designed for college occasions and suitable for all season wear. Made from cotton with a striped pattern and a-line fit.
P01388,MetroFit Premium Black Checked Blazer,Outerwear,Blazer,Men,3299,Black,Blue,Checked,Smart Casual,2,College,Winter,Polyester,Slim,MetroFit,3.9,4779,Smart Casual Blazer in Black with Blue accents. Designed for college occasions and suitable for winter wear. Made from polyester with a checked pattern and slim fit.
P02085,UrbanThread Classic Blue Belt,Accessory,Belt,Men,899,Blue,Grey,Textured,Formal,3,Farewell,All Season,Faux Leather,Standard,UrbanThread,4.7,1124,Formal Belt in Blue with Grey accents. Designed for farewell occasions and suitable for all season wear. Made from faux leather with a textured pattern and standard fit.
P02042,MetroFit Premium Green Belt,Accessory,Belt,Men,1199,Green,Beige,Solid,Formal,3,Farewell,All Season,Faux Leather,Standard,MetroFit,3.7,903,Formal Belt in Green with Beige accents. Designed for farewell occasions and suitable for all season wear. Made from faux leather with a solid pattern and standard fit.
P01210,ModaStreet Festive Grey Formal Dress,Dress,Formal Dress,Women,3899,Grey,Blue,Textured,Party,2,Party,Summer,Polyester,A-Line,ModaStreet,4.7,634,Party Formal Dress in Grey with Blue accents. Designed for party occasions and suitable for summer wear. Made from polyester with a textured pattern and a-line fit.
P01545,ModaStreet Classic Beige Overshirt,Outerwear,Overshirt,Men,1599,Beige,Navy,Solid,Casual,1,Casual Outing,All Season,Linen,Regular,ModaStreet,4.0,3112,Casual Overshirt in Beige with Navy accents. Designed for casual outing occasions and suitable for all season wear. Made from linen with a solid pattern and regular fit.
P01319,CoutureLane Premium Olive Blazer,Outerwear,Blazer,Women,4399,Olive,Cream,Solid,Smart Casual,2,College,All Season,Polyester,Regular,CoutureLane,4.7,1157,Smart Casual Blazer in Olive with Cream accents. Designed for college occasions and suitable for all season wear. Made from polyester with a solid pattern and regular fit.
P01530,ModaStreet Modern Pink Overshirt,Outerwear,Overshirt,Women,2799,Pink,White,Textured,Smart Casual,2,College,All Season,Cotton,Relaxed,ModaStreet,4.1,2368,Smart Casual Overshirt in Pink with White accents. Designed for college occasions and suitable for all season wear. Made from cotton with a textured pattern and relaxed fit.
P00237,StyleCraft Classic Cream Shirt,Top,Shirt,Women,2499,Cream,Navy,Solid,Casual,1,College,Summer,Linen,Relaxed,StyleCraft,4.9,3464,Casual Shirt in Cream with Navy accents. Designed for college occasions and suitable for summer wear. Made from linen with a solid pattern and relaxed fit.
P00189,UrbanThread Executive Cream Checked Shirt,Top,Shirt,Men,2199,Cream,Navy,Checked,Formal,3,Office,All Season,Linen,Relaxed,UrbanThread,3.8,647,Formal Shirt in Cream with Navy accents. Designed for office occasions and suitable for all season wear. Made from linen with a checked pattern and relaxed fit.
P00849,Northline Premium Maroon Chinos,Bottom,Chinos,Men,2399,Maroon,Navy,Solid,Smart Casual,2,College,Winter,Cotton,Slim,Northline,4.4,4497,Smart Casual Chinos in Maroon with Navy accents. Designed for college occasions and suitable for winter wear. Made from cotton with a solid pattern and slim fit.
P02125,ClassicEdge Classic Maroon Watch,Accessory,Watch,Women,4899,Maroon,White,Textured,Casual,1,College,All Season,Stainless Steel,Standard,ClassicEdge,4.8,4432,Casual Watch in Maroon with White accents. Designed for college occasions and suitable for all season wear. Made from stainless steel with a textured pattern and standard fit.
P01618,StyleCraft Comfort Navy Sneakers,Footwear,Sneakers,Men,3099,Navy,Cream,Textured,Casual,1,College,Winter,Synthetic,Standard,StyleCraft,4.4,3738,Casual Sneakers in Navy with Cream accents. Designed for college occasions and suitable for winter wear. Made from synthetic with a textured pattern and standard fit.
P00860,MetroFit Classic Black Chinos,Bottom,Chinos,Men,2699,Black,Beige,Textured,Smart Casual,2,Casual Outing,Winter,Cotton Blend,Slim,MetroFit,3.5,3159,Smart Casual Chinos in Black with Beige accents. Designed for casual outing occasions and suitable for winter wear. Made from cotton blend with a textured pattern and slim fit.
P01342,ModaStreet Executive White Blazer,Outerwear,Blazer,Women,3199,White,Blue,Solid,Formal,3,Farewell,Winter,Wool Blend,Regular,ModaStreet,4.4,286,Formal Blazer in White with Blue accents. Designed for farewell occasions and suitable for winter wear. Made from wool blend with a solid pattern and regular fit.
P00196,MetroFit Classic Beige Printed Shirt,Top,Shirt,Women,1799,Beige,Black,Printed,Casual,1,College,All Season,Rayon,Slim,MetroFit,3.9,1670,Casual Shirt in Beige with Black accents. Designed for college occasions and suitable for all season wear. Made from rayon with a printed pattern and slim fit.
P01139,ModaStreet Essential Navy Casual Dress,Dress,Casual Dress,Women,1299,Navy,Grey,Solid,Casual,1,College,Summer,Linen,Regular,ModaStreet,4.0,4204,Casual Dress in Navy with Grey accents. Designed for college occasions and suitable for summer wear. Made from linen with a solid pattern and regular fit.
P01063,CoutureLane Essential Brown Printed Casual Dress,Dress,Casual Dress,Women,2699,Brown,Black,Printed,Casual,1,College,Summer,Linen,Relaxed,CoutureLane,4.8,3822,Casual Dress in Brown with Black accents. Designed for college occasions and suitable for summer wear. Made from linen with a printed pattern and relaxed fit.
P01332,VibeWear Classic Beige Checked Blazer,Outerwear,Blazer,Men,5099,Beige,Olive,Checked,Formal,3,Farewell,All Season,Cotton Blend,Slim,VibeWear,3.7,3818,Formal Blazer in Beige with Olive accents. Designed for farewell occasions and suitable for all season wear. Made from cotton blend with a checked pattern and slim fit.
P02284,StyleCraft Classic Cream Printed Backpack,Accessory,Backpack,Women,1499,Cream,Olive,Printed,Casual,1,College,Summer,Polyester,Standard,StyleCraft,4.3,4021,Casual Backpack in Cream with Olive accents. Designed for college occasions and suitable for summer wear. Made from polyester with a printed pattern and standard fit.
P00085,StyleCraft Performance Olive T-Shirt,Top,T-Shirt,Men,1299,Olive,Beige,Solid,Sporty,1,College,Summer,Cotton,Relaxed,StyleCraft,3.7,3741,Sporty T-Shirt in Olive with Beige accents. Designed for college occasions and suitable for summer wear. Made from cotton with a solid pattern and relaxed fit.
P02264,UrbanThread Comfort Grey Backpack,Accessory,Backpack,Women,2099,Grey,White,Solid,Casual,1,Casual Outing,All Season,Polyester,Standard,UrbanThread,4.2,2961,Casual Backpack in Grey with White accents. Designed for casual outing occasions and suitable for all season wear. Made from polyester with a solid pattern and standard fit.
P01273,Northline Premium Beige Formal Dress,Dress,Formal Dress,Women,2599,Beige,Navy,Solid,Formal,3,Farewell,Winter,Silk Blend,Slim,Northline,4.1,1761,Formal Dress in Beige with Navy accents. Designed for farewell occasions and suitable for winter wear. Made from silk blend with a solid pattern and slim fit.
P01290,Northline Premium Blue Printed Formal Dress,Dress,Formal Dress,Women,3199,Blue,Black,Printed,Formal,3,Office,Summer,Rayon,Slim,Northline,3.6,1111,Formal Dress in Blue with Black accents. Designed for office occasions and suitable for summer wear. Made from rayon with a printed pattern and slim fit.
P02296,ClassicEdge Performance Brown Backpack,Accessory,Backpack,Men,1099,Brown,Black,Solid,Sporty,1,Casual Outing,Summer,Polyester,Standard,ClassicEdge,4.5,4584,Sporty Backpack in Brown with Black accents. Designed for casual outing occasions and suitable for summer wear. Made from polyester with a solid pattern and standard fit.
P02024,TrendAura Classic Blue Sandals,Footwear,Sandals,Women,1599,Blue,Black,Textured,Casual,1,College,All Season,Synthetic,Standard,TrendAura,3.9,3552,Casual Sandals in Blue with Black accents. Designed for college occasions and suitable for all season wear. Made from synthetic with a textured pattern and standard fit.
P02063,VibeWear Elegant Black Belt,Accessory,Belt,Unisex,1199,Black,White,Textured,Formal,3,Office,All Season,Leather,Standard,VibeWear,4.5,1891,Formal Belt in Black with White accents. Designed for office occasions and suitable for all season wear. Made from leather with a textured pattern and standard fit.
P01988,UrbanThread Essential White Sandals,Footwear,Sandals,Unisex,1399,White,Grey,Textured,Casual,1,Casual Outing,All Season,Leather,Standard,UrbanThread,4.8,87,Casual Sandals in White with Grey accents. Designed for casual outing occasions and suitable for all season wear. Made from leather with a textured pattern and standard fit.
P00207,MetroFit Elegant Beige Printed Shirt,Top,Shirt,Men,2999,Beige,Black,Printed,Formal,3,Office,Monsoon,Rayon,Slim,MetroFit,4.5,2461,Formal Shirt in Beige with Black accents. Designed for office occasions and suitable for monsoon wear. Made from rayon with a printed pattern and slim fit.
P00167,MetroFit Modern Brown Printed Shirt,Top,Shirt,Men,2599,Brown,Black,Printed,Smart Casual,2,Casual Outing,Monsoon,Cotton,Relaxed,MetroFit,4.1,2549,Smart Casual Shirt in Brown with Black accents. Designed for casual outing occasions and suitable for monsoon wear. Made from cotton with a printed pattern and relaxed fit.
P00102,VibeWear Comfort Blue T-Shirt,Top,T-Shirt,Men,999,Blue,Black,Solid,Casual,1,College,All Season,Cotton,Relaxed,VibeWear,3.7,4099,Casual T-Shirt in Blue with Black accents. Designed for college occasions and suitable for all season wear. Made from cotton with a solid pattern and relaxed fit.
P00144,CoutureLane Comfort Maroon Printed T-Shirt,Top,T-Shirt,Men,1199,Maroon,Grey,Printed,Casual,1,Casual Outing,Monsoon,Polyester,Relaxed,CoutureLane,3.5,3246,Casual T-Shirt in Maroon with Grey accents. Designed for casual outing occasions and suitable for monsoon wear. Made from polyester with a printed pattern and relaxed fit.
P02044,DailyMode Classic Cream Belt,Accessory,Belt,Unisex,799,Cream,Brown,Solid,Smart Casual,2,College,All Season,Faux Leather,Standard,DailyMode,4.6,1299,Smart Casual Belt in Cream with Brown accents. Designed for college occasions and suitable for all season wear. Made from faux leather with a solid pattern and standard fit.
P01226,StyleCraft Statement Brown Printed Formal Dress,Dress,Formal Dress,Women,3299,Brown,Beige,Printed,Party,2,Party,Winter,Silk Blend,A-Line,StyleCraft,4.8,2090,Party Formal Dress in Brown with Beige accents. Designed for party occasions and suitable for winter wear. Made from silk blend with a printed pattern and a-line fit.
P00929,ClassicEdge Comfort Brown Chinos,Bottom,Chinos,Men,1499,Brown,Black,Textured,Casual,1,College,All Season,Cotton,Slim,ClassicEdge,3.8,2957,Casual Chinos in Brown with Black accents. Designed for college occasions and suitable for all season wear. Made from cotton with a textured pattern and slim fit.
P01627,ModaStreet Comfort White Printed Sneakers,Footwear,Sneakers,Unisex,4899,White,Blue,Printed,Casual,1,Casual Outing,Summer,Synthetic,Standard,ModaStreet,4.8,255,Casual Sneakers in White with Blue accents. Designed for casual outing occasions and suitable for summer wear. Made from synthetic with a printed pattern and standard fit.
P01408,VibeWear Classic Olive Denim Jacket,Outerwear,Denim Jacket,Men,2499,Olive,White,Textured,Smart Casual,2,College,All Season,Denim,Relaxed,VibeWear,3.6,758,Smart Casual Denim Jacket in Olive with White accents. Designed for college occasions and suitable for all season wear. Made from denim with a textured pattern and relaxed fit.
P01230,MetroFit Elegant White Printed Formal Dress,Dress,Formal Dress,Women,3199,White,Navy,Printed,Party,2,Farewell,Summer,Rayon,A-Line,MetroFit,4.1,384,Party Formal Dress in White with Navy accents. Designed for farewell occasions and suitable for summer wear. Made from rayon with a printed pattern and a-line fit.
P00853,TrendAura Essential Olive Chinos,Bottom,Chinos,Men,1599,Olive,Beige,Textured,Casual,1,Casual Outing,Summer,Cotton,Regular,TrendAura,4.1,3521,Casual Chinos in Olive with Beige accents. Designed for casual outing occasions and suitable for summer wear. Made from cotton with a textured pattern and regular fit.
P02120,MetroFit Classic Green Watch,Accessory,Watch,Women,2099,Green,Beige,Textured,Smart Casual,2,Farewell,All Season,Stainless Steel,Standard,MetroFit,4.8,574,Smart Casual Watch in Green with Beige accents. Designed for farewell occasions and suitable for all season wear. Made from stainless steel with a textured pattern and standard fit.
P00020,DailyMode Classic Olive T-Shirt,Top,T-Shirt,Men,499,Olive,Cream,Solid,Casual,1,Casual Outing,All Season,Polyester,Oversized,DailyMode,4.8,681,Casual T-Shirt in Olive with Cream accents. Designed for casual outing occasions and suitable for all season wear. Made from polyester with a solid pattern and oversized fit.
P01795,CoutureLane Premium Brown Formal Shoes,Footwear,Formal Shoes,Men,2199,Brown,Beige,Textured,Formal,3,Office,All Season,Faux Leather,Standard,CoutureLane,3.6,117,Formal Shoes in Brown with Beige accents. Designed for office occasions and suitable for all season wear. Made from faux leather with a textured pattern and standard fit.
P01237,UrbanThread Elegant Olive Formal Dress,Dress,Formal Dress,Women,4099,Olive,Brown,Solid,Party,2,Farewell,All Season,Rayon,Slim,UrbanThread,3.5,1459,Party Formal Dress in Olive with Brown accents. Designed for farewell occasions and suitable for all season wear. Made from rayon with a solid pattern and slim fit.
P01345,MetroFit Classic Beige Blazer,Outerwear,Blazer,Women,3299,Beige,White,Solid,Formal,3,Farewell,Winter,Polyester,Slim,MetroFit,3.7,2373,Formal Blazer in Beige with White accents. Designed for farewell occasions and suitable for winter wear. Made from polyester with a solid pattern and slim fit.
P00165,DailyMode Classic Pink Checked Shirt,Top,Shirt,Men,2499,Pink,White,Checked,Smart Casual,2,Farewell,Monsoon,Rayon,Relaxed,DailyMode,4.5,664,Smart Casual Shirt in Pink with White accents. Designed for farewell occasions and suitable for monsoon wear. Made from rayon with a checked pattern and relaxed fit.
P01279,DailyMode Elegant Blue Formal Dress,Dress,Formal Dress,Women,3199,Blue,Beige,Textured,Party,2,Farewell,Summer,Silk Blend,A-Line,DailyMode,4.0,4959,Party Formal Dress in Blue with Beige accents. Designed for farewell occasions and suitable for summer wear. Made from silk blend with a textured pattern and a-line fit.
P01681,TrendAura Classic Navy Printed Sneakers,Footwear,Sneakers,Women,2499,Navy,Beige,Printed,Casual,1,Casual Outing,Winter,Leather,Standard,TrendAura,4.9,1020,Casual Sneakers in Navy with Beige accents. Designed for casual outing occasions and suitable for winter wear. Made from leather with a printed pattern and standard fit.
P00882,CoutureLane Refined Grey Chinos,Bottom,Chinos,Men,1699,Grey,Blue,Solid,Smart Casual,2,Casual Outing,Winter,Cotton Blend,Straight,CoutureLane,3.9,2150,Smart Casual Chinos in Grey with Blue accents. Designed for casual outing occasions and suitable for winter wear. Made from cotton blend with a solid pattern and straight fit.
P01076,MetroFit Everyday Black Casual Dress,Dress,Casual Dress,Women,3099,Black,Grey,Solid,Casual,1,College,All Season,Linen,A-Line,MetroFit,3.5,3143,Casual Dress in Black with Grey accents. Designed for college occasions and suitable for all season wear. Made from linen with a solid pattern and a-line fit.
P00183,CoutureLane Essential Pink Printed Shirt,Top,Shirt,Women,899,Pink,Beige,Printed,Casual,1,Casual Outing,Summer,Cotton,Regular,CoutureLane,3.5,4544,Casual Shirt in Pink with Beige accents. Designed for casual outing occasions and suitable for summer wear. Made from cotton with a printed pattern and regular fit.
P01597,StyleCraft Modern Maroon Printed Sneakers,Footwear,Sneakers,Men,3699,Maroon,White,Printed,Smart Casual,2,Farewell,Winter,Leather,Standard,StyleCraft,4.1,3943,Smart Casual Sneakers in Maroon with White accents. Designed for farewell occasions and suitable for winter wear. Made from leather with a printed pattern and standard fit.
P01679,CoutureLane Comfort Maroon Sneakers,Footwear,Sneakers,Women,2899,Maroon,Black,Textured,Casual,1,Casual Outing,All Season,Leather,Standard,CoutureLane,3.6,3459,Casual Sneakers in Maroon with Black accents. Designed for casual outing occasions and suitable for all season wear. Made from leather with a textured pattern and standard fit.
P00986,ModaStreet Festive Cream Checked Skirt,Bottom,Skirt,Women,2399,Cream,Black,Checked,Party,2,Party,Summer,Cotton,A-Line,ModaStreet,3.8,2992,Party Skirt in Cream with Black accents. Designed for party occasions and suitable for summer wear. Made from cotton with a checked pattern and a-line fit.
P00074,TrendAura Everyday Beige T-Shirt,Top,T-Shirt,Women,1799,Beige,Olive,Solid,Casual,1,College,All Season,Cotton,Relaxed,TrendAura,4.0,4396,Casual T-Shirt in Beige with Olive accents. Designed for college occasions and suitable for all season wear. Made from cotton with a solid pattern and relaxed fit.
P01875,StyleCraft Stylish Maroon Heels,Footwear,Heels,Women,3499,Maroon,Beige,Solid,Party,2,Farewell,Winter,Faux Leather,Standard,StyleCraft,4.5,966,Party Heels in Maroon with Beige accents. Designed for farewell occasions and suitable for winter wear. Made from faux leather with a solid pattern and standard fit.
P01003,Northline Refined Cream Skirt,Bottom,Skirt,Women,1699,Cream,Olive,Solid,Smart Casual,2,Casual Outing,Winter,Denim,A-Line,Northline,4.2,1193,Smart Casual Skirt in Cream with Olive accents. Designed for casual outing occasions and suitable for winter wear. Made from denim with a solid pattern and a-line fit.
P00953,VibeWear Essential Black Chinos,Bottom,Chinos,Men,1899,Black,Maroon,Textured,Casual,1,Casual Outing,All Season,Cotton,Straight,VibeWear,4.0,4428,Casual Chinos in Black with Maroon accents. Designed for casual outing occasions and suitable for all season wear. Made from cotton with a textured pattern and straight fit.
P00480,CoutureLane Classic Maroon Knit Top,Top,Knit Top,Women,1499,Maroon,Black,Solid,Casual,1,Casual Outing,Winter,Wool Blend,Relaxed,CoutureLane,3.6,948,Casual Knit Top in Maroon with Black accents. Designed for casual outing occasions and suitable for winter wear. Made from wool blend with a solid pattern and relaxed fit.
P00757,Northline Premium Pink Trousers,Bottom,Trousers,Men,1799,Pink,White,Solid,Formal,3,Farewell,All Season,Polyester,Straight,Northline,4.7,4606,Formal Trousers in Pink with White accents. Designed for farewell occasions and suitable for all season wear. Made from polyester with a solid pattern and straight fit.
P00370,ModaStreet Premium Cream Blouse,Top,Blouse,Women,2099,Cream,Olive,Textured,Formal,3,Office,Winter,Silk Blend,Regular,ModaStreet,4.2,4397,Formal Blouse in Cream with Olive accents. Designed for office occasions and suitable for winter wear. Made from silk blend with a textured pattern and regular fit.
P00124,ClassicEdge Sport Green T-Shirt,Top,T-Shirt,Women,1599,Green,Brown,Textured,Sporty,1,Casual Outing,All Season,Cotton,Regular,ClassicEdge,3.5,578,Sporty T-Shirt in Green with Brown accents. Designed for casual outing occasions and suitable for all season wear. Made from cotton with a textured pattern and regular fit.
P01390,CoutureLane Classic Brown Blazer,Outerwear,Blazer,Women,4599,Brown,Cream,Solid,Smart Casual,2,Farewell,All Season,Wool Blend,Regular,CoutureLane,4.3,264,Smart Casual Blazer in Brown with Cream accents. Designed for farewell occasions and suitable for all season wear. Made from wool blend with a solid pattern and regular fit.
P01224,VibeWear Premium Blue Printed Formal Dress,Dress,Formal Dress,Women,4199,Blue,Brown,Printed,Formal,3,Office,Winter,Rayon,Regular,VibeWear,3.9,3960,Formal Dress in Blue with Brown accents. Designed for office occasions and suitable for winter wear. Made from rayon with a printed pattern and regular fit.
P01527,UrbanThread Refined Maroon Overshirt,Outerwear,Overshirt,Men,2199,Maroon,Beige,Solid,Smart Casual,2,Farewell,Winter,Cotton,Oversized,UrbanThread,4.7,1585,Smart Casual Overshirt in Maroon with Beige accents. Designed for farewell occasions and suitable for winter wear. Made from cotton with a solid pattern and oversized fit.
P02094,Northline Modern Maroon Watch,Accessory,Watch,Women,1199,Maroon,Navy,Textured,Smart Casual,2,Farewell,All Season,Stainless Steel,Standard,Northline,4.6,4847,Smart Casual Watch in Maroon with Navy accents. Designed for farewell occasions and suitable for all season wear. Made from stainless steel with a textured pattern and standard fit.
P02249,MetroFit Dynamic Green Backpack,Accessory,Backpack,Unisex,2199,Green,Black,Textured,Sporty,1,College,Winter,Canvas,Standard,MetroFit,4.8,3967,Sporty Backpack in Green with Black accents. Designed for college occasions and suitable for winter wear. Made from canvas with a textured pattern and standard fit.
P01712,DailyMode Premium Olive Loafers,Footwear,Loafers,Women,2899,Olive,Beige,Textured,Formal,3,Farewell,All Season,Faux Leather,Standard,DailyMode,4.6,3454,Formal Loafers in Olive with Beige accents. Designed for farewell occasions and suitable for all season wear. Made from faux leather with a textured pattern and standard fit.
P01039,UrbanThread Everyday Maroon Checked Skirt,Bottom,Skirt,Women,2699,Maroon,Beige,Checked,Casual,1,Casual Outing,Winter,Cotton,Straight,UrbanThread,3.6,3081,Casual Skirt in Maroon with Beige accents. Designed for casual outing occasions and suitable for winter wear. Made from cotton with a checked pattern and straight fit.
P01059,UrbanThread Classic Black Printed Skirt,Bottom,Skirt,Women,2799,Black,Blue,Printed,Smart Casual,2,Casual Outing,Summer,Cotton,A-Line,UrbanThread,3.7,1864,Smart Casual Skirt in Black with Blue accents. Designed for casual outing occasions and suitable for summer wear. Made from cotton with a printed pattern and a-line fit.
P00368,StyleCraft Comfort Maroon Blouse,Top,Blouse,Women,1199,Maroon,White,Solid,Casual,1,Casual Outing,Winter,Silk Blend,Slim,StyleCraft,3.6,3218,Casual Blouse in Maroon with White accents. Designed for casual outing occasions and suitable for winter wear. Made from silk blend with a solid pattern and slim fit.
P01366,UrbanThread Refined Green Checked Blazer,Outerwear,Blazer,Men,5399,Green,Beige,Checked,Smart Casual,2,Casual Outing,Winter,Cotton Blend,Regular,UrbanThread,3.6,3799,Smart Casual Blazer in Green with Beige accents. Designed for casual outing occasions and suitable for winter wear. Made from cotton blend with a checked pattern and regular fit.
P00044,Northline Essential Brown Printed T-Shirt,Top,T-Shirt,Men,999,Brown,Cream,Printed,Casual,1,College,Summer,Polyester,Relaxed,Northline,4.0,3130,Casual T-Shirt in Brown with Cream accents. Designed for college occasions and suitable for summer wear. Made from polyester with a printed pattern and relaxed fit.
P01706,Northline Premium White Loafers,Footwear,Loafers,Men,4799,White,Olive,Textured,Formal,3,Farewell,Winter,Faux Leather,Standard,Northline,4.6,2830,Formal Loafers in White with Olive accents. Designed for farewell occasions and suitable for winter wear. Made from faux leather with a textured pattern and standard fit.
P00106,ClassicEdge Sport White T-Shirt,Top,T-Shirt,Unisex,1599,White,Grey,Solid,Sporty,1,Casual Outing,Monsoon,Cotton,Oversized,ClassicEdge,4.8,1234,Sporty T-Shirt in White with Grey accents. Designed for casual outing occasions and suitable for monsoon wear. Made from cotton with a solid pattern and oversized fit.
P00689,TrendAura Modern Grey Jeans,Bottom,Jeans,Men,2199,Grey,Maroon,Textured,Smart Casual,2,Farewell,Summer,Cotton,Straight,TrendAura,3.7,1750,Smart Casual Jeans in Grey with Maroon accents. Designed for farewell occasions and suitable for summer wear. Made from cotton with a textured pattern and straight fit.
P01068,StyleCraft Everyday White Striped Casual Dress,Dress,Casual Dress,Women,1299,White,Navy,Striped,Casual,1,College,All Season,Linen,A-Line,StyleCraft,4.8,457,Casual Dress in White with Navy accents. Designed for college occasions and suitable for all season wear. Made from linen with a striped pattern and a-line fit.
P00877,UrbanThread Essential White Chinos,Bottom,Chinos,Men,1199,White,Blue,Textured,Casual,1,Casual Outing,Summer,Cotton Blend,Regular,UrbanThread,4.5,623,Casual Chinos in White with Blue accents. Designed for casual outing occasions and suitable for summer wear. Made from cotton blend with a textured pattern and regular fit.
P02188,TrendAura Statement Beige Shoulder Bag,Accessory,Shoulder Bag,Unisex,1299,Beige,Brown,Solid,Party,2,Party,Summer,Leather,Standard,TrendAura,4.3,4502,Party Shoulder Bag in Beige with Brown accents. Designed for party occasions and suitable for summer wear. Made from leather with a solid pattern and standard fit.
P02198,Northline Modern Beige Shoulder Bag,Accessory,Shoulder Bag,Unisex,2199,Beige,Maroon,Solid,Smart Casual,2,Casual Outing,All Season,Canvas,Standard,Northline,4.6,2074,Smart Casual Shoulder Bag in Beige with Maroon accents. Designed for casual outing occasions and suitable for all season wear. Made from canvas with a solid pattern and standard fit.
P02018,MetroFit Classic Blue Sandals,Footwear,Sandals,Women,1099,Blue,Grey,Solid,Casual,1,College,All Season,Leather,Standard,MetroFit,4.4,153,Casual Sandals in Blue with Grey accents. Designed for college occasions and suitable for all season wear. Made from leather with a solid pattern and standard fit.
P01887,CoutureLane Classic Beige Heels,Footwear,Heels,Women,2999,Beige,Maroon,Textured,Formal,3,Farewell,Winter,Synthetic,Standard,CoutureLane,3.7,785,Formal Heels in Beige with Maroon accents. Designed for farewell occasions and suitable for winter wear. Made from synthetic with a textured pattern and standard fit.
P00017,CoutureLane Classic Blue T-Shirt,Top,T-Shirt,Men,1099,Blue,Navy,Solid,Casual,1,Casual Outing,Monsoon,Polyester,Regular,CoutureLane,3.8,3814,Casual T-Shirt in Blue with Navy accents. Designed for casual outing occasions and suitable for monsoon wear. Made from polyester with a solid pattern and regular fit.
P00141,CoutureLane Active Brown T-Shirt,Top,T-Shirt,Men,1599,Brown,Cream,Textured,Sporty,1,College,All Season,Polyester,Oversized,CoutureLane,3.6,3626,Sporty T-Shirt in Brown with Cream accents. Designed for college occasions and suitable for all season wear. Made from polyester with a textured pattern and oversized fit.
P00989,StyleCraft Essential Green Skirt,Bottom,Skirt,Women,1799,Green,Beige,Solid,Casual,1,Casual Outing,All Season,Rayon,Relaxed,StyleCraft,4.2,1271,Casual Skirt in Green with Beige accents. Designed for casual outing occasions and suitable for all season wear. Made from rayon with a solid pattern and relaxed fit.
P00570,StyleCraft Classic Brown Jeans,Bottom,Jeans,Men,2999,Brown,Black,Solid,Smart Casual,2,Farewell,Summer,Denim,Relaxed,StyleCraft,4.6,2936,Smart Casual Jeans in Brown with Black accents. Designed for farewell occasions and suitable for summer wear. Made from denim with a solid pattern and relaxed fit.
P02020,VibeWear Premium Olive Sandals,Footwear,Sandals,Women,1999,Olive,Beige,Textured,Smart Casual,2,Farewell,Summer,Synthetic,Standard,VibeWear,4.8,4920,Smart Casual Sandals in Olive with Beige accents. Designed for farewell occasions and suitable for summer wear. Made from synthetic with a textured pattern and standard fit.
P01548,Northline Essential Pink Checked Overshirt,Outerwear,Overshirt,Women,2799,Pink,Black,Checked,Casual,1,College,All Season,Denim,Regular,Northline,3.9,1513,Casual Overshirt in Pink with Black accents. Designed for college occasions and suitable for all season wear. Made from denim with a checked pattern and regular fit.
P02127,ModaStreet Classic Beige Watch,Accessory,Watch,Women,4399,Beige,Olive,Solid,Casual,1,College,All Season,Leather,Standard,ModaStreet,3.8,820,Casual Watch in Beige with Olive accents. Designed for college occasions and suitable for all season wear. Made from leather with a solid pattern and standard fit.
P01711,ModaStreet Classic Green Loafers,Footwear,Loafers,Women,4699,Green,Black,Textured,Smart Casual,2,Casual Outing,Summer,Suede,Standard,ModaStreet,3.7,2513,Smart Casual Loafers in Green with Black accents. Designed for casual outing occasions and suitable for summer wear. Made from suede with a textured pattern and standard fit.
P00497,UrbanThread Classic Blue Knit Top,Top,Knit Top,Women,1699,Blue,White,Textured,Casual,1,College,All Season,Rayon,Slim,UrbanThread,4.1,2833,Casual Knit Top in Blue with White accents. Designed for college occasions and suitable for all season wear. Made from rayon with a textured pattern and slim fit.
P01941,Northline Elegant Brown Heels,Footwear,Heels,Women,4599,Brown,Black,Solid,Party,2,Party,Winter,Faux Leather,Standard,Northline,4.6,3066,Party Heels in Brown with Black accents. Designed for party occasions and suitable for winter wear. Made from faux leather with a solid pattern and standard fit.
P01100,CoutureLane Comfort Navy Printed Casual Dress,Dress,Casual Dress,Women,1599,Navy,Cream,Printed,Casual,1,College,All Season,Cotton,A-Line,CoutureLane,4.8,3760,Casual Dress in Navy with Cream accents. Designed for college occasions and suitable for all season wear. Made from cotton with a printed pattern and a-line fit.
P00767,MetroFit Premium Beige Checked Trousers,Bottom,Trousers,Men,2399,Beige,Olive,Checked,Smart Casual,2,Farewell,Winter,Polyester,Straight,MetroFit,3.6,3409,Smart Casual Trousers in Beige with Olive accents. Designed for farewell occasions and suitable for winter wear. Made from polyester with a checked pattern and straight fit.
P01996,TrendAura Refined Black Sandals,Footwear,Sandals,Women,2099,Black,White,Textured,Smart Casual,2,Farewell,Summer,Leather,Standard,TrendAura,3.5,4153,Smart Casual Sandals in Black with White accents. Designed for farewell occasions and suitable for summer wear. Made from leather with a textured pattern and standard fit.
P00587,ModaStreet Essential Beige Jeans,Bottom,Jeans,Men,1299,Beige,Black,Solid,Casual,1,College,Winter,Denim,Straight,ModaStreet,4.1,328,Casual Jeans in Beige with Black accents. Designed for college occasions and suitable for winter wear. Made from denim with a solid pattern and straight fit.
P00123,TrendAura Classic Blue T-Shirt,Top,T-Shirt,Unisex,1499,Blue,Navy,Solid,Casual,1,Casual Outing,Monsoon,Polyester,Relaxed,TrendAura,4.4,4313,Casual T-Shirt in Blue with Navy accents. Designed for casual outing occasions and suitable for monsoon wear. Made from polyester with a solid pattern and relaxed fit.
P00818,ClassicEdge Premium Black Trousers,Bottom,Trousers,Men,3099,Black,Blue,Solid,Formal,3,Farewell,Summer,Polyester,Regular,ClassicEdge,3.5,2052,Formal Trousers in Black with Blue accents. Designed for farewell occasions and suitable for summer wear. Made from polyester with a solid pattern and regular fit.
P01909,TrendAura Premium Maroon Heels,Footwear,Heels,Women,1899,Maroon,Navy,Solid,Formal,3,Office,All Season,Faux Leather,Standard,TrendAura,4.3,1171,Formal Heels in Maroon with Navy accents. Designed for office occasions and suitable for all season wear. Made from faux leather with a solid pattern and standard fit.
P01457,UrbanThread Essential Pink Denim Jacket,Outerwear,Denim Jacket,Men,2099,Pink,Grey,Textured,Casual,1,Casual Outing,Monsoon,Cotton,Oversized,UrbanThread,3.6,2845,Casual Denim Jacket in Pink with Grey accents. Designed for casual outing occasions and suitable for monsoon wear. Made from cotton with a textured pattern and oversized fit.
P01440,ModaStreet Comfort Pink Denim Jacket,Outerwear,Denim Jacket,Women,2699,Pink,White,Textured,Casual,1,Casual Outing,Winter,Denim,Regular,ModaStreet,4.5,3671,Casual Denim Jacket in Pink with White accents. Designed for casual outing occasions and suitable for winter wear. Made from denim with a textured pattern and regular fit.
P01074,TrendAura Refined Pink Striped Casual Dress,Dress,Casual Dress,Women,2399,Pink,Beige,Striped,Smart Casual,2,Farewell,Summer,Rayon,Regular,TrendAura,4.7,1598,Smart Casual Casual Dress in Pink with Beige accents. Designed for farewell occasions and suitable for summer wear. Made from rayon with a striped pattern and regular fit.
P02111,CoutureLane Classic Black Watch,Accessory,Watch,Women,3899,Black,Maroon,Solid,Smart Casual,2,College,All Season,Leather,Standard,CoutureLane,4.0,2549,Smart Casual Watch in Black with Maroon accents. Designed for college occasions and suitable for all season wear. Made from leather with a solid pattern and standard fit.
P02305,ModaStreet Sport Brown Printed Backpack,Accessory,Backpack,Men,2499,Brown,Navy,Printed,Sporty,1,College,Winter,Canvas,Standard,ModaStreet,4.2,1272,Sporty Backpack in Brown with Navy accents. Designed for college occasions and suitable for winter wear. Made from canvas with a printed pattern and standard fit.
P00520,DailyMode Essential White Striped Knit Top,Top,Knit Top,Women,1799,White,Grey,Striped,Casual,1,Casual Outing,All Season,Cotton,Relaxed,DailyMode,4.5,1541,Casual Knit Top in White with Grey accents. Designed for casual outing occasions and suitable for all season wear. Made from cotton with a striped pattern and relaxed fit.
P01702,StyleCraft Executive Olive Loafers,Footwear,Loafers,Men,4599,Olive,Beige,Solid,Formal,3,Farewell,Winter,Leather,Standard,StyleCraft,4.2,3064,Formal Loafers in Olive with Beige accents. Designed for farewell occasions and suitable for winter wear. Made from leather with a solid pattern and standard fit.
P01285,MetroFit Classic White Printed Formal Dress,Dress,Formal Dress,Women,1899,White,Grey,Printed,Formal,3,Farewell,Summer,Rayon,Slim,MetroFit,3.6,567,Formal Dress in White with Grey accents. Designed for farewell occasions and suitable for summer wear. Made from rayon with a printed pattern and slim fit.
P01429,ClassicEdge Everyday Black Denim Jacket,Outerwear,Denim Jacket,Women,1999,Black,Maroon,Solid,Casual,1,College,All Season,Cotton,Regular,ClassicEdge,3.7,3070,Casual Denim Jacket in Black with Maroon accents. Designed for college occasions and suitable for all season wear. Made from cotton with a solid pattern and regular fit.
P01250,ClassicEdge Statement Blue Formal Dress,Dress,Formal Dress,Women,4099,Blue,Beige,Solid,Party,2,Party,Summer,Rayon,A-Line,ClassicEdge,3.9,1419,Party Formal Dress in Blue with Beige accents. Designed for party occasions and suitable for summer wear. Made from rayon with a solid pattern and a-line fit.
P01619,TrendAura Essential Pink Sneakers,Footwear,Sneakers,Unisex,3999,Pink,White,Solid,Casual,1,Casual Outing,Monsoon,Mesh,Standard,TrendAura,3.9,4996,Casual Sneakers in Pink with White accents. Designed for casual outing occasions and suitable for monsoon wear. Made from mesh with a solid pattern and standard fit.
P00279,ClassicEdge Refined Pink Checked Shirt,Top,Shirt,Men,899,Pink,Navy,Checked,Smart Casual,2,Farewell,All Season,Cotton,Regular,ClassicEdge,4.4,2446,Smart Casual Shirt in Pink with Navy accents. Designed for farewell occasions and suitable for all season wear. Made from cotton with a checked pattern and regular fit.
P01568,ClassicEdge Refined Brown Sneakers,Footwear,Sneakers,Unisex,1499,Brown,Navy,Solid,Smart Casual,2,Farewell,All Season,Synthetic,Standard,ClassicEdge,4.4,4434,Smart Casual Sneakers in Brown with Navy accents. Designed for farewell occasions and suitable for all season wear. Made from synthetic with a solid pattern and standard fit.
P01519,MetroFit Classic White Overshirt,Outerwear,Overshirt,Women,1999,White,Olive,Solid,Casual,1,College,All Season,Linen,Oversized,MetroFit,4.7,2142,Casual Overshirt in White with Olive accents. Designed for college occasions and suitable for all season wear. Made from linen with a solid pattern and oversized fit.
P01304,Northline Classic Beige Blazer,Outerwear,Blazer,Women,5299,Beige,Brown,Textured,Smart Casual,2,College,All Season,Wool Blend,Slim,Northline,4.0,1630,Smart Casual Blazer in Beige with Brown accents. Designed for college occasions and suitable for all season wear. Made from wool blend with a textured pattern and slim fit.
P01989,CoutureLane Classic Olive Sandals,Footwear,Sandals,Women,1099,Olive,Brown,Textured,Smart Casual,2,Casual Outing,Summer,Faux Leather,Standard,CoutureLane,3.7,4131,Smart Casual Sandals in Olive with Brown accents. Designed for casual outing occasions and suitable for summer wear. Made from faux leather with a textured pattern and standard fit.
P01435,ModaStreet Classic Blue Denim Jacket,Outerwear,Denim Jacket,Women,3399,Blue,Beige,Textured,Smart Casual,2,Farewell,Winter,Cotton,Oversized,ModaStreet,3.6,2261,Smart Casual Denim Jacket in Blue with Beige accents. Designed for farewell occasions and suitable for winter wear. Made from cotton with a textured pattern and oversized fit.
P00532,UrbanThread Everyday Beige Jeans,Bottom,Jeans,Women,1599,Beige,White,Textured,Casual,1,College,Monsoon,Cotton,Straight,UrbanThread,4.7,2882,Casual Jeans in Beige with White accents. Designed for college occasions and suitable for monsoon wear. Made from cotton with a textured pattern and straight fit.
P00092,StyleCraft Comfort Olive T-Shirt,Top,T-Shirt,Women,1399,Olive,Beige,Solid,Casual,1,College,Monsoon,Polyester,Oversized,StyleCraft,3.7,1058,Casual T-Shirt in Olive with Beige accents. Designed for college occasions and suitable for monsoon wear. Made from polyester with a solid pattern and oversized fit.
P01923,StyleCraft Premium Grey Heels,Footwear,Heels,Women,2499,Grey,Beige,Solid,Formal,3,Farewell,Summer,Suede,Standard,StyleCraft,4.6,2370,Formal Heels in Grey with Beige accents. Designed for farewell occasions and suitable for summer wear. Made from suede with a solid pattern and standard fit.
P01826,TrendAura Classic Black Formal Shoes,Footwear,Formal Shoes,Men,3699,Black,White,Solid,Formal,3,Office,All Season,Leather,Standard,TrendAura,3.8,1292,Formal Shoes in Black with White accents. Designed for office occasions and suitable for all season wear. Made from leather with a solid pattern and standard fit.
P00799,DailyMode Elegant Pink Trousers,Bottom,Trousers,Women,1599,Pink,Grey,Solid,Formal,3,Office,Summer,Wool Blend,Straight,DailyMode,4.3,637,Formal Trousers in Pink with Grey accents. Designed for office occasions and suitable for summer wear. Made from wool blend with a solid pattern and straight fit.
P01666,MetroFit Active Green Sneakers,Footwear,Sneakers,Women,2799,Green,Beige,Textured,Sporty,1,College,Monsoon,Leather,Standard,MetroFit,4.0,324,Sporty Sneakers in Green with Beige accents. Designed for college occasions and suitable for monsoon wear. Made from leather with a textured pattern and standard fit.
P01600,ModaStreet Active Green Printed Sneakers,Footwear,Sneakers,Men,1999,Green,Black,Printed,Sporty,1,College,All Season,Mesh,Standard,ModaStreet,4.3,3380,Sporty Sneakers in Green with Black accents. Designed for college occasions and suitable for all season wear. Made from mesh with a printed pattern and standard fit.
P01107,Northline Modern White Striped Casual Dress,Dress,Casual Dress,Women,1899,White,Black,Striped,Smart Casual,2,Farewell,Summer,Linen,A-Line,Northline,3.8,4051,Smart Casual Casual Dress in White with Black accents. Designed for farewell occasions and suitable for summer wear. Made from linen with a striped pattern and a-line fit.
P01506,StyleCraft Classic Pink Overshirt,Outerwear,Overshirt,Men,1499,Pink,Navy,Solid,Casual,1,College,Winter,Linen,Regular,StyleCraft,3.7,625,Casual Overshirt in Pink with Navy accents. Designed for college occasions and suitable for winter wear. Made from linen with a solid pattern and regular fit.
P01500,DailyMode Modern Green Checked Overshirt,Outerwear,Overshirt,Men,2099,Green,White,Checked,Smart Casual,2,Casual Outing,All Season,Denim,Regular,DailyMode,4.1,4053,Smart Casual Overshirt in Green with White accents. Designed for casual outing occasions and suitable for all season wear. Made from denim with a checked pattern and regular fit.
P02122,VibeWear Classic Olive Watch,Accessory,Watch,Men,999,Olive,Black,Textured,Casual,1,Casual Outing,All Season,Leather,Standard,VibeWear,3.8,4986,Casual Watch in Olive with Black accents. Designed for casual outing occasions and suitable for all season wear. Made from leather with a textured pattern and standard fit.
P00726,ClassicEdge Executive Brown Checked Trousers,Bottom,Trousers,Women,1799,Brown,White,Checked,Formal,3,Farewell,Winter,Polyester,Regular,ClassicEdge,3.6,452,Formal Trousers in Brown with White accents. Designed for farewell occasions and suitable for winter wear. Made from polyester with a checked pattern and regular fit.
P02207,CoutureLane Everyday Brown Shoulder Bag,Accessory,Shoulder Bag,Women,2799,Brown,Olive,Solid,Casual,1,College,All Season,Leather,Standard,CoutureLane,3.9,1086,Casual Shoulder Bag in Brown with Olive accents. Designed for college occasions and suitable for all season wear. Made from leather with a solid pattern and standard fit.
P00475,MetroFit Refined White Knit Top,Top,Knit Top,Women,899,White,Maroon,Solid,Smart Casual,2,Casual Outing,All Season,Wool Blend,Regular,MetroFit,4.6,3516,Smart Casual Knit Top in White with Maroon accents. Designed for casual outing occasions and suitable for all season wear. Made from wool blend with a solid pattern and regular fit.
P00922,ClassicEdge Essential Beige Chinos,Bottom,Chinos,Men,2999,Beige,White,Textured,Casual,1,College,Summer,Cotton,Regular,ClassicEdge,4.7,730,Casual Chinos in Beige with White accents. Designed for college occasions and suitable for summer wear. Made from cotton with a textured pattern and regular fit.
P02013,DailyMode Modern Maroon Sandals,Footwear,Sandals,Women,1799,Maroon,Beige,Textured,Smart Casual,2,College,All Season,Synthetic,Standard,DailyMode,3.5,618,Smart Casual Sandals in Maroon with Beige accents. Designed for college occasions and suitable for all season wear. Made from synthetic with a textured pattern and standard fit.
P00866,MetroFit Premium White Chinos,Bottom,Chinos,Men,1399,White,Beige,Textured,Smart Casual,2,College,All Season,Cotton,Regular,MetroFit,4.1,2138,Smart Casual Chinos in White with Beige accents. Designed for college occasions and suitable for all season wear. Made from cotton with a textured pattern and regular fit.
P01143,Northline Classic Olive Casual Dress,Dress,Casual Dress,Women,2799,Olive,Cream,Solid,Casual,1,College,All Season,Cotton,Relaxed,Northline,4.4,4199,Casual Dress in Olive with Cream accents. Designed for college occasions and suitable for all season wear. Made from cotton with a solid pattern and relaxed fit.
P00833,ModaStreet Classic Blue Trousers,Bottom,Trousers,Men,1699,Blue,Navy,Textured,Smart Casual,2,Casual Outing,All Season,Wool Blend,Regular,ModaStreet,3.8,1292,Smart Casual Trousers in Blue with Navy accents. Designed for casual outing occasions and suitable for all season wear. Made from wool blend with a textured pattern and regular fit.
P00312,ClassicEdge Everyday Brown Striped Shirt,Top,Shirt,Men,899,Brown,Black,Striped,Casual,1,College,Winter,Rayon,Slim,ClassicEdge,4.5,1688,Casual Shirt in Brown with Black accents. Designed for college occasions and suitable for winter wear. Made from rayon with a striped pattern and slim fit.
P01907,MetroFit Elegant Pink Heels,Footwear,Heels,Women,2199,Pink,Navy,Textured,Formal,3,Farewell,Winter,Faux Leather,Standard,MetroFit,4.1,2928,Formal Heels in Pink with Navy accents. Designed for farewell occasions and suitable for winter wear. Made from faux leather with a textured pattern and standard fit.
P02304,TrendAura Sport Brown Printed Backpack,Accessory,Backpack,Unisex,1499,Brown,Navy,Printed,Sporty,1,Casual Outing,Summer,Canvas,Standard,TrendAura,4.5,939,Sporty Backpack in Brown with Navy accents. Designed for casual outing occasions and suitable for summer wear. Made from canvas with a printed pattern and standard fit.
P02070,MetroFit Classic White Belt,Accessory,Belt,Unisex,1399,White,Olive,Solid,Formal,3,Office,All Season,Faux Leather,Standard,MetroFit,4.1,4022,Formal Belt in White with Olive accents. Designed for office occasions and suitable for all season wear. Made from faux leather with a solid pattern and standard fit.
P00403,CoutureLane Classic White Blouse,Top,Blouse,Women,799,White,Beige,Solid,Smart Casual,2,College,Summer,Cotton,Relaxed,CoutureLane,4.0,4432,Smart Casual Blouse in White with Beige accents. Designed for college occasions and suitable for summer wear. Made from cotton with a solid pattern and relaxed fit.
P00431,ClassicEdge Statement Pink Blouse,Top,Blouse,Women,1199,Pink,Black,Textured,Party,2,Party,All Season,Cotton,Regular,ClassicEdge,3.9,280,Party Blouse in Pink with Black accents. Designed for party occasions and suitable for all season wear. Made from cotton with a textured pattern and regular fit.
P01513,Northline Classic White Checked Overshirt,Outerwear,Overshirt,Women,2399,White,Olive,Checked,Smart Casual,2,Farewell,Monsoon,Denim,Relaxed,Northline,4.1,301,Smart Casual Overshirt in White with Olive accents. Designed for farewell occasions and suitable for monsoon wear. Made from denim with a checked pattern and relaxed fit.
P02220,MetroFit Refined Navy Shoulder Bag,Accessory,Shoulder Bag,Women,1799,Navy,Beige,Solid,Smart Casual,2,Casual Outing,Summer,Leather,Standard,MetroFit,3.9,209,Smart Casual Shoulder Bag in Navy with Beige accents. Designed for casual outing occasions and suitable for summer wear. Made from leather with a solid pattern and standard fit.
P01570,ClassicEdge Dynamic Maroon Printed Sneakers,Footwear,Sneakers,Unisex,2599,Maroon,Beige,Printed,Sporty,1,Casual Outing,Monsoon,Synthetic,Standard,ClassicEdge,4.5,161,Sporty Sneakers in Maroon with Beige accents. Designed for casual outing occasions and suitable for monsoon wear. Made from synthetic with a printed pattern and standard fit.
P01534,CoutureLane Essential Grey Overshirt,Outerwear,Overshirt,Men,1499,Grey,Blue,Solid,Casual,1,Casual Outing,Winter,Cotton,Regular,CoutureLane,4.5,1031,Casual Overshirt in Grey with Blue accents. Designed for casual outing occasions and suitable for winter wear. Made from cotton with a solid pattern and regular fit.
P00331,ModaStreet Premium Pink Blouse,Top,Blouse,Women,2399,Pink,Black,Textured,Formal,3,Office,All Season,Rayon,Regular,ModaStreet,4.2,3275,Formal Blouse in Pink with Black accents. Designed for office occasions and suitable for all season wear. Made from rayon with a textured pattern and regular fit.
P01789,Northline Elegant Olive Loafers,Footwear,Loafers,Men,2199,Olive,Brown,Solid,Formal,3,Office,Summer,Leather,Standard,Northline,4.2,2889,Formal Loafers in Olive with Brown accents. Designed for office occasions and suitable for summer wear. Made from leather with a solid pattern and standard fit.
P02080,CoutureLane Elegant Blue Belt,Accessory,Belt,Men,1099,Blue,Navy,Solid,Formal,3,Farewell,All Season,Faux Leather,Standard,CoutureLane,4.1,3942,Formal Belt in Blue with Navy accents. Designed for farewell occasions and suitable for all season wear. Made from faux leather with a solid pattern and standard fit.
P00147,ClassicEdge Sport Brown T-Shirt,Top,T-Shirt,Men,1699,Brown,Cream,Solid,Sporty,1,College,All Season,Polyester,Regular,ClassicEdge,3.7,4960,Sporty T-Shirt in Brown with Cream accents. Designed for college occasions and suitable for all season wear. Made from polyester with a solid pattern and regular fit.
P00600,CoutureLane Comfort Black Jeans,Bottom,Jeans,Women,1399,Black,Cream,Textured,Casual,1,College,All Season,Denim,Relaxed,CoutureLane,4.7,228,Casual Jeans in Black with Cream accents. Designed for college occasions and suitable for all season wear. Made from denim with a textured pattern and relaxed fit.
P02307,TrendAura Everyday Olive Printed Backpack,Accessory,Backpack,Unisex,1999,Olive,Beige,Printed,Casual,1,College,Winter,Canvas,Standard,TrendAura,4.0,854,Casual Backpack in Olive with Beige accents. Designed for college occasions and suitable for winter wear. Made from canvas with a printed pattern and standard fit.
P01695,ModaStreet Sport Navy Sneakers,Footwear,Sneakers,Unisex,1699,Navy,Brown,Textured,Sporty,1,Casual Outing,Monsoon,Leather,Standard,ModaStreet,4.1,3536,Sporty Sneakers in Navy with Brown accents. Designed for casual outing occasions and suitable for monsoon wear. Made from leather with a textured pattern and standard fit.
P01652,Northline Sport Navy Printed Sneakers,Footwear,Sneakers,Men,1499,Navy,White,Printed,Sporty,1,College,Monsoon,Leather,Standard,Northline,3.6,1691,Sporty Sneakers in Navy with White accents. Designed for college occasions and suitable for monsoon wear. Made from leather with a printed pattern and standard fit.
P01709,Northline Elegant Cream Loafers,Footwear,Loafers,Women,2399,Cream,Olive,Textured,Formal,3,Office,Winter,Leather,Standard,Northline,4.1,1319,Formal Loafers in Cream with Olive accents. Designed for office occasions and suitable for winter wear. Made from leather with a textured pattern and standard fit.
P00404,UrbanThread Classic Cream Blouse,Top,Blouse,Women,2399,Cream,Black,Textured,Smart Casual,2,Casual Outing,All Season,Silk Blend,Relaxed,UrbanThread,3.6,1420,Smart Casual Blouse in Cream with Black accents. Designed for casual outing occasions and suitable for all season wear. Made from silk blend with a textured pattern and relaxed fit.
P02062,VibeWear Classic Olive Belt,Accessory,Belt,Women,999,Olive,Beige,Solid,Smart Casual,2,Casual Outing,All Season,Faux Leather,Standard,VibeWear,4.0,4656,Smart Casual Belt in Olive with Beige accents. Designed for casual outing occasions and suitable for all season wear. Made from faux leather with a solid pattern and standard fit.
P02138,Northline Classic Black Watch,Accessory,Watch,Men,1899,Black,Cream,Solid,Casual,1,Casual Outing,All Season,Leather,Standard,Northline,3.5,3820,Casual Watch in Black with Cream accents. Designed for casual outing occasions and suitable for all season wear. Made from leather with a solid pattern and standard fit.
P01974,Northline Classic Grey Sandals,Footwear,Sandals,Women,1399,Grey,Beige,Textured,Casual,1,Casual Outing,All Season,Faux Leather,Standard,Northline,4.1,3722,Casual Sandals in Grey with Beige accents. Designed for casual outing occasions and suitable for all season wear. Made from faux leather with a textured pattern and standard fit.
P00769,ClassicEdge Premium Olive Trousers,Bottom,Trousers,Men,2699,Olive,Beige,Solid,Formal,3,Farewell,All Season,Polyester,Straight,ClassicEdge,4.4,3833,Formal Trousers in Olive with Beige accents. Designed for farewell occasions and suitable for all season wear. Made from polyester with a solid pattern and straight fit.
P02306,DailyMode Essential Olive Backpack,Accessory,Backpack,Men,1099,Olive,Brown,Textured,Casual,1,College,All Season,Polyester,Standard,DailyMode,3.9,665,Casual Backpack in Olive with Brown accents. Designed for college occasions and suitable for all season wear. Made from polyester with a textured pattern and standard fit.
P00827,Northline Classic Olive Checked Trousers,Bottom,Trousers,Men,2599,Olive,Black,Checked,Smart Casual,2,Farewell,All Season,Cotton,Slim,Northline,4.1,828,Smart Casual Trousers in Olive with Black accents. Designed for farewell occasions and suitable for all season wear. Made from cotton with a checked pattern and slim fit.
P00756,VibeWear Premium Olive Checked Trousers,Bottom,Trousers,Women,1999,Olive,Cream,Checked,Smart Casual,2,College,Summer,Cotton,Regular,VibeWear,4.1,1309,Smart Casual Trousers in Olive with Cream accents. Designed for college occasions and suitable for summer wear. Made from cotton with a checked pattern and regular fit.
P01211,VibeWear Festive Black Printed Formal Dress,Dress,Formal Dress,Women,2899,Black,White,Printed,Party,2,Party,Winter,Rayon,Regular,VibeWear,4.5,1150,Party Formal Dress in Black with White accents. Designed for party occasions and suitable for winter wear. Made from rayon with a printed pattern and regular fit.
P00919,StyleCraft Everyday White Chinos,Bottom,Chinos,Men,2599,White,Olive,Solid,Casual,1,Casual Outing,Winter,Cotton,Slim,StyleCraft,4.4,535,Casual Chinos in White with Olive accents. Designed for casual outing occasions and suitable for winter wear. Made from cotton with a solid pattern and slim fit.
P01614,DailyMode Classic Green Sneakers,Footwear,Sneakers,Unisex,4499,Green,Beige,Textured,Casual,1,College,Monsoon,Mesh,Standard,DailyMode,4.2,3768,Casual Sneakers in Green with Beige accents. Designed for college occasions and suitable for monsoon wear. Made from mesh with a textured pattern and standard fit.
P02162,DailyMode Classic White Watch,Accessory,Watch,Unisex,3599,White,Blue,Textured,Formal,3,Farewell,All Season,Synthetic,Standard,DailyMode,4.1,1282,Formal Watch in White with Blue accents. Designed for farewell occasions and suitable for all season wear. Made from synthetic with a textured pattern and standard fit.
P01809,TrendAura Executive Pink Formal Shoes,Footwear,Formal Shoes,Men,2499,Pink,Grey,Textured,Formal,3,Office,All Season,Faux Leather,Standard,TrendAura,4.4,4394,Formal Shoes in Pink with Grey accents. Designed for office occasions and suitable for all season wear. Made from faux leather with a textured pattern and standard fit.
P01240,MetroFit Executive Olive Formal Dress,Dress,Formal Dress,Women,2599,Olive,Beige,Textured,Formal,3,Farewell,Summer,Rayon,A-Line,MetroFit,4.8,1907,Formal Dress in Olive with Beige accents. Designed for farewell occasions and suitable for summer wear. Made from rayon with a textured pattern and a-line fit.
P01732,StyleCraft Elegant Green Loafers,Footwear,Loafers,Women,4499,Green,White,Solid,Formal,3,Farewell,All Season,Faux Leather,Standard,StyleCraft,3.7,2265,Formal Loafers in Green with White accents. Designed for farewell occasions and suitable for all season wear. Made from faux leather with a solid pattern and standard fit.
P01579,CoutureLane Sport Pink Sneakers,Footwear,Sneakers,Women,2099,Pink,Beige,Textured,Sporty,1,Casual Outing,Summer,Leather,Standard,CoutureLane,4.3,3432,Sporty Sneakers in Pink with Beige accents. Designed for casual outing occasions and suitable for summer wear. Made from leather with a textured pattern and standard fit.
P01628,ModaStreet Sport Blue Sneakers,Footwear,Sneakers,Unisex,1999,Blue,Black,Textured,Sporty,1,College,Winter,Synthetic,Standard,ModaStreet,4.9,2470,Sporty Sneakers in Blue with Black accents. Designed for college occasions and suitable for winter wear. Made from synthetic with a textured pattern and standard fit.
P01341,StyleCraft Premium Blue Blazer,Outerwear,Blazer,Men,5099,Blue,Black,Solid,Formal,3,Office,Winter,Cotton Blend,Slim,StyleCraft,4.2,1168,Formal Blazer in Blue with Black accents. Designed for office occasions and suitable for winter wear. Made from cotton blend with a solid pattern and slim fit.
P02238,ClassicEdge Premium Pink Printed Shoulder Bag,Accessory,Shoulder Bag,Unisex,1999,Pink,White,Printed,Smart Casual,2,College,All Season,Leather,Standard,ClassicEdge,4.6,658,Smart Casual Shoulder Bag in Pink with White accents. Designed for college occasions and suitable for all season wear. Made from leather with a printed pattern and standard fit.
P00810,TrendAura Refined Maroon Checked Trousers,Bottom,Trousers,Women,1499,Maroon,Black,Checked,Smart Casual,2,Casual Outing,Summer,Polyester,Regular,TrendAura,3.9,1370,Smart Casual Trousers in Maroon with Black accents. Designed for casual outing occasions and suitable for summer wear. Made from polyester with a checked pattern and regular fit.
P00993,VibeWear Classic Blue Checked Skirt,Bottom,Skirt,Women,2299,Blue,Black,Checked,Casual,1,College,Summer,Denim,Relaxed,VibeWear,4.9,1933,Casual Skirt in Blue with Black accents. Designed for college occasions and suitable for summer wear. Made from denim with a checked pattern and relaxed fit.
P01450,CoutureLane Essential Brown Denim Jacket,Outerwear,Denim Jacket,Men,2299,Brown,Black,Solid,Casual,1,College,Monsoon,Cotton,Regular,CoutureLane,4.0,90,Casual Denim Jacket in Brown with Black accents. Designed for college occasions and suitable for monsoon wear. Made from cotton with a solid pattern and regular fit.
P00024,StyleCraft Performance Grey T-Shirt,Top,T-Shirt,Unisex,899,Grey,Maroon,Solid,Sporty,1,Casual Outing,Monsoon,Polyester,Oversized,StyleCraft,3.7,901,Sporty T-Shirt in Grey with Maroon accents. Designed for casual outing occasions and suitable for monsoon wear. Made from polyester with a solid pattern and oversized fit.
P01906,VibeWear Stylish Blue Heels,Footwear,Heels,Women,3899,Blue,Brown,Solid,Party,2,Farewell,Summer,Suede,Standard,VibeWear,4.2,3540,Party Heels in Blue with Brown accents. Designed for farewell occasions and suitable for summer wear. Made from suede with a solid pattern and standard fit.
P02204,ClassicEdge Comfort Olive Shoulder Bag,Accessory,Shoulder Bag,Unisex,2199,Olive,Black,Solid,Casual,1,College,Winter,Faux Leather,Standard,ClassicEdge,4.3,2852,Casual Shoulder Bag in Olive with Black accents. Designed for college occasions and suitable for winter wear. Made from faux leather with a solid pattern and standard fit.
P02021,VibeWear Premium Blue Sandals,Footwear,Sandals,Unisex,1899,Blue,Beige,Solid,Smart Casual,2,Farewell,All Season,Synthetic,Standard,VibeWear,3.8,2730,Smart Casual Sandals in Blue with Beige accents. Designed for farewell occasions and suitable for all season wear. Made from synthetic with a solid pattern and standard fit.
P02148,MetroFit Comfort Green Watch,Accessory,Watch,Women,2399,Green,White,Textured,Casual,1,College,All Season,Synthetic,Standard,MetroFit,3.7,3251,Casual Watch in Green with White accents. Designed for college occasions and suitable for all season wear. Made from synthetic with a textured pattern and standard fit.
P00904,CoutureLane Classic Blue Chinos,Bottom,Chinos,Men,2799,Blue,Beige,Textured,Smart Casual,2,College,Summer,Cotton Blend,Regular,CoutureLane,4.3,692,Smart Casual Chinos in Blue with Beige accents. Designed for college occasions and suitable for summer wear. Made from cotton blend with a textured pattern and regular fit.
P00582,DailyMode Classic Blue Jeans,Bottom,Jeans,Men,2699,Blue,White,Textured,Casual,1,Casual Outing,Summer,Cotton,Relaxed,DailyMode,3.9,2812,Casual Jeans in Blue with White accents. Designed for casual outing occasions and suitable for summer wear. Made from cotton with a textured pattern and relaxed fit.
P00129,VibeWear Comfort White Striped T-Shirt,Top,T-Shirt,Women,1199,White,Brown,Striped,Casual,1,College,All Season,Cotton,Regular,VibeWear,4.3,3515,Casual T-Shirt in White with Brown accents. Designed for college occasions and suitable for all season wear. Made from cotton with a striped pattern and regular fit.
P01921,DailyMode Executive Navy Heels,Footwear,Heels,Women,3599,Navy,Cream,Textured,Formal,3,Office,Summer,Faux Leather,Standard,DailyMode,3.6,1110,Formal Heels in Navy with Cream accents. Designed for office occasions and suitable for summer wear. Made from faux leather with a textured pattern and standard fit.
P01567,CoutureLane Everyday Beige Sneakers,Footwear,Sneakers,Unisex,4799,Beige,Brown,Solid,Casual,1,Casual Outing,Winter,Mesh,Standard,CoutureLane,4.2,187,Casual Sneakers in Beige with Brown accents. Designed for casual outing occasions and suitable for winter wear. Made from mesh with a solid pattern and standard fit.
P02038,DailyMode Executive Maroon Belt,Accessory,Belt,Women,899,Maroon,Navy,Solid,Formal,3,Farewell,All Season,Leather,Standard,DailyMode,4.2,765,Formal Belt in Maroon with Navy accents. Designed for farewell occasions and suitable for all season wear. Made from leather with a solid pattern and standard fit.
P00898,UrbanThread Modern Maroon Chinos,Bottom,Chinos,Men,2899,Maroon,Grey,Solid,Smart Casual,2,Casual Outing,All Season,Cotton Blend,Slim,UrbanThread,4.3,1268,Smart Casual Chinos in Maroon with Grey accents. Designed for casual outing occasions and suitable for all season wear. Made from cotton blend with a solid pattern and slim fit.
P02056,MetroFit Classic Beige Belt,Accessory,Belt,Women,699,Beige,Black,Textured,Smart Casual,2,College,All Season,Faux Leather,Standard,MetroFit,4.4,2844,Smart Casual Belt in Beige with Black accents. Designed for college occasions and suitable for all season wear. Made from faux leather with a textured pattern and standard fit.
P00348,TrendAura Stylish White Blouse,Top,Blouse,Women,2399,White,Black,Textured,Party,2,Farewell,Summer,Rayon,Slim,TrendAura,3.9,4919,Party Blouse in White with Black accents. Designed for farewell occasions and suitable for summer wear. Made from rayon with a textured pattern and slim fit.
P01337,DailyMode Classic Navy Blazer,Outerwear,Blazer,Women,2799,Navy,Beige,Textured,Smart Casual,2,Farewell,Winter,Cotton Blend,Regular,DailyMode,4.6,356,Smart Casual Blazer in Navy with Beige accents. Designed for farewell occasions and suitable for winter wear. Made from cotton blend with a textured pattern and regular fit.
P02287,UrbanThread Classic Grey Backpack,Accessory,Backpack,Women,1099,Grey,Navy,Solid,Casual,1,Casual Outing,Winter,Polyester,Standard,UrbanThread,4.7,925,Casual Backpack in Grey with Navy accents. Designed for casual outing occasions and suitable for winter wear. Made from polyester with a solid pattern and standard fit.
P00261,TrendAura Essential White Striped Shirt,Top,Shirt,Women,1299,White,Black,Striped,Casual,1,College,All Season,Rayon,Regular,TrendAura,3.6,56,Casual Shirt in White with Black accents. Designed for college occasions and suitable for all season wear. Made from rayon with a striped pattern and regular fit.
P01292,DailyMode Classic Brown Checked Blazer,Outerwear,Blazer,Men,3299,Brown,White,Checked,Formal,3,Farewell,Winter,Wool Blend,Slim,DailyMode,4.2,4498,Formal Blazer in Brown with White accents. Designed for farewell occasions and suitable for winter wear. Made from wool blend with a checked pattern and slim fit.
P01733,TrendAura Refined Pink Loafers,Footwear,Loafers,Men,4599,Pink,Navy,Solid,Smart Casual,2,Farewell,All Season,Suede,Standard,TrendAura,4.5,350,Smart Casual Loafers in Pink with Navy accents. Designed for farewell occasions and suitable for all season wear. Made from suede with a solid pattern and standard fit.
P01958,UrbanThread Classic Cream Sandals,Footwear,Sandals,Unisex,1199,Cream,Olive,Solid,Casual,1,Casual Outing,All Season,Synthetic,Standard,UrbanThread,3.8,957,Casual Sandals in Cream with Olive accents. Designed for casual outing occasions and suitable for all season wear. Made from synthetic with a solid pattern and standard fit.
P01096,StyleCraft Classic Pink Striped Casual Dress,Dress,Casual Dress,Women,2499,Pink,Black,Striped,Smart Casual,2,Casual Outing,All Season,Cotton,Relaxed,StyleCraft,4.6,2287,Smart Casual Casual Dress in Pink with Black accents. Designed for casual outing occasions and suitable for all season wear. Made from cotton with a striped pattern and relaxed fit.
P00133,VibeWear Comfort Maroon T-Shirt,Top,T-Shirt,Unisex,1599,Maroon,White,Textured,Casual,1,Casual Outing,All Season,Cotton,Relaxed,VibeWear,4.1,2364,Casual T-Shirt in Maroon with White accents. Designed for casual outing occasions and suitable for all season wear. Made from cotton with a textured pattern and relaxed fit.
P00198,CoutureLane Premium Olive Checked Shirt,Top,Shirt,Men,1099,Olive,White,Checked,Smart Casual,2,Casual Outing,Winter,Rayon,Relaxed,CoutureLane,4.6,3376,Smart Casual Shirt in Olive with White accents. Designed for casual outing occasions and suitable for winter wear. Made from rayon with a checked pattern and relaxed fit.
P00178,Northline Classic Cream Shirt,Top,Shirt,Women,1599,Cream,Olive,Solid,Smart Casual,2,Casual Outing,Winter,Cotton,Regular,Northline,4.3,2343,Smart Casual Shirt in Cream with Olive accents. Designed for casual outing occasions and suitable for winter wear. Made from cotton with a solid pattern and regular fit.
P00436,Northline Comfort Pink Blouse,Top,Blouse,Women,1399,Pink,Black,Solid,Casual,1,College,Winter,Rayon,Regular,Northline,3.8,2291,Casual Blouse in Pink with Black accents. Designed for college occasions and suitable for winter wear. Made from rayon with a solid pattern and regular fit.
P00351,DailyMode Festive Maroon Blouse,Top,Blouse,Women,1899,Maroon,Beige,Solid,Party,2,Farewell,All Season,Rayon,Regular,DailyMode,4.8,2290,Party Blouse in Maroon with Beige accents. Designed for farewell occasions and suitable for all season wear. Made from rayon with a solid pattern and regular fit.
P00613,UrbanThread Refined Blue Jeans,Bottom,Jeans,Women,1199,Blue,Grey,Solid,Smart Casual,2,Farewell,Winter,Denim,Straight,UrbanThread,4.6,2956,Smart Casual Jeans in Blue with Grey accents. Designed for farewell occasions and suitable for winter wear. Made from denim with a solid pattern and straight fit.
P00492,ClassicEdge Essential White Knit Top,Top,Knit Top,Women,799,White,Olive,Solid,Casual,1,Casual Outing,All Season,Wool Blend,Regular,ClassicEdge,4.0,1460,Casual Knit Top in White with Olive accents. Designed for casual outing occasions and suitable for all season wear. Made from wool blend with a solid pattern and regular fit.
P00378,TrendAura Essential White Blouse,Top,Blouse,Women,1499,White,Grey,Textured,Casual,1,College,Summer,Rayon,Regular,TrendAura,4.5,299,Casual Blouse in White with Grey accents. Designed for college occasions and suitable for summer wear. Made from rayon with a textured pattern and regular fit.
P00662,VibeWear Refined Beige Jeans,Bottom,Jeans,Men,1599,Beige,Black,Solid,Smart Casual,2,Casual Outing,All Season,Denim,Slim,VibeWear,4.0,335,Smart Casual Jeans in Beige with Black accents. Designed for casual outing occasions and suitable for all season wear. Made from denim with a solid pattern and slim fit.
P01860,DailyMode Premium Maroon Formal Shoes,Footwear,Formal Shoes,Men,4799,Maroon,Beige,Solid,Formal,3,Office,All Season,Faux Leather,Standard,DailyMode,3.8,212,Formal Shoes in Maroon with Beige accents. Designed for office occasions and suitable for all season wear. Made from faux leather with a solid pattern and standard fit.
P01828,DailyMode Classic Black Formal Shoes,Footwear,Formal Shoes,Men,2499,Black,Grey,Textured,Formal,3,Office,Summer,Faux Leather,Standard,DailyMode,3.8,308,Formal Shoes in Black with Grey accents. Designed for office occasions and suitable for summer wear. Made from faux leather with a textured pattern and standard fit.
P00234,StyleCraft Comfort Beige Checked Shirt,Top,Shirt,Women,1199,Beige,Navy,Checked,Casual,1,College,Winter,Linen,Relaxed,StyleCraft,4.2,456,Casual Shirt in Beige with Navy accents. Designed for college occasions and suitable for winter wear. Made from linen with a checked pattern and relaxed fit.
P01005,ModaStreet Modern Beige Printed Skirt,Bottom,Skirt,Women,2199,Beige,Maroon,Printed,Smart Casual,2,College,Winter,Denim,A-Line,ModaStreet,4.4,1646,Smart Casual Skirt in Beige with Maroon accents. Designed for college occasions and suitable for winter wear. Made from denim with a printed pattern and a-line fit.
P01117,UrbanThread Classic Brown Casual Dress,Dress,Casual Dress,Women,2599,Brown,Beige,Solid,Smart Casual,2,Casual Outing,Summer,Cotton,A-Line,UrbanThread,4.7,3403,Smart Casual Casual Dress in Brown with Beige accents. Designed for casual outing occasions and suitable for summer wear. Made from cotton with a solid pattern and a-line fit.
P01791,VibeWear Premium Grey Formal Shoes,Footwear,Formal Shoes,Men,3999,Grey,Navy,Solid,Formal,3,Farewell,Summer,Leather,Standard,VibeWear,4.3,25,Formal Shoes in Grey with Navy accents. Designed for farewell occasions and suitable for summer wear. Made from leather with a solid pattern and standard fit.
P01902,ClassicEdge Elegant Brown Heels,Footwear,Heels,Women,4999,Brown,White,Solid,Party,2,Farewell,Winter,Suede,Standard,ClassicEdge,3.6,3437,Party Heels in Brown with White accents. Designed for farewell occasions and suitable for winter wear. Made from suede with a solid pattern and standard fit.
P02065,ModaStreet Executive Brown Belt,Accessory,Belt,Women,599,Brown,Navy,Solid,Formal,3,Farewell,All Season,Leather,Standard,ModaStreet,4.3,1420,Formal Belt in Brown with Navy accents. Designed for farewell occasions and suitable for all season wear. Made from leather with a solid pattern and standard fit.
P00449,DailyMode Refined Brown Knit Top,Top,Knit Top,Women,1199,Brown,Black,Textured,Smart Casual,2,College,All Season,Wool Blend,Slim,DailyMode,4.2,1566,Smart Casual Knit Top in Brown with Black accents. Designed for college occasions and suitable for all season wear. Made from wool blend with a textured pattern and slim fit.
P02001,UrbanThread Comfort Green Sandals,Footwear,Sandals,Women,999,Green,Brown,Solid,Casual,1,Casual Outing,All Season,Faux Leather,Standard,UrbanThread,4.3,4608,Casual Sandals in Green with Brown accents. Designed for casual outing occasions and suitable for all season wear. Made from faux leather with a solid pattern and standard fit.
P02285,StyleCraft Sport Blue Backpack,Accessory,Backpack,Men,1299,Blue,Grey,Textured,Sporty,1,College,All Season,Synthetic,Standard,StyleCraft,4.2,2670,Sporty Backpack in Blue with Grey accents. Designed for college occasions and suitable for all season wear. Made from synthetic with a textured pattern and standard fit.
P00750,TrendAura Executive Maroon Trousers,Bottom,Trousers,Women,3099,Maroon,Black,Textured,Formal,3,Office,All Season,Polyester,Regular,TrendAura,4.5,4341,Formal Trousers in Maroon with Black accents. Designed for office occasions and suitable for all season wear. Made from polyester with a textured pattern and regular fit.
P00495,StyleCraft Classic Olive Striped Knit Top,Top,Knit Top,Women,1199,Olive,Beige,Striped,Smart Casual,2,Farewell,All Season,Wool Blend,Regular,StyleCraft,3.9,655,Smart Casual Knit Top in Olive with Beige accents. Designed for farewell occasions and suitable for all season wear. Made from wool blend with a striped pattern and regular fit.
P02288,MetroFit Classic Grey Printed Backpack,Accessory,Backpack,Unisex,2199,Grey,Black,Printed,Casual,1,Casual Outing,All Season,Synthetic,Standard,MetroFit,3.5,723,Casual Backpack in Grey with Black accents. Designed for casual outing occasions and suitable for all season wear. Made from synthetic with a printed pattern and standard fit.
P00007,Northline Essential Pink Striped T-Shirt,Top,T-Shirt,Men,1099,Pink,Black,Striped,Casual,1,Casual Outing,Monsoon,Polyester,Regular,Northline,4.7,3783,Casual T-Shirt in Pink with Black accents. Designed for casual outing occasions and suitable for monsoon wear. Made from polyester with a striped pattern and regular fit.
P01438,StyleCraft Premium Beige Denim Jacket,Outerwear,Denim Jacket,Women,2999,Beige,Navy,Textured,Smart Casual,2,College,Winter,Cotton,Oversized,StyleCraft,3.7,4649,Smart Casual Denim Jacket in Beige with Navy accents. Designed for college occasions and suitable for winter wear. Made from cotton with a textured pattern and oversized fit.
P02210,Northline Modern White Shoulder Bag,Accessory,Shoulder Bag,Unisex,1699,White,Maroon,Textured,Smart Casual,2,College,All Season,Canvas,Standard,Northline,3.8,2189,Smart Casual Shoulder Bag in White with Maroon accents. Designed for college occasions and suitable for all season wear. Made from canvas with a textured pattern and standard fit.
P01504,ClassicEdge Classic Pink Checked Overshirt,Outerwear,Overshirt,Men,2099,Pink,Black,Checked,Smart Casual,2,Casual Outing,Monsoon,Denim,Regular,ClassicEdge,3.5,773,Smart Casual Overshirt in Pink with Black accents. Designed for casual outing occasions and suitable for monsoon wear. Made from denim with a checked pattern and regular fit.
P00881,ModaStreet Modern Beige Chinos,Bottom,Chinos,Men,1799,Beige,Brown,Textured,Smart Casual,2,Casual Outing,All Season,Cotton Blend,Straight,ModaStreet,4.1,2304,Smart Casual Chinos in Beige with Brown accents. Designed for casual outing occasions and suitable for all season wear. Made from cotton blend with a textured pattern and straight fit.
P01282,CoutureLane Stylish Black Printed Formal Dress,Dress,Formal Dress,Women,2399,Black,Blue,Printed,Party,2,Farewell,Winter,Rayon,Slim,CoutureLane,4.4,1218,Party Formal Dress in Black with Blue accents. Designed for farewell occasions and suitable for winter wear. Made from rayon with a printed pattern and slim fit.
P00542,DailyMode Classic Grey Jeans,Bottom,Jeans,Men,1299,Grey,Maroon,Solid,Casual,1,Casual Outing,Winter,Cotton,Straight,DailyMode,4.8,4005,Casual Jeans in Grey with Maroon accents. Designed for casual outing occasions and suitable for winter wear. Made from cotton with a solid pattern and straight fit.
P02267,DailyMode Comfort Maroon Backpack,Accessory,Backpack,Men,1099,Maroon,Grey,Textured,Casual,1,College,Winter,Synthetic,Standard,DailyMode,4.2,2918,Casual Backpack in Maroon with Grey accents. Designed for college occasions and suitable for winter wear. Made from synthetic with a textured pattern and standard fit.
P00483,Northline Modern White Striped Knit Top,Top,Knit Top,Women,1399,White,Brown,Striped,Smart Casual,2,Farewell,Winter,Wool Blend,Regular,Northline,4.5,1663,Smart Casual Knit Top in White with Brown accents. Designed for farewell occasions and suitable for winter wear. Made from wool blend with a striped pattern and regular fit.
P00672,VibeWear Essential Green Jeans,Bottom,Jeans,Men,1599,Green,Beige,Textured,Casual,1,Casual Outing,All Season,Denim,Relaxed,VibeWear,3.9,4957,Casual Jeans in Green with Beige accents. Designed for casual outing occasions and suitable for all season wear. Made from denim with a textured pattern and relaxed fit.
P00642,ClassicEdge Classic Green Jeans,Bottom,Jeans,Men,2499,Green,Black,Textured,Casual,1,College,Winter,Denim,Straight,ClassicEdge,4.1,3329,Casual Jeans in Green with Black accents. Designed for college occasions and suitable for winter wear. Made from denim with a textured pattern and straight fit.
P02088,StyleCraft Modern White Belt,Accessory,Belt,Unisex,1499,White,Beige,Solid,Smart Casual,2,Casual Outing,All Season,Leather,Standard,StyleCraft,4.7,1596,Smart Casual Belt in White with Beige accents. Designed for casual outing occasions and suitable for all season wear. Made from leather with a solid pattern and standard fit.
P00438,MetroFit Classic White Blouse,Top,Blouse,Women,2499,White,Beige,Textured,Formal,3,Office,Summer,Silk Blend,Regular,MetroFit,4.1,1090,Formal Blouse in White with Beige accents. Designed for office occasions and suitable for summer wear. Made from silk blend with a textured pattern and regular fit.
P00728,MetroFit Premium Beige Checked Trousers,Bottom,Trousers,Women,1999,Beige,Maroon,Checked,Smart Casual,2,College,All Season,Cotton,Regular,MetroFit,4.4,1745,Smart Casual Trousers in Beige with Maroon accents. Designed for college occasions and suitable for all season wear. Made from cotton with a checked pattern and regular fit.
P01415,VibeWear Comfort Black Denim Jacket,Outerwear,Denim Jacket,Women,3599,Black,Beige,Textured,Casual,1,Casual Outing,All Season,Denim,Regular,VibeWear,4.0,635,Casual Denim Jacket in Black with Beige accents. Designed for casual outing occasions and suitable for all season wear. Made from denim with a textured pattern and regular fit.
P01220,Northline Premium White Printed Formal Dress,Dress,Formal Dress,Women,2699,White,Brown,Printed,Formal,3,Farewell,All Season,Polyester,Regular,Northline,3.7,1034,Formal Dress in White with Brown accents. Designed for farewell occasions and suitable for all season wear. Made from polyester with a printed pattern and regular fit.
P01999,CoutureLane Refined Blue Sandals,Footwear,Sandals,Women,2099,Blue,White,Solid,Smart Casual,2,College,All Season,Synthetic,Standard,CoutureLane,4.1,1223,Smart Casual Sandals in Blue with White accents. Designed for college occasions and suitable for all season wear. Made from synthetic with a solid pattern and standard fit.
P02077,VibeWear Premium Cream Belt,Accessory,Belt,Men,799,Cream,Olive,Textured,Smart Casual,2,College,All Season,Faux Leather,Standard,VibeWear,3.6,3216,Smart Casual Belt in Cream with Olive accents. Designed for college occasions and suitable for all season wear. Made from faux leather with a textured pattern and standard fit.
P00130,VibeWear Everyday Pink T-Shirt,Top,T-Shirt,Unisex,599,Pink,Navy,Solid,Casual,1,College,Monsoon,Polyester,Relaxed,VibeWear,4.4,3352,Casual T-Shirt in Pink with Navy accents. Designed for college occasions and suitable for monsoon wear. Made from polyester with a solid pattern and relaxed fit.
P00788,TrendAura Premium Blue Checked Trousers,Bottom,Trousers,Men,1399,Blue,Brown,Checked,Smart Casual,2,Casual Outing,All Season,Cotton,Regular,TrendAura,3.9,1202,Smart Casual Trousers in Blue with Brown accents. Designed for casual outing occasions and suitable for all season wear. Made from cotton with a checked pattern and regular fit.
P02097,TrendAura Essential White Watch,Accessory,Watch,Unisex,3199,White,Brown,Textured,Casual,1,Casual Outing,All Season,Stainless Steel,Standard,TrendAura,4.1,2693,Casual Watch in White with Brown accents. Designed for casual outing occasions and suitable for all season wear. Made from stainless steel with a textured pattern and standard fit.
P00661,DailyMode Modern Green Jeans,Bottom,Jeans,Women,1899,Green,Beige,Textured,Smart Casual,2,Casual Outing,Monsoon,Denim,Relaxed,DailyMode,3.5,1041,Smart Casual Jeans in Green with Beige accents. Designed for casual outing occasions and suitable for monsoon wear. Made from denim with a textured pattern and relaxed fit.
P00636,ClassicEdge Classic Olive Jeans,Bottom,Jeans,Men,2999,Olive,Cream,Solid,Casual,1,College,Monsoon,Denim,Straight,ClassicEdge,3.6,4221,Casual Jeans in Olive with Cream accents. Designed for college occasions and suitable for monsoon wear. Made from denim with a solid pattern and straight fit.
P00443,Northline Refined Pink Striped Knit Top,Top,Knit Top,Women,1199,Pink,Navy,Striped,Smart Casual,2,College,Winter,Rayon,Slim,Northline,4.9,3169,Smart Casual Knit Top in Pink with Navy accents. Designed for college occasions and suitable for winter wear. Made from rayon with a striped pattern and slim fit.
P00213,StyleCraft Classic White Printed Shirt,Top,Shirt,Women,1499,White,Maroon,Printed,Casual,1,Casual Outing,All Season,Cotton,Slim,StyleCraft,4.6,4841,Casual Shirt in White with Maroon accents. Designed for casual outing occasions and suitable for all season wear. Made from cotton with a printed pattern and slim fit.
P01739,TrendAura Executive Blue Loafers,Footwear,Loafers,Men,1999,Blue,Black,Solid,Formal,3,Farewell,Summer,Faux Leather,Standard,TrendAura,4.4,2146,Formal Loafers in Blue with Black accents. Designed for farewell occasions and suitable for summer wear. Made from faux leather with a solid pattern and standard fit.
P00164,ModaStreet Premium Blue Striped Shirt,Top,Shirt,Women,1299,Blue,Black,Striped,Formal,3,Office,Summer,Rayon,Relaxed,ModaStreet,4.1,4987,Formal Shirt in Blue with Black accents. Designed for office occasions and suitable for summer wear. Made from rayon with a striped pattern and relaxed fit.
P00677,TrendAura Everyday Grey Jeans,Bottom,Jeans,Men,1999,Grey,Black,Solid,Casual,1,College,All Season,Cotton,Slim,TrendAura,3.6,268,Casual Jeans in Grey with Black accents. Designed for college occasions and suitable for all season wear. Made from cotton with a solid pattern and slim fit.
P01621,Northline Everyday Olive Sneakers,Footwear,Sneakers,Women,4199,Olive,Black,Solid,Casual,1,Casual Outing,Monsoon,Synthetic,Standard,Northline,4.6,4612,Casual Sneakers in Olive with Black accents. Designed for casual outing occasions and suitable for monsoon wear. Made from synthetic with a solid pattern and standard fit.
P00094,ClassicEdge Sport Beige T-Shirt,Top,T-Shirt,Unisex,999,Beige,Black,Textured,Sporty,1,College,Monsoon,Polyester,Regular,ClassicEdge,4.8,3910,Sporty T-Shirt in Beige with Black accents. Designed for college occasions and suitable for monsoon wear. Made from polyester with a textured pattern and regular fit.
P01051,CoutureLane Comfort Grey Skirt,Bottom,Skirt,Women,999,Grey,White,Textured,Casual,1,College,Winter,Cotton,A-Line,CoutureLane,4.4,3264,Casual Skirt in Grey with White accents. Designed for college occasions and suitable for winter wear. Made from cotton with a textured pattern and a-line fit.
P00569,ModaStreet Refined Olive Jeans,Bottom,Jeans,Women,2099,Olive,Black,Textured,Smart Casual,2,College,Summer,Cotton,Slim,ModaStreet,4.7,4310,Smart Casual Jeans in Olive with Black accents. Designed for college occasions and suitable for summer wear. Made from cotton with a textured pattern and slim fit.
P01465,CoutureLane Premium Cream Denim Jacket,Outerwear,Denim Jacket,Men,2199,Cream,Beige,Solid,Smart Casual,2,College,All Season,Denim,Regular,CoutureLane,4.5,870,Smart Casual Denim Jacket in Cream with Beige accents. Designed for college occasions and suitable for all season wear. Made from denim with a solid pattern and regular fit.
P00172,CoutureLane Everyday Pink Checked Shirt,Top,Shirt,Men,1599,Pink,White,Checked,Casual,1,College,Summer,Cotton,Regular,CoutureLane,4.5,3320,Casual Shirt in Pink with White accents. Designed for college occasions and suitable for summer wear. Made from cotton with a checked pattern and regular fit.
P01586,VibeWear Premium Grey Sneakers,Footwear,Sneakers,Women,3799,Grey,Beige,Textured,Smart Casual,2,Casual Outing,Monsoon,Synthetic,Standard,VibeWear,4.3,4946,Smart Casual Sneakers in Grey with Beige accents. Designed for casual outing occasions and suitable for monsoon wear. Made from synthetic with a textured pattern and standard fit.
P00650,ModaStreet Premium Black Jeans,Bottom,Jeans,Women,2899,Black,Grey,Solid,Smart Casual,2,Farewell,All Season,Denim,Relaxed,ModaStreet,3.9,571,Smart Casual Jeans in Black with Grey accents. Designed for farewell occasions and suitable for all season wear. Made from denim with a solid pattern and relaxed fit.
P01329,Northline Executive Green Blazer,Outerwear,Blazer,Women,4999,Green,Cream,Solid,Formal,3,Office,Winter,Cotton Blend,Regular,Northline,3.6,1513,Formal Blazer in Green with Cream accents. Designed for office occasions and suitable for winter wear. Made from cotton blend with a solid pattern and regular fit.
P00046,MetroFit Classic Olive Printed T-Shirt,Top,T-Shirt,Men,1199,Olive,Beige,Printed,Casual,1,Casual Outing,Summer,Cotton,Regular,MetroFit,4.5,3046,Casual T-Shirt in Olive with Beige accents. Designed for casual outing occasions and suitable for summer wear. Made from cotton with a printed pattern and regular fit.
P00158,VibeWear Comfort Olive T-Shirt,Top,T-Shirt,Unisex,899,Olive,White,Textured,Casual,1,Casual Outing,Summer,Cotton,Relaxed,VibeWear,4.4,757,Casual T-Shirt in Olive with White accents. Designed for casual outing occasions and suitable for summer wear. Made from cotton with a textured pattern and relaxed fit.
P01936,MetroFit Classic Grey Heels,Footwear,Heels,Women,3899,Grey,Black,Solid,Formal,3,Farewell,Summer,Suede,Standard,MetroFit,3.8,657,Formal Heels in Grey with Black accents. Designed for farewell occasions and suitable for summer wear. Made from suede with a solid pattern and standard fit.
P01194,ClassicEdge Premium Olive Formal Dress,Dress,Formal Dress,Women,2599,Olive,Brown,Textured,Formal,3,Farewell,Summer,Rayon,Regular,ClassicEdge,4.6,3484,Formal Dress in Olive with Brown accents. Designed for farewell occasions and suitable for summer wear. Made from rayon with a textured pattern and regular fit.
P01270,MetroFit Executive Brown Printed Formal Dress,Dress,Formal Dress,Women,1899,Brown,Black,Printed,Formal,3,Farewell,Summer,Polyester,Regular,MetroFit,4.0,3757,Formal Dress in Brown with Black accents. Designed for farewell occasions and suitable for summer wear. Made from polyester with a printed pattern and regular fit.
P00744,TrendAura Premium Black Trousers,Bottom,Trousers,Men,1699,Black,Grey,Solid,Formal,3,Farewell,All Season,Polyester,Slim,TrendAura,4.0,2374,Formal Trousers in Black with Grey accents. Designed for farewell occasions and suitable for all season wear. Made from polyester with a solid pattern and slim fit.
P00546,VibeWear Modern Cream Jeans,Bottom,Jeans,Women,1299,Cream,Navy,Solid,Smart Casual,2,College,Winter,Cotton,Straight,VibeWear,4.7,472,Smart Casual Jeans in Cream with Navy accents. Designed for college occasions and suitable for winter wear. Made from cotton with a solid pattern and straight fit.
P00161,ModaStreet Premium Green Striped Shirt,Top,Shirt,Women,2199,Green,Beige,Striped,Formal,3,Office,Winter,Cotton,Relaxed,ModaStreet,4.2,735,Formal Shirt in Green with Beige accents. Designed for office occasions and suitable for winter wear. Made from cotton with a striped pattern and relaxed fit.
P02164,Northline Premium Brown Watch,Accessory,Watch,Women,3499,Brown,Cream,Solid,Smart Casual,2,Farewell,All Season,Stainless Steel,Standard,Northline,4.2,4219,Smart Casual Watch in Brown with Cream accents. Designed for farewell occasions and suitable for all season wear. Made from stainless steel with a solid pattern and standard fit.
P02214,CoutureLane Refined Brown Printed Shoulder Bag,Accessory,Shoulder Bag,Unisex,2599,Brown,Cream,Printed,Smart Casual,2,Farewell,Winter,Faux Leather,Standard,CoutureLane,4.3,3759,Smart Casual Shoulder Bag in Brown with Cream accents. Designed for farewell occasions and suitable for winter wear. Made from faux leather with a printed pattern and standard fit.
P01719,CoutureLane Premium Navy Loafers,Footwear,Loafers,Men,2599,Navy,Beige,Solid,Formal,3,Office,Summer,Suede,Standard,CoutureLane,3.6,3791,Formal Loafers in Navy with Beige accents. Designed for office occasions and suitable for summer wear. Made from suede with a solid pattern and standard fit.
P01661,Northline Comfort Brown Sneakers,Footwear,Sneakers,Unisex,3399,Brown,Cream,Textured,Casual,1,College,Monsoon,Canvas,Standard,Northline,4.0,401,Casual Sneakers in Brown with Cream accents. Designed for college occasions and suitable for monsoon wear. Made from canvas with a textured pattern and standard fit.
P01338,ClassicEdge Executive Pink Blazer,Outerwear,Blazer,Women,5399,Pink,Beige,Solid,Formal,3,Farewell,All Season,Polyester,Slim,ClassicEdge,3.6,1360,Formal Blazer in Pink with Beige accents. Designed for farewell occasions and suitable for all season wear. Made from polyester with a solid pattern and slim fit.
P00621,TrendAura Essential Black Jeans,Bottom,Jeans,Men,1499,Black,Beige,Solid,Casual,1,College,All Season,Denim,Relaxed,TrendAura,4.4,3392,Casual Jeans in Black with Beige accents. Designed for college occasions and suitable for all season wear. Made from denim with a solid pattern and relaxed fit.
P00794,VibeWear Elegant Brown Checked Trousers,Bottom,Trousers,Women,1899,Brown,White,Checked,Formal,3,Office,Winter,Wool Blend,Regular,VibeWear,4.5,2327,Formal Trousers in Brown with White accents. Designed for office occasions and suitable for winter wear. Made from wool blend with a checked pattern and regular fit.
P01873,VibeWear Statement Blue Heels,Footwear,Heels,Women,4199,Blue,Black,Textured,Party,2,Farewell,All Season,Suede,Standard,VibeWear,4.7,3079,Party Heels in Blue with Black accents. Designed for farewell occasions and suitable for all season wear. Made from suede with a textured pattern and standard fit.
P00968,DailyMode Classic Green Checked Skirt,Bottom,Skirt,Women,1499,Green,Beige,Checked,Smart Casual,2,College,Summer,Denim,A-Line,DailyMode,4.2,3136,Smart Casual Skirt in Green with Beige accents. Designed for college occasions and suitable for summer wear. Made from denim with a checked pattern and a-line fit.
P01844,DailyMode Premium Blue Formal Shoes,Footwear,Formal Shoes,Men,4899,Blue,Black,Textured,Formal,3,Office,Winter,Faux Leather,Standard,DailyMode,3.5,1936,Formal Shoes in Blue with Black accents. Designed for office occasions and suitable for winter wear. Made from faux leather with a textured pattern and standard fit.
P01380,UrbanThread Elegant Beige Blazer,Outerwear,Blazer,Men,4799,Beige,Maroon,Textured,Formal,3,Office,All Season,Cotton Blend,Regular,UrbanThread,4.8,2305,Formal Blazer in Beige with Maroon accents. Designed for office occasions and suitable for all season wear. Made from cotton blend with a textured pattern and regular fit.
P00043,MetroFit Active Olive T-Shirt,Top,T-Shirt,Unisex,1099,Olive,White,Textured,Sporty,1,Casual Outing,Monsoon,Polyester,Regular,MetroFit,4.3,247,Sporty T-Shirt in Olive with White accents. Designed for casual outing occasions and suitable for monsoon wear. Made from polyester with a textured pattern and regular fit.
P01437,UrbanThread Premium Navy Denim Jacket,Outerwear,Denim Jacket,Women,2799,Navy,Cream,Textured,Smart Casual,2,Casual Outing,Monsoon,Denim,Relaxed,UrbanThread,3.6,3664,Smart Casual Denim Jacket in Navy with Cream accents. Designed for casual outing occasions and suitable for monsoon wear. Made from denim with a textured pattern and relaxed fit.
P00653,CoutureLane Classic Maroon Jeans,Bottom,Jeans,Men,2699,Maroon,Black,Textured,Casual,1,College,All Season,Cotton,Slim,CoutureLane,4.6,1346,Casual Jeans in Maroon with Black accents. Designed for college occasions and suitable for all season wear. Made from cotton with a textured pattern and slim fit.
P01133,ModaStreet Modern Olive Striped Casual Dress,Dress,Casual Dress,Women,2199,Olive,Black,Striped,Smart Casual,2,College,Summer,Linen,Regular,ModaStreet,4.3,3520,Smart Casual Casual Dress in Olive with Black accents. Designed for college occasions and suitable for summer wear. Made from linen with a striped pattern and regular fit.
P01125,StyleCraft Refined Brown Striped Casual Dress,Dress,Casual Dress,Women,3299,Brown,Navy,Striped,Smart Casual,2,College,All Season,Cotton,A-Line,StyleCraft,4.4,1300,Smart Casual Casual Dress in Brown with Navy accents. Designed for college occasions and suitable for all season wear. Made from cotton with a striped pattern and a-line fit.
P00649,VibeWear Classic Cream Jeans,Bottom,Jeans,Women,1699,Cream,Maroon,Textured,Smart Casual,2,College,Summer,Denim,Straight,VibeWear,4.1,1496,Smart Casual Jeans in Cream with Maroon accents. Designed for college occasions and suitable for summer wear. Made from denim with a textured pattern and straight fit.
P01976,StyleCraft Refined Pink Sandals,Footwear,Sandals,Unisex,1199,Pink,White,Textured,Smart Casual,2,Farewell,Summer,Leather,Standard,StyleCraft,3.9,3052,Smart Casual Sandals in Pink with White accents. Designed for farewell occasions and suitable for summer wear. Made from leather with a textured pattern and standard fit.
P00078,StyleCraft Dynamic Maroon T-Shirt,Top,T-Shirt,Women,999,Maroon,Black,Textured,Sporty,1,College,All Season,Cotton,Oversized,StyleCraft,4.9,2475,Sporty T-Shirt in Maroon with Black accents. Designed for college occasions and suitable for all season wear. Made from cotton with a textured pattern and oversized fit.
P00143,StyleCraft Everyday Blue T-Shirt,Top,T-Shirt,Women,899,Blue,Black,Solid,Casual,1,College,Summer,Polyester,Relaxed,StyleCraft,4.8,3450,Casual T-Shirt in Blue with Black accents. Designed for college occasions and suitable for summer wear. Made from polyester with a solid pattern and relaxed fit.
P00347,ModaStreet Classic Pink Striped Blouse,Top,Blouse,Women,799,Pink,White,Striped,Smart Casual,2,Casual Outing,Summer,Silk Blend,Relaxed,ModaStreet,4.6,1215,Smart Casual Blouse in Pink with White accents. Designed for casual outing occasions and suitable for summer wear. Made from silk blend with a striped pattern and relaxed fit.
P01531,ModaStreet Classic Beige Overshirt,Outerwear,Overshirt,Women,2999,Beige,White,Solid,Casual,1,College,Monsoon,Cotton,Regular,ModaStreet,4.6,3028,Casual Overshirt in Beige with White accents. Designed for college occasions and suitable for monsoon wear. Made from cotton with a solid pattern and regular fit.
P01479,ClassicEdge Classic Blue Denim Jacket,Outerwear,Denim Jacket,Men,2599,Blue,Grey,Textured,Smart Casual,2,College,All Season,Cotton,Relaxed,ClassicEdge,4.1,4896,Smart Casual Denim Jacket in Blue with Grey accents. Designed for college occasions and suitable for all season wear. Made from cotton with a textured pattern and relaxed fit.
P02055,Northline Classic White Belt,Accessory,Belt,Men,499,White,Blue,Textured,Smart Casual,2,Farewell,All Season,Faux Leather,Standard,Northline,4.2,687,Smart Casual Belt in White with Blue accents. Designed for farewell occasions and suitable for all season wear. Made from faux leather with a textured pattern and standard fit.
P01539,ClassicEdge Refined Black Overshirt,Outerwear,Overshirt,Men,2999,Black,Navy,Solid,Smart Casual,2,Farewell,Monsoon,Linen,Relaxed,ClassicEdge,4.7,3635,Smart Casual Overshirt in Black with Navy accents. Designed for farewell occasions and suitable for monsoon wear. Made from linen with a solid pattern and relaxed fit.
P00901,UrbanThread Essential Blue Chinos,Bottom,Chinos,Men,1899,Blue,Navy,Textured,Casual,1,College,All Season,Cotton Blend,Straight,UrbanThread,4.1,3930,Casual Chinos in Blue with Navy accents. Designed for college occasions and suitable for all season wear. Made from cotton blend with a textured pattern and straight fit.
P01393,TrendAura Classic Navy Denim Jacket,Outerwear,Denim Jacket,Men,3999,Navy,Brown,Solid,Smart Casual,2,Casual Outing,Winter,Denim,Relaxed,TrendAura,4.4,2569,Smart Casual Denim Jacket in Navy with Brown accents. Designed for casual outing occasions and suitable for winter wear. Made from denim with a solid pattern and relaxed fit.
P01623,CoutureLane Classic Brown Printed Sneakers,Footwear,Sneakers,Men,1499,Brown,Cream,Printed,Smart Casual,2,Farewell,Monsoon,Mesh,Standard,CoutureLane,4.7,797,Smart Casual Sneakers in Brown with Cream accents. Designed for farewell occasions and suitable for monsoon wear. Made from mesh with a printed pattern and standard fit.
P00082,ClassicEdge Everyday Olive Striped T-Shirt,Top,T-Shirt,Men,1199,Olive,Black,Striped,Casual,1,Casual Outing,Summer,Polyester,Relaxed,ClassicEdge,4.8,1178,Casual T-Shirt in Olive with Black accents. Designed for casual outing occasions and suitable for summer wear. Made from polyester with a striped pattern and relaxed fit.
P00861,DailyMode Modern Green Chinos,Bottom,Chinos,Men,2099,Green,Brown,Solid,Smart Casual,2,Farewell,Summer,Cotton,Slim,DailyMode,3.5,2874,Smart Casual Chinos in Green with Brown accents. Designed for farewell occasions and suitable for summer wear. Made from cotton with a solid pattern and slim fit.
P02203,Northline Premium Beige Shoulder Bag,Accessory,Shoulder Bag,Women,1599,Beige,Olive,Solid,Smart Casual,2,Farewell,All Season,Leather,Standard,Northline,4.5,702,Smart Casual Shoulder Bag in Beige with Olive accents. Designed for farewell occasions and suitable for all season wear. Made from leather with a solid pattern and standard fit.
P01348,StyleCraft Refined Black Checked Blazer,Outerwear,Blazer,Men,2599,Black,Beige,Checked,Smart Casual,2,College,All Season,Polyester,Slim,StyleCraft,3.7,3972,Smart Casual Blazer in Black with Beige accents. Designed for college occasions and suitable for all season wear. Made from polyester with a checked pattern and slim fit.
P01818,VibeWear Premium Brown Formal Shoes,Footwear,Formal Shoes,Men,3499,Brown,Navy,Solid,Formal,3,Farewell,Summer,Faux Leather,Standard,VibeWear,4.1,3206,Formal Shoes in Brown with Navy accents. Designed for farewell occasions and suitable for summer wear. Made from faux leather with a solid pattern and standard fit.
P01310,DailyMode Executive Blue Blazer,Outerwear,Blazer,Women,4599,Blue,Black,Textured,Formal,3,Farewell,Winter,Cotton Blend,Regular,DailyMode,4.1,2160,Formal Blazer in Blue with Black accents. Designed for farewell occasions and suitable for winter wear. Made from cotton blend with a textured pattern and regular fit.
P01198,MetroFit Statement Black Formal Dress,Dress,Formal Dress,Women,4799,Black,Navy,Solid,Party,2,Farewell,All Season,Rayon,Regular,MetroFit,4.7,3443,Party Formal Dress in Black with Navy accents. Designed for farewell occasions and suitable for all season wear. Made from rayon with a solid pattern and regular fit.
P00957,MetroFit Refined Green Chinos,Bottom,Chinos,Men,1599,Green,White,Textured,Smart Casual,2,College,All Season,Cotton Blend,Slim,MetroFit,4.4,4148,Smart Casual Chinos in Green with White accents. Designed for college occasions and suitable for all season wear. Made from cotton blend with a textured pattern and slim fit.
P00785,ModaStreet Premium Beige Trousers,Bottom,Trousers,Men,1999,Beige,Olive,Textured,Formal,3,Farewell,All Season,Polyester,Straight,ModaStreet,3.6,1059,Formal Trousers in Beige with Olive accents. Designed for farewell occasions and suitable for all season wear. Made from polyester with a textured pattern and straight fit.
P00862,TrendAura Everyday Pink Chinos,Bottom,Chinos,Men,1499,Pink,Navy,Solid,Casual,1,College,Winter,Cotton,Regular,TrendAura,4.3,2379,Casual Chinos in Pink with Navy accents. Designed for college occasions and suitable for winter wear. Made from cotton with a solid pattern and regular fit.
P00523,DailyMode Classic Olive Striped Knit Top,Top,Knit Top,Women,1599,Olive,White,Striped,Smart Casual,2,Farewell,All Season,Wool Blend,Relaxed,DailyMode,4.9,3530,Smart Casual Knit Top in Olive with White accents. Designed for farewell occasions and suitable for all season wear. Made from wool blend with a striped pattern and relaxed fit.
P02231,UrbanThread Premium Green Shoulder Bag,Accessory,Shoulder Bag,Unisex,2199,Green,White,Textured,Smart Casual,2,Casual Outing,Winter,Faux Leather,Standard,UrbanThread,4.1,3846,Smart Casual Shoulder Bag in Green with White accents. Designed for casual outing occasions and suitable for winter wear. Made from faux leather with a textured pattern and standard fit.
P00356,Northline Classic Blue Printed Blouse,Top,Blouse,Women,1399,Blue,Black,Printed,Formal,3,Farewell,All Season,Silk Blend,Relaxed,Northline,3.8,2070,Formal Blouse in Blue with Black accents. Designed for farewell occasions and suitable for all season wear. Made from silk blend with a printed pattern and relaxed fit.
P00687,DailyMode Refined Green Jeans,Bottom,Jeans,Women,1499,Green,Beige,Textured,Smart Casual,2,Casual Outing,Winter,Cotton,Straight,DailyMode,4.1,4434,Smart Casual Jeans in Green with Beige accents. Designed for casual outing occasions and suitable for winter wear. Made from cotton with a textured pattern and straight fit.
P01266,Northline Elegant Maroon Printed Formal Dress,Dress,Formal Dress,Women,4299,Maroon,Beige,Printed,Formal,3,Farewell,All Season,Silk Blend,Slim,Northline,4.2,2834,Formal Dress in Maroon with Beige accents. Designed for farewell occasions and suitable for all season wear. Made from silk blend with a printed pattern and slim fit.
P01847,ClassicEdge Elegant Navy Formal Shoes,Footwear,Formal Shoes,Men,3899,Navy,Grey,Textured,Formal,3,Office,All Season,Leather,Standard,ClassicEdge,3.7,2995,Formal Shoes in Navy with Grey accents. Designed for office occasions and suitable for all season wear. Made from leather with a textured pattern and standard fit.
P02100,VibeWear Elegant Cream Watch,Accessory,Watch,Men,4499,Cream,Maroon,Textured,Formal,3,Farewell,All Season,Leather,Standard,VibeWear,4.1,3888,Formal Watch in Cream with Maroon accents. Designed for farewell occasions and suitable for all season wear. Made from leather with a textured pattern and standard fit.
P01011,MetroFit Classic White Printed Skirt,Bottom,Skirt,Women,1399,White,Blue,Printed,Casual,1,College,All Season,Rayon,Straight,MetroFit,4.3,3498,Casual Skirt in White with Blue accents. Designed for college occasions and suitable for all season wear. Made from rayon with a printed pattern and straight fit.
P01015,StyleCraft Festive Black Printed Skirt,Bottom,Skirt,Women,2599,Black,Cream,Printed,Party,2,Party,Summer,Polyester,A-Line,StyleCraft,3.6,4927,Party Skirt in Black with Cream accents. Designed for party occasions and suitable for summer wear. Made from polyester with a printed pattern and a-line fit.
P01480,VibeWear Premium Navy Denim Jacket,Outerwear,Denim Jacket,Men,1799,Navy,Grey,Textured,Smart Casual,2,Casual Outing,Monsoon,Denim,Regular,VibeWear,4.2,89,Smart Casual Denim Jacket in Navy with Grey accents. Designed for casual outing occasions and suitable for monsoon wear. Made from denim with a textured pattern and regular fit.
P00500,UrbanThread Comfort Blue Knit Top,Top,Knit Top,Women,1799,Blue,Navy,Textured,Casual,1,College,Winter,Rayon,Regular,UrbanThread,3.7,3698,Casual Knit Top in Blue with Navy accents. Designed for college occasions and suitable for winter wear. Made from rayon with a textured pattern and regular fit.
P01935,ClassicEdge Premium Grey Heels,Footwear,Heels,Women,1999,Grey,Black,Solid,Formal,3,Farewell,All Season,Suede,Standard,ClassicEdge,4.3,3829,Formal Heels in Grey with Black accents. Designed for farewell occasions and suitable for all season wear. Made from suede with a solid pattern and standard fit.
P01486,UrbanThread Everyday Green Checked Overshirt,Outerwear,Overshirt,Women,2799,Green,Brown,Checked,Casual,1,College,All Season,Linen,Oversized,UrbanThread,3.8,1365,Casual Overshirt in Green with Brown accents. Designed for college occasions and suitable for all season wear. Made from linen with a checked pattern and oversized fit.
P01688,UrbanThread Everyday Black Printed Sneakers,Footwear,Sneakers,Men,3199,Black,Beige,Printed,Casual,1,College,Winter,Leather,Standard,UrbanThread,4.8,3470,Casual Sneakers in Black with Beige accents. Designed for college occasions and suitable for winter wear. Made from leather with a printed pattern and standard fit.
P00695,CoutureLane Premium Green Trousers,Bottom,Trousers,Women,2099,Green,White,Solid,Formal,3,Office,All Season,Wool Blend,Regular,CoutureLane,4.4,3671,Formal Trousers in Green with White accents. Designed for office occasions and suitable for all season wear. Made from wool blend with a solid pattern and regular fit.
P01672,Northline Everyday White Sneakers,Footwear,Sneakers,Men,2199,White,Blue,Textured,Casual,1,Casual Outing,Winter,Leather,Standard,Northline,4.5,442,Casual Sneakers in White with Blue accents. Designed for casual outing occasions and suitable for winter wear. Made from leather with a textured pattern and standard fit.
P01986,CoutureLane Refined Brown Sandals,Footwear,Sandals,Unisex,799,Brown,Olive,Textured,Smart Casual,2,College,Summer,Leather,Standard,CoutureLane,4.6,1683,Smart Casual Sandals in Brown with Olive accents. Designed for college occasions and suitable for summer wear. Made from leather with a textured pattern and standard fit.
P01972,TrendAura Essential Beige Sandals,Footwear,Sandals,Women,1999,Beige,White,Solid,Casual,1,Casual Outing,Summer,Synthetic,Standard,TrendAura,4.6,3672,Casual Sandals in Beige with White accents. Designed for casual outing occasions and suitable for summer wear. Made from synthetic with a solid pattern and standard fit.
P00900,CoutureLane Premium Maroon Chinos,Bottom,Chinos,Men,2899,Maroon,Beige,Solid,Smart Casual,2,Farewell,Winter,Cotton Blend,Straight,CoutureLane,4.2,3157,Smart Casual Chinos in Maroon with Beige accents. Designed for farewell occasions and suitable for winter wear. Made from cotton blend with a solid pattern and straight fit.
P01594,StyleCraft Classic Blue Sneakers,Footwear,Sneakers,Unisex,4099,Blue,Black,Textured,Casual,1,Casual Outing,Monsoon,Mesh,Standard,StyleCraft,3.6,587,Casual Sneakers in Blue with Black accents. Designed for casual outing occasions and suitable for monsoon wear. Made from mesh with a textured pattern and standard fit.
P00707,StyleCraft Modern Grey Trousers,Bottom,Trousers,Women,1799,Grey,Beige,Textured,Smart Casual,2,College,Winter,Wool Blend,Regular,StyleCraft,3.9,3216,Smart Casual Trousers in Grey with Beige accents. Designed for college occasions and suitable for winter wear. Made from wool blend with a textured pattern and regular fit.
P00108,VibeWear Sport Olive Printed T-Shirt,Top,T-Shirt,Women,1399,Olive,Brown,Printed,Sporty,1,College,All Season,Polyester,Regular,VibeWear,3.6,4181,Sporty T-Shirt in Olive with Brown accents. Designed for college occasions and suitable for all season wear. Made from polyester with a printed pattern and regular fit.
P02152,MetroFit Classic Pink Watch,Accessory,Watch,Unisex,3099,Pink,Black,Textured,Smart Casual,2,College,All Season,Leather,Standard,MetroFit,3.7,1917,Smart Casual Watch in Pink with Black accents. Designed for college occasions and suitable for all season wear. Made from leather with a textured pattern and standard fit.
P01508,MetroFit Refined Blue Checked Overshirt,Outerwear,Overshirt,Women,1699,Blue,White,Checked,Smart Casual,2,Casual Outing,Winter,Cotton,Relaxed,MetroFit,4.1,3214,Smart Casual Overshirt in Blue with White accents. Designed for casual outing occasions and suitable for winter wear. Made from cotton with a checked pattern and relaxed fit.
P00725,CoutureLane Executive Beige Trousers,Bottom,Trousers,Men,2899,Beige,Black,Textured,Formal,3,Office,All Season,Polyester,Slim,CoutureLane,4.1,448,Formal Trousers in Beige with Black accents. Designed for office occasions and suitable for all season wear. Made from polyester with a textured pattern and slim fit.
P00361,ModaStreet Elegant Grey Blouse,Top,Blouse,Women,1499,Grey,Blue,Textured,Party,2,Party,Winter,Silk Blend,Slim,ModaStreet,4.6,2236,Party Blouse in Grey with Blue accents. Designed for party occasions and suitable for winter wear. Made from silk blend with a textured pattern and slim fit.
P00468,ModaStreet Everyday Black Striped Knit Top,Top,Knit Top,Women,799,Black,Navy,Striped,Casual,1,Casual Outing,Winter,Wool Blend,Slim,ModaStreet,4.4,2207,Casual Knit Top in Black with Navy accents. Designed for casual outing occasions and suitable for winter wear. Made from wool blend with a striped pattern and slim fit.
P00976,ClassicEdge Essential Olive Skirt,Bottom,Skirt,Women,2499,Olive,Beige,Textured,Casual,1,College,Winter,Denim,Straight,ClassicEdge,3.7,562,Casual Skirt in Olive with Beige accents. Designed for college occasions and suitable for winter wear. Made from denim with a textured pattern and straight fit.
P01617,DailyMode Modern Green Sneakers,Footwear,Sneakers,Men,2299,Green,Cream,Solid,Smart Casual,2,Farewell,Summer,Leather,Standard,DailyMode,4.2,1778,Smart Casual Sneakers in Green with Cream accents. Designed for farewell occasions and suitable for summer wear. Made from leather with a solid pattern and standard fit.
P02025,UrbanThread Refined Black Sandals,Footwear,Sandals,Unisex,2499,Black,Beige,Solid,Smart Casual,2,College,Summer,Synthetic,Standard,UrbanThread,3.9,3821,Smart Casual Sandals in Black with Beige accents. Designed for college occasions and suitable for summer wear. Made from synthetic with a solid pattern and standard fit.
P01718,StyleCraft Refined Grey Loafers,Footwear,Loafers,Men,4799,Grey,Navy,Solid,Smart Casual,2,Farewell,All Season,Suede,Standard,StyleCraft,4.3,3664,Smart Casual Loafers in Grey with Navy accents. Designed for farewell occasions and suitable for all season wear. Made from suede with a solid pattern and standard fit.
P00705,StyleCraft Premium Beige Trousers,Bottom,Trousers,Women,2299,Beige,Maroon,Solid,Smart Casual,2,Farewell,Summer,Wool Blend,Slim,StyleCraft,4.6,1223,Smart Casual Trousers in Beige with Maroon accents. Designed for farewell occasions and suitable for summer wear. Made from wool blend with a solid pattern and slim fit.
P02099,ClassicEdge Everyday Black Watch,Accessory,Watch,Unisex,3099,Black,Beige,Textured,Casual,1,College,All Season,Leather,Standard,ClassicEdge,4.6,3371,Casual Watch in Black with Beige accents. Designed for college occasions and suitable for all season wear. Made from leather with a textured pattern and standard fit.
P00550,TrendAura Refined Navy Jeans,Bottom,Jeans,Women,2099,Navy,White,Solid,Smart Casual,2,Farewell,Summer,Denim,Relaxed,TrendAura,3.9,698,Smart Casual Jeans in Navy with White accents. Designed for farewell occasions and suitable for summer wear. Made from denim with a solid pattern and relaxed fit.
P00070,ModaStreet Active Pink Printed T-Shirt,Top,T-Shirt,Women,899,Pink,Beige,Printed,Sporty,1,College,Summer,Polyester,Regular,ModaStreet,4.6,3424,Sporty T-Shirt in Pink with Beige accents. Designed for college occasions and suitable for summer wear. Made from polyester with a printed pattern and regular fit.
P01544,ModaStreet Refined White Overshirt,Outerwear,Overshirt,Men,2799,White,Blue,Textured,Smart Casual,2,Casual Outing,All Season,Linen,Relaxed,ModaStreet,4.8,2110,Smart Casual Overshirt in White with Blue accents. Designed for casual outing occasions and suitable for all season wear. Made from linen with a textured pattern and relaxed fit.
P00917,VibeWear Everyday White Chinos,Bottom,Chinos,Men,1999,White,Brown,Solid,Casual,1,College,Winter,Cotton,Straight,VibeWear,3.5,2277,Casual Chinos in White with Brown accents. Designed for college occasions and suitable for winter wear. Made from cotton with a solid pattern and straight fit.
P01839,MetroFit Premium Black Formal Shoes,Footwear,Formal Shoes,Men,3099,Black,Maroon,Textured,Formal,3,Office,All Season,Faux Leather,Standard,MetroFit,3.8,1002,Formal Shoes in Black with Maroon accents. Designed for office occasions and suitable for all season wear. Made from faux leather with a textured pattern and standard fit.
P00692,CoutureLane Premium Navy Trousers,Bottom,Trousers,Men,1699,Navy,Brown,Textured,Smart Casual,2,College,Winter,Polyester,Regular,CoutureLane,3.8,1627,Smart Casual Trousers in Navy with Brown accents. Designed for college occasions and suitable for winter wear. Made from polyester with a textured pattern and regular fit.
P01768,DailyMode Executive White Loafers,Footwear,Loafers,Women,3299,White,Olive,Textured,Formal,3,Farewell,All Season,Suede,Standard,DailyMode,4.8,945,Formal Loafers in White with Olive accents. Designed for farewell occasions and suitable for all season wear. Made from suede with a textured pattern and standard fit.
P01012,CoutureLane Comfort Brown Checked Skirt,Bottom,Skirt,Women,1399,Brown,Black,Checked,Casual,1,College,Summer,Polyester,Relaxed,CoutureLane,4.5,2482,Casual Skirt in Brown with Black accents. Designed for college occasions and suitable for summer wear. Made from polyester with a checked pattern and relaxed fit.
P01382,VibeWear Modern Maroon Blazer,Outerwear,Blazer,Women,5899,Maroon,Black,Textured,Smart Casual,2,Farewell,Winter,Polyester,Slim,VibeWear,4.3,48,Smart Casual Blazer in Maroon with Black accents. Designed for farewell occasions and suitable for winter wear. Made from polyester with a textured pattern and slim fit.
P00255,MetroFit Modern Pink Checked Shirt,Top,Shirt,Men,1399,Pink,Navy,Checked,Smart Casual,2,Farewell,All Season,Cotton,Relaxed,MetroFit,4.3,1834,Smart Casual Shirt in Pink with Navy accents. Designed for farewell occasions and suitable for all season wear. Made from cotton with a checked pattern and relaxed fit.
P00248,TrendAura Comfort Maroon Printed Shirt,Top,Shirt,Women,1399,Maroon,Beige,Printed,Casual,1,College,All Season,Linen,Relaxed,TrendAura,3.5,4916,Casual Shirt in Maroon with Beige accents. Designed for college occasions and suitable for all season wear. Made from linen with a printed pattern and relaxed fit.
P01608,TrendAura Active Navy Printed Sneakers,Footwear,Sneakers,Women,2199,Navy,Blue,Printed,Sporty,1,Casual Outing,All Season,Canvas,Standard,TrendAura,3.7,2000,Sporty Sneakers in Navy with Blue accents. Designed for casual outing occasions and suitable for all season wear. Made from canvas with a printed pattern and standard fit.
P01888,ModaStreet Executive Blue Heels,Footwear,Heels,Women,3599,Blue,White,Textured,Formal,3,Office,All Season,Suede,Standard,ModaStreet,3.5,2664,Formal Heels in Blue with White accents. Designed for office occasions and suitable for all season wear. Made from suede with a textured pattern and standard fit.
P01496,ModaStreet Everyday Green Checked Overshirt,Outerwear,Overshirt,Men,2799,Green,Cream,Checked,Casual,1,Casual Outing,Monsoon,Cotton,Oversized,ModaStreet,4.4,3586,Casual Overshirt in Green with Cream accents. Designed for casual outing occasions and suitable for monsoon wear. Made from cotton with a checked pattern and oversized fit.
P00134,StyleCraft Sport Cream T-Shirt,Top,T-Shirt,Women,1499,Cream,Beige,Solid,Sporty,1,Casual Outing,Summer,Cotton,Regular,StyleCraft,4.0,556,Sporty T-Shirt in Cream with Beige accents. Designed for casual outing occasions and suitable for summer wear. Made from cotton with a solid pattern and regular fit.
P00135,ModaStreet Performance White Striped T-Shirt,Top,T-Shirt,Unisex,1699,White,Grey,Striped,Sporty,1,College,Summer,Cotton,Regular,ModaStreet,4.2,2981,Sporty T-Shirt in White with Grey accents. Designed for college occasions and suitable for summer wear. Made from cotton with a striped pattern and regular fit.
P02183,StyleCraft Premium Pink Printed Shoulder Bag,Accessory,Shoulder Bag,Women,1599,Pink,White,Printed,Smart Casual,2,Casual Outing,Summer,Leather,Standard,StyleCraft,3.6,3859,Smart Casual Shoulder Bag in Pink with White accents. Designed for casual outing occasions and suitable for summer wear. Made from leather with a printed pattern and standard fit.
P02089,TrendAura Classic Grey Belt,Accessory,Belt,Women,1499,Grey,Black,Solid,Smart Casual,2,College,All Season,Faux Leather,Standard,TrendAura,3.7,1563,Smart Casual Belt in Grey with Black accents. Designed for college occasions and suitable for all season wear. Made from faux leather with a solid pattern and standard fit.
P00851,MetroFit Everyday Brown Chinos,Bottom,Chinos,Men,2899,Brown,Olive,Solid,Casual,1,Casual Outing,Winter,Cotton,Slim,MetroFit,4.2,1085,Casual Chinos in Brown with Olive accents. Designed for casual outing occasions and suitable for winter wear. Made from cotton with a solid pattern and slim fit.
P01822,MetroFit Elegant Brown Formal Shoes,Footwear,Formal Shoes,Men,3799,Brown,Olive,Solid,Formal,3,Farewell,Summer,Leather,Standard,MetroFit,3.7,3903,Formal Shoes in Brown with Olive accents. Designed for farewell occasions and suitable for summer wear. Made from leather with a solid pattern and standard fit.
P00324,ClassicEdge Refined Blue Striped Blouse,Top,Blouse,Women,2099,Blue,Brown,Striped,Smart Casual,2,Casual Outing,Summer,Rayon,Slim,ClassicEdge,4.8,4223,Smart Casual Blouse in Blue with Brown accents. Designed for casual outing occasions and suitable for summer wear. Made from rayon with a striped pattern and slim fit.
P00031,MetroFit Sport Grey Striped T-Shirt,Top,T-Shirt,Men,499,Grey,White,Striped,Sporty,1,College,All Season,Polyester,Regular,MetroFit,3.7,3584,Sporty T-Shirt in Grey with White accents. Designed for college occasions and suitable for all season wear. Made from polyester with a striped pattern and regular fit.
P01929,StyleCraft Elegant Green Heels,Footwear,Heels,Women,1799,Green,Black,Solid,Party,2,Party,Winter,Faux Leather,Standard,StyleCraft,4.9,3122,Party Heels in Green with Black accents. Designed for party occasions and suitable for winter wear. Made from faux leather with a solid pattern and standard fit.
P01987,TrendAura Classic Olive Sandals,Footwear,Sandals,Unisex,1599,Olive,Brown,Solid,Casual,1,Casual Outing,All Season,Leather,Standard,TrendAura,3.9,3064,Casual Sandals in Olive with Brown accents. Designed for casual outing occasions and suitable for all season wear. Made from leather with a solid pattern and standard fit.
P00629,ClassicEdge Modern Green Jeans,Bottom,Jeans,Women,1199,Green,Cream,Textured,Smart Casual,2,Casual Outing,Summer,Denim,Slim,ClassicEdge,3.8,2352,Smart Casual Jeans in Green with Cream accents. Designed for casual outing occasions and suitable for summer wear. Made from denim with a textured pattern and slim fit.
P01704,StyleCraft Classic Beige Loafers,Footwear,Loafers,Men,4999,Beige,Brown,Textured,Smart Casual,2,Farewell,Summer,Suede,Standard,StyleCraft,4.3,1723,Smart Casual Loafers in Beige with Brown accents. Designed for farewell occasions and suitable for summer wear. Made from suede with a textured pattern and standard fit.
P02012,ClassicEdge Essential Navy Sandals,Footwear,Sandals,Unisex,2299,Navy,Grey,Solid,Casual,1,College,All Season,Faux Leather,Standard,ClassicEdge,4.2,3578,Casual Sandals in Navy with Grey accents. Designed for college occasions and suitable for all season wear. Made from faux leather with a solid pattern and standard fit.
P01185,ModaStreet Premium Blue Printed Casual Dress,Dress,Casual Dress,Women,1799,Blue,Navy,Printed,Smart Casual,2,College,Summer,Rayon,Relaxed,ModaStreet,4.3,4886,Smart Casual Casual Dress in Blue with Navy accents. Designed for college occasions and suitable for summer wear. Made from rayon with a printed pattern and relaxed fit.
P01582,ModaStreet Classic Maroon Printed Sneakers,Footwear,Sneakers,Men,1699,Maroon,Grey,Printed,Smart Casual,2,Farewell,Summer,Synthetic,Standard,ModaStreet,3.5,1696,Smart Casual Sneakers in Maroon with Grey accents. Designed for farewell occasions and suitable for summer wear. Made from synthetic with a printed pattern and standard fit.
P02146,DailyMode Classic White Watch,Accessory,Watch,Men,2499,White,Beige,Solid,Formal,3,Farewell,All Season,Synthetic,Standard,DailyMode,4.3,4690,Formal Watch in White with Beige accents. Designed for farewell occasions and suitable for all season wear. Made from synthetic with a solid pattern and standard fit.
P01564,ModaStreet Classic Maroon Sneakers,Footwear,Sneakers,Women,4199,Maroon,Grey,Solid,Smart Casual,2,College,Winter,Canvas,Standard,ModaStreet,4.8,1885,Smart Casual Sneakers in Maroon with Grey accents. Designed for college occasions and suitable for winter wear. Made from canvas with a solid pattern and standard fit.
P00246,MetroFit Classic Pink Printed Shirt,Top,Shirt,Men,2899,Pink,Beige,Printed,Casual,1,Casual Outing,All Season,Linen,Regular,MetroFit,3.9,3400,Casual Shirt in Pink with Beige accents. Designed for casual outing occasions and suitable for all season wear. Made from linen with a printed pattern and regular fit.
P00719,ClassicEdge Executive Brown Checked Trousers,Bottom,Trousers,Men,1799,Brown,Black,Checked,Formal,3,Farewell,Summer,Cotton,Slim,ClassicEdge,4.4,3951,Formal Trousers in Brown with Black accents. Designed for farewell occasions and suitable for summer wear. Made from cotton with a checked pattern and slim fit.
P02041,Northline Modern Green Belt,Accessory,Belt,Unisex,1299,Green,Black,Solid,Smart Casual,2,College,All Season,Faux Leather,Standard,Northline,4.7,1688,Smart Casual Belt in Green with Black accents. Designed for college occasions and suitable for all season wear. Made from faux leather with a solid pattern and standard fit.
P01371,MetroFit Classic Maroon Blazer,Outerwear,Blazer,Men,3499,Maroon,Grey,Textured,Formal,3,Office,All Season,Wool Blend,Slim,MetroFit,4.3,3494,Formal Blazer in Maroon with Grey accents. Designed for office occasions and suitable for all season wear. Made from wool blend with a textured pattern and slim fit.
P01213,StyleCraft Stylish Green Printed Formal Dress,Dress,Formal Dress,Women,1999,Green,Black,Printed,Party,2,Party,All Season,Silk Blend,A-Line,StyleCraft,3.9,3467,Party Formal Dress in Green with Black accents. Designed for party occasions and suitable for all season wear. Made from silk blend with a printed pattern and a-line fit.
P00412,MetroFit Festive Black Blouse,Top,Blouse,Women,1499,Black,Maroon,Solid,Party,2,Farewell,Summer,Rayon,Regular,MetroFit,4.3,1916,Party Blouse in Black with Maroon accents. Designed for farewell occasions and suitable for summer wear. Made from rayon with a solid pattern and regular fit.
P02069,StyleCraft Classic Brown Belt,Accessory,Belt,Men,799,Brown,White,Textured,Smart Casual,2,Casual Outing,All Season,Leather,Standard,StyleCraft,4.7,1402,Smart Casual Belt in Brown with White accents. Designed for casual outing occasions and suitable for all season wear. Made from leather with a textured pattern and standard fit.
P01975,TrendAura Modern Cream Sandals,Footwear,Sandals,Unisex,1799,Cream,Black,Textured,Smart Casual,2,Casual Outing,Summer,Faux Leather,Standard,TrendAura,4.4,2099,Smart Casual Sandals in Cream with Black accents. Designed for casual outing occasions and suitable for summer wear. Made from faux leather with a textured pattern and standard fit.
P00369,DailyMode Elegant Navy Blouse,Top,Blouse,Women,799,Navy,Beige,Textured,Formal,3,Farewell,Summer,Silk Blend,Relaxed,DailyMode,3.5,2948,Formal Blouse in Navy with Beige accents. Designed for farewell occasions and suitable for summer wear. Made from silk blend with a textured pattern and relaxed fit.
P02263,DailyMode Sport Navy Printed Backpack,Accessory,Backpack,Men,2199,Navy,White,Printed,Sporty,1,College,Winter,Canvas,Standard,DailyMode,3.8,1101,Sporty Backpack in Navy with White accents. Designed for college occasions and suitable for winter wear. Made from canvas with a printed pattern and standard fit.
P00122,StyleCraft Dynamic Olive T-Shirt,Top,T-Shirt,Unisex,1399,Olive,Beige,Textured,Sporty,1,Casual Outing,Summer,Cotton,Oversized,StyleCraft,4.3,4246,Sporty T-Shirt in Olive with Beige accents. Designed for casual outing occasions and suitable for summer wear. Made from cotton with a textured pattern and oversized fit.
P02202,TrendAura Statement Navy Printed Shoulder Bag,Accessory,Shoulder Bag,Women,2699,Navy,White,Printed,Party,2,Party,Winter,Leather,Standard,TrendAura,4.5,3756,Party Shoulder Bag in Navy with White accents. Designed for party occasions and suitable for winter wear. Made from leather with a printed pattern and standard fit.
P01834,DailyMode Executive White Formal Shoes,Footwear,Formal Shoes,Men,2799,White,Blue,Textured,Formal,3,Farewell,All Season,Faux Leather,Standard,DailyMode,4.0,2386,Formal Shoes in White with Blue accents. Designed for farewell occasions and suitable for all season wear. Made from faux leather with a textured pattern and standard fit.
P01150,CoutureLane Comfort Grey Printed Casual Dress,Dress,Casual Dress,Women,1699,Grey,Beige,Printed,Casual,1,College,All Season,Cotton,A-Line,CoutureLane,3.9,615,Casual Dress in Grey with Beige accents. Designed for college occasions and suitable for all season wear. Made from cotton with a printed pattern and a-line fit.
P00737,StyleCraft Classic Green Checked Trousers,Bottom,Trousers,Men,3299,Green,Cream,Checked,Smart Casual,2,College,Winter,Cotton,Regular,StyleCraft,3.9,4975,Smart Casual Trousers in Green with Cream accents. Designed for college occasions and suitable for winter wear. Made from cotton with a checked pattern and regular fit.
P01032,DailyMode Elegant Beige Skirt,Bottom,Skirt,Women,2399,Beige,Maroon,Solid,Party,2,Farewell,All Season,Denim,Relaxed,DailyMode,3.9,460,Party Skirt in Beige with Maroon accents. Designed for farewell occasions and suitable for all season wear. Made from denim with a solid pattern and relaxed fit.
P00899,VibeWear Comfort Cream Chinos,Bottom,Chinos,Men,2599,Cream,Brown,Textured,Casual,1,College,Summer,Cotton Blend,Regular,VibeWear,3.8,2189,Casual Chinos in Cream with Brown accents. Designed for college occasions and suitable for summer wear. Made from cotton blend with a textured pattern and regular fit.
P02309,MetroFit Essential Pink Printed Backpack,Accessory,Backpack,Women,899,Pink,Beige,Printed,Casual,1,College,Monsoon,Polyester,Standard,MetroFit,3.6,2449,Casual Backpack in Pink with Beige accents. Designed for college occasions and suitable for monsoon wear. Made from polyester with a printed pattern and standard fit.
P00491,ClassicEdge Everyday White Striped Knit Top,Top,Knit Top,Women,1599,White,Olive,Striped,Casual,1,College,All Season,Wool Blend,Relaxed,ClassicEdge,4.1,2235,Casual Knit Top in White with Olive accents. Designed for college occasions and suitable for all season wear. Made from wool blend with a striped pattern and relaxed fit.
P00781,Northline Refined Grey Trousers,Bottom,Trousers,Men,2699,Grey,Blue,Textured,Smart Casual,2,College,Winter,Wool Blend,Regular,Northline,4.3,962,Smart Casual Trousers in Grey with Blue accents. Designed for college occasions and suitable for winter wear. Made from wool blend with a textured pattern and regular fit.
P00294,UrbanThread Everyday Grey Checked Shirt,Top,Shirt,Women,1399,Grey,Blue,Checked,Casual,1,Casual Outing,All Season,Rayon,Slim,UrbanThread,4.7,2405,Casual Shirt in Grey with Blue accents. Designed for casual outing occasions and suitable for all season wear. Made from rayon with a checked pattern and slim fit.
P02054,StyleCraft Modern Grey Belt,Accessory,Belt,Men,1199,Grey,Maroon,Textured,Smart Casual,2,Casual Outing,All Season,Leather,Standard,StyleCraft,4.8,3766,Smart Casual Belt in Grey with Maroon accents. Designed for casual outing occasions and suitable for all season wear. Made from leather with a textured pattern and standard fit.
P00787,ModaStreet Classic Brown Trousers,Bottom,Trousers,Men,3299,Brown,Beige,Textured,Smart Casual,2,Casual Outing,All Season,Wool Blend,Regular,ModaStreet,4.4,2958,Smart Casual Trousers in Brown with Beige accents. Designed for casual outing occasions and suitable for all season wear. Made from wool blend with a textured pattern and regular fit.
P00157,Northline Active Maroon Printed T-Shirt,Top,T-Shirt,Men,599,Maroon,Black,Printed,Sporty,1,Casual Outing,Summer,Cotton,Oversized,Northline,4.1,3894,Sporty T-Shirt in Maroon with Black accents. Designed for casual outing occasions and suitable for summer wear. Made from cotton with a printed pattern and oversized fit.
P01262,MetroFit Stylish White Formal Dress,Dress,Formal Dress,Women,3799,White,Navy,Textured,Party,2,Farewell,Summer,Polyester,A-Line,MetroFit,4.9,805,Party Formal Dress in White with Navy accents. Designed for farewell occasions and suitable for summer wear. Made from polyester with a textured pattern and a-line fit.
P00946,TrendAura Essential Green Chinos,Bottom,Chinos,Men,1199,Green,Black,Textured,Casual,1,Casual Outing,All Season,Cotton,Straight,TrendAura,3.8,2129,Casual Chinos in Green with Black accents. Designed for casual outing occasions and suitable for all season wear. Made from cotton with a textured pattern and straight fit.
P00618,VibeWear Everyday Navy Jeans,Bottom,Jeans,Men,1499,Navy,Grey,Solid,Casual,1,Casual Outing,Winter,Cotton,Slim,VibeWear,3.5,3563,Casual Jeans in Navy with Grey accents. Designed for casual outing occasions and suitable for winter wear. Made from cotton with a solid pattern and slim fit.
P00972,Northline Elegant Grey Skirt,Bottom,Skirt,Women,1699,Grey,Black,Solid,Party,2,Farewell,Summer,Rayon,Relaxed,Northline,4.3,4786,Party Skirt in Grey with Black accents. Designed for farewell occasions and suitable for summer wear. Made from rayon with a solid pattern and relaxed fit.
P00256,ModaStreet Executive Beige Striped Shirt,Top,Shirt,Men,2999,Beige,Navy,Striped,Formal,3,Farewell,Monsoon,Cotton,Regular,ModaStreet,4.4,2775,Formal Shirt in Beige with Navy accents. Designed for farewell occasions and suitable for monsoon wear. Made from cotton with a striped pattern and regular fit.
P00997,StyleCraft Essential Beige Skirt,Bottom,Skirt,Women,1899,Beige,Navy,Textured,Casual,1,Casual Outing,Winter,Polyester,A-Line,StyleCraft,3.8,716,Casual Skirt in Beige with Navy accents. Designed for casual outing occasions and suitable for winter wear. Made from polyester with a textured pattern and a-line fit.
P02239,UrbanThread Classic Pink Printed Shoulder Bag,Accessory,Shoulder Bag,Women,1999,Pink,Grey,Printed,Smart Casual,2,Casual Outing,All Season,Canvas,Standard,UrbanThread,4.7,3789,Smart Casual Shoulder Bag in Pink with Grey accents. Designed for casual outing occasions and suitable for all season wear. Made from canvas with a printed pattern and standard fit.
P01314,ClassicEdge Elegant Blue Checked Blazer,Outerwear,Blazer,Men,4199,Blue,Navy,Checked,Formal,3,Farewell,All Season,Cotton Blend,Slim,ClassicEdge,4.6,729,Formal Blazer in Blue with Navy accents. Designed for farewell occasions and suitable for all season wear. Made from cotton blend with a checked pattern and slim fit.
P00772,UrbanThread Elegant Olive Trousers,Bottom,Trousers,Women,1299,Olive,White,Solid,Formal,3,Farewell,All Season,Polyester,Straight,UrbanThread,4.8,3489,Formal Trousers in Olive with White accents. Designed for farewell occasions and suitable for all season wear. Made from polyester with a solid pattern and straight fit.
P01033,CoutureLane Modern Black Skirt,Bottom,Skirt,Women,2099,Black,Blue,Textured,Smart Casual,2,College,Winter,Polyester,Straight,CoutureLane,4.2,1236,Smart Casual Skirt in Black with Blue accents. Designed for college occasions and suitable for winter wear. Made from polyester with a textured pattern and straight fit.
P01954,ModaStreet Refined Pink Sandals,Footwear,Sandals,Women,799,Pink,Beige,Textured,Smart Casual,2,Casual Outing,All Season,Synthetic,Standard,ModaStreet,3.9,2844,Smart Casual Sandals in Pink with Beige accents. Designed for casual outing occasions and suitable for all season wear. Made from synthetic with a textured pattern and standard fit.
P02034,ModaStreet Modern Brown Belt,Accessory,Belt,Women,1499,Brown,Beige,Solid,Smart Casual,2,Farewell,All Season,Leather,Standard,ModaStreet,3.9,3921,Smart Casual Belt in Brown with Beige accents. Designed for farewell occasions and suitable for all season wear. Made from leather with a solid pattern and standard fit.
P02073,UrbanThread Refined Cream Belt,Accessory,Belt,Men,1199,Cream,Olive,Solid,Smart Casual,2,Farewell,All Season,Faux Leather,Standard,UrbanThread,4.4,4951,Smart Casual Belt in Cream with Olive accents. Designed for farewell occasions and suitable for all season wear. Made from faux leather with a solid pattern and standard fit.
P01686,MetroFit Active Cream Sneakers,Footwear,Sneakers,Women,1499,Cream,Beige,Solid,Sporty,1,Casual Outing,Winter,Canvas,Standard,MetroFit,3.9,1897,Sporty Sneakers in Cream with Beige accents. Designed for casual outing occasions and suitable for winter wear. Made from canvas with a solid pattern and standard fit.
P01643,MetroFit Performance Olive Printed Sneakers,Footwear,Sneakers,Men,1999,Olive,Black,Printed,Sporty,1,Casual Outing,All Season,Canvas,Standard,MetroFit,4.1,382,Sporty Sneakers in Olive with Black accents. Designed for casual outing occasions and suitable for all season wear. Made from canvas with a printed pattern and standard fit.
P00187,CoutureLane Classic Cream Shirt,Top,Shirt,Men,999,Cream,Olive,Solid,Formal,3,Office,Summer,Rayon,Regular,CoutureLane,4.8,2321,Formal Shirt in Cream with Olive accents. Designed for office occasions and suitable for summer wear. Made from rayon with a solid pattern and regular fit.
P02218,CoutureLane Classic Blue Printed Shoulder Bag,Accessory,Shoulder Bag,Women,2399,Blue,Grey,Printed,Casual,1,Casual Outing,All Season,Canvas,Standard,CoutureLane,3.6,724,Casual Shoulder Bag in Blue with Grey accents. Designed for casual outing occasions and suitable for all season wear. Made from canvas with a printed pattern and standard fit.
P00617,CoutureLane Premium Brown Jeans,Bottom,Jeans,Men,1199,Brown,Olive,Solid,Smart Casual,2,Farewell,Monsoon,Denim,Straight,CoutureLane,4.0,2766,Smart Casual Jeans in Brown with Olive accents. Designed for farewell occasions and suitable for monsoon wear. Made from denim with a solid pattern and straight fit.
P00337,TrendAura Everyday Navy Striped Blouse,Top,Blouse,Women,1499,Navy,Blue,Striped,Casual,1,College,All Season,Cotton,Relaxed,TrendAura,3.6,4723,Casual Blouse in Navy with Blue accents. Designed for college occasions and suitable for all season wear. Made from cotton with a striped pattern and relaxed fit.
P00708,VibeWear Modern Pink Trousers,Bottom,Trousers,Women,2899,Pink,Grey,Textured,Smart Casual,2,Farewell,All Season,Wool Blend,Straight,VibeWear,4.5,1060,Smart Casual Trousers in Pink with Grey accents. Designed for farewell occasions and suitable for all season wear. Made from wool blend with a textured pattern and straight fit.
P00004,MetroFit Sport Maroon T-Shirt,Top,T-Shirt,Women,1399,Maroon,Beige,Solid,Sporty,1,Casual Outing,All Season,Polyester,Regular,MetroFit,3.8,594,Sporty T-Shirt in Maroon with Beige accents. Designed for casual outing occasions and suitable for all season wear. Made from polyester with a solid pattern and regular fit.
P02009,CoutureLane Modern Olive Sandals,Footwear,Sandals,Women,2399,Olive,Brown,Solid,Smart Casual,2,College,All Season,Faux Leather,Standard,CoutureLane,4.2,3286,Smart Casual Sandals in Olive with Brown accents. Designed for college occasions and suitable for all season wear. Made from faux leather with a solid pattern and standard fit.
P01824,Northline Classic Grey Formal Shoes,Footwear,Formal Shoes,Men,5299,Grey,White,Solid,Formal,3,Office,All Season,Leather,Standard,Northline,4.4,4978,Formal Shoes in Grey with White accents. Designed for office occasions and suitable for all season wear. Made from leather with a solid pattern and standard fit.
P00924,VibeWear Modern Cream Chinos,Bottom,Chinos,Men,2399,Cream,Black,Textured,Smart Casual,2,Casual Outing,All Season,Cotton,Regular,VibeWear,4.5,1483,Smart Casual Chinos in Cream with Black accents. Designed for casual outing occasions and suitable for all season wear. Made from cotton with a textured pattern and regular fit.
P00596,StyleCraft Everyday Pink Jeans,Bottom,Jeans,Women,2299,Pink,Navy,Solid,Casual,1,College,All Season,Denim,Slim,StyleCraft,4.3,354,Casual Jeans in Pink with Navy accents. Designed for college occasions and suitable for all season wear. Made from denim with a solid pattern and slim fit.
P01128,Northline Premium Brown Striped Casual Dress,Dress,Casual Dress,Women,2599,Brown,Cream,Striped,Smart Casual,2,Farewell,All Season,Cotton,Relaxed,Northline,4.4,3944,Smart Casual Casual Dress in Brown with Cream accents. Designed for farewell occasions and suitable for all season wear. Made from cotton with a striped pattern and relaxed fit.
P00140,VibeWear Classic Green T-Shirt,Top,T-Shirt,Men,1699,Green,Cream,Solid,Casual,1,College,All Season,Cotton,Regular,VibeWear,4.3,273,Casual T-Shirt in Green with Cream accents. Designed for college occasions and suitable for all season wear. Made from cotton with a solid pattern and regular fit.
P01140,Northline Essential Navy Striped Casual Dress,Dress,Casual Dress,Women,1899,Navy,Grey,Striped,Casual,1,Casual Outing,All Season,Linen,Relaxed,Northline,3.8,3914,Casual Dress in Navy with Grey accents. Designed for casual outing occasions and suitable for all season wear. Made from linen with a striped pattern and relaxed fit.
P00119,UrbanThread Dynamic Black Printed T-Shirt,Top,T-Shirt,Women,1299,Black,Navy,Printed,Sporty,1,Casual Outing,Monsoon,Cotton,Relaxed,UrbanThread,4.0,3188,Sporty T-Shirt in Black with Navy accents. Designed for casual outing occasions and suitable for monsoon wear. Made from cotton with a printed pattern and relaxed fit.
P00994,Northline Essential Black Skirt,Bottom,Skirt,Women,1099,Black,Navy,Textured,Casual,1,College,Summer,Rayon,A-Line,Northline,4.1,3295,Casual Skirt in Black with Navy accents. Designed for college occasions and suitable for summer wear. Made from rayon with a textured pattern and a-line fit.
P02052,TrendAura Refined Cream Belt,Accessory,Belt,Unisex,1099,Cream,Maroon,Textured,Smart Casual,2,College,All Season,Leather,Standard,TrendAura,4.7,1971,Smart Casual Belt in Cream with Maroon accents. Designed for college occasions and suitable for all season wear. Made from leather with a textured pattern and standard fit.
P01781,MetroFit Elegant Beige Loafers,Footwear,Loafers,Men,4399,Beige,Brown,Textured,Formal,3,Farewell,Winter,Suede,Standard,MetroFit,4.3,1292,Formal Loafers in Beige with Brown accents. Designed for farewell occasions and suitable for winter wear. Made from suede with a textured pattern and standard fit.
P00071,ModaStreet Dynamic Green Striped T-Shirt,Top,T-Shirt,Unisex,1299,Green,Brown,Striped,Sporty,1,College,Summer,Polyester,Oversized,ModaStreet,4.2,2748,Sporty T-Shirt in Green with Brown accents. Designed for college occasions and suitable for summer wear. Made from polyester with a striped pattern and oversized fit.
P00832,MetroFit Executive White Trousers,Bottom,Trousers,Women,2199,White,Brown,Solid,Formal,3,Office,Summer,Cotton,Regular,MetroFit,4.3,2739,Formal Trousers in White with Brown accents. Designed for office occasions and suitable for summer wear. Made from cotton with a solid pattern and regular fit.
P01901,TrendAura Executive Blue Heels,Footwear,Heels,Women,3899,Blue,Beige,Textured,Formal,3,Office,All Season,Suede,Standard,TrendAura,4.5,3167,Formal Heels in Blue with Beige accents. Designed for office occasions and suitable for all season wear. Made from suede with a textured pattern and standard fit.
P02181,Northline Festive Brown Shoulder Bag,Accessory,Shoulder Bag,Unisex,1599,Brown,Navy,Textured,Party,2,Party,All Season,Canvas,Standard,Northline,4.6,4012,Party Shoulder Bag in Brown with Navy accents. Designed for party occasions and suitable for all season wear. Made from canvas with a textured pattern and standard fit.
P02169,ModaStreet Classic Brown Watch,Accessory,Watch,Men,999,Brown,Olive,Textured,Casual,1,College,All Season,Synthetic,Standard,ModaStreet,4.7,2201,Casual Watch in Brown with Olive accents. Designed for college occasions and suitable for all season wear. Made from synthetic with a textured pattern and standard fit.
P02165,StyleCraft Modern Olive Watch,Accessory,Watch,Unisex,4799,Olive,Black,Textured,Smart Casual,2,Farewell,All Season,Stainless Steel,Standard,StyleCraft,4.2,3761,Smart Casual Watch in Olive with Black accents. Designed for farewell occasions and suitable for all season wear. Made from stainless steel with a textured pattern and standard fit.
P00338,ModaStreet Classic Navy Blouse,Top,Blouse,Women,799,Navy,Grey,Solid,Smart Casual,2,Casual Outing,All Season,Silk Blend,Regular,ModaStreet,4.7,2347,Smart Casual Blouse in Navy with Grey accents. Designed for casual outing occasions and suitable for all season wear. Made from silk blend with a solid pattern and regular fit.
P00286,Northline Modern Beige Checked Shirt,Top,Shirt,Women,2999,Beige,Olive,Checked,Smart Casual,2,Casual Outing,Summer,Rayon,Regular,Northline,3.5,2063,Smart Casual Shirt in Beige with Olive accents. Designed for casual outing occasions and suitable for summer wear. Made from rayon with a checked pattern and regular fit.
P01166,Northline Everyday Maroon Printed Casual Dress,Dress,Casual Dress,Women,2299,Maroon,Black,Printed,Casual,1,Casual Outing,All Season,Linen,Regular,Northline,4.7,2255,Casual Dress in Maroon with Black accents. Designed for casual outing occasions and suitable for all season wear. Made from linen with a printed pattern and regular fit.
P01658,UrbanThread Sport Beige Printed Sneakers,Footwear,Sneakers,Men,3999,Beige,Olive,Printed,Sporty,1,Casual Outing,All Season,Canvas,Standard,UrbanThread,3.7,284,Sporty Sneakers in Beige with Olive accents. Designed for casual outing occasions and suitable for all season wear. Made from canvas with a printed pattern and standard fit.
P02068,ClassicEdge Classic Maroon Belt,Accessory,Belt,Men,999,Maroon,Grey,Solid,Smart Casual,2,Casual Outing,All Season,Faux Leather,Standard,ClassicEdge,4.2,802,Smart Casual Belt in Maroon with Grey accents. Designed for casual outing occasions and suitable for all season wear. Made from faux leather with a solid pattern and standard fit.
P01992,StyleCraft Classic Pink Sandals,Footwear,Sandals,Unisex,1099,Pink,Navy,Textured,Smart Casual,2,College,All Season,Faux Leather,Standard,StyleCraft,4.0,3584,Smart Casual Sandals in Pink with Navy accents. Designed for college occasions and suitable for all season wear. Made from faux leather with a textured pattern and standard fit.
P01130,VibeWear Modern White Printed Casual Dress,Dress,Casual Dress,Women,1499,White,Maroon,Printed,Smart Casual,2,College,All Season,Cotton,Relaxed,VibeWear,3.8,795,Smart Casual Casual Dress in White with Maroon accents. Designed for college occasions and suitable for all season wear. Made from cotton with a printed pattern and relaxed fit.
P01961,Northline Essential Black Sandals,Footwear,Sandals,Women,1799,Black,White,Textured,Casual,1,College,Summer,Faux Leather,Standard,Northline,4.6,2037,Casual Sandals in Black with White accents. Designed for college occasions and suitable for summer wear. Made from faux leather with a textured pattern and standard fit.
P02213,StyleCraft Everyday Olive Shoulder Bag,Accessory,Shoulder Bag,Unisex,1299,Olive,Brown,Textured,Casual,1,College,Summer,Faux Leather,Standard,StyleCraft,3.6,4744,Casual Shoulder Bag in Olive with Brown accents. Designed for college occasions and suitable for summer wear. Made from faux leather with a textured pattern and standard fit.
P01673,UrbanThread Modern White Sneakers,Footwear,Sneakers,Women,2699,White,Olive,Solid,Smart Casual,2,College,All Season,Canvas,Standard,UrbanThread,3.7,1676,Smart Casual Sneakers in White with Olive accents. Designed for college occasions and suitable for all season wear. Made from canvas with a solid pattern and standard fit.
P01258,DailyMode Elegant Cream Formal Dress,Dress,Formal Dress,Women,3499,Cream,Olive,Textured,Formal,3,Farewell,All Season,Polyester,A-Line,DailyMode,4.0,1124,Formal Dress in Cream with Olive accents. Designed for farewell occasions and suitable for all season wear. Made from polyester with a textured pattern and a-line fit.
P01817,ClassicEdge Elegant Cream Formal Shoes,Footwear,Formal Shoes,Men,2799,Cream,Maroon,Solid,Formal,3,Office,All Season,Faux Leather,Standard,ClassicEdge,4.5,2645,Formal Shoes in Cream with Maroon accents. Designed for office occasions and suitable for all season wear. Made from faux leather with a solid pattern and standard fit.
P00921,VibeWear Modern Navy Chinos,Bottom,Chinos,Men,1699,Navy,Blue,Solid,Smart Casual,2,College,All Season,Cotton,Regular,VibeWear,4.1,2282,Smart Casual Chinos in Navy with Blue accents. Designed for college occasions and suitable for all season wear. Made from cotton with a solid pattern and regular fit.
P01805,UrbanThread Elegant White Formal Shoes,Footwear,Formal Shoes,Men,4499,White,Beige,Solid,Formal,3,Farewell,Summer,Leather,Standard,UrbanThread,4.2,4575,Formal Shoes in White with Beige accents. Designed for farewell occasions and suitable for summer wear. Made from leather with a solid pattern and standard fit.
P01588,ModaStreet Everyday Brown Sneakers,Footwear,Sneakers,Unisex,1899,Brown,White,Solid,Casual,1,Casual Outing,Winter,Canvas,Standard,ModaStreet,4.8,3894,Casual Sneakers in Brown with White accents. Designed for casual outing occasions and suitable for winter wear. Made from canvas with a solid pattern and standard fit.
P00439,TrendAura Classic White Blouse,Top,Blouse,Women,2199,White,Olive,Solid,Casual,1,College,All Season,Rayon,Regular,TrendAura,4.4,2584,Casual Blouse in White with Olive accents. Designed for college occasions and suitable for all season wear. Made from rayon with a solid pattern and regular fit.
P01536,MetroFit Comfort Navy Overshirt,Outerwear,Overshirt,Men,2799,Navy,Beige,Solid,Casual,1,College,All Season,Linen,Regular,MetroFit,3.7,262,Casual Overshirt in Navy with Beige accents. Designed for college occasions and suitable for all season wear. Made from linen with a solid pattern and regular fit.
P02096,TrendAura Modern Olive Watch,Accessory,Watch,Women,1499,Olive,Beige,Solid,Smart Casual,2,Farewell,All Season,Leather,Standard,TrendAura,4.7,3632,Smart Casual Watch in Olive with Beige accents. Designed for farewell occasions and suitable for all season wear. Made from leather with a solid pattern and standard fit.
P00186,UrbanThread Elegant Olive Printed Shirt,Top,Shirt,Women,1099,Olive,Beige,Printed,Formal,3,Farewell,Summer,Linen,Relaxed,UrbanThread,4.2,3579,Formal Shirt in Olive with Beige accents. Designed for farewell occasions and suitable for summer wear. Made from linen with a printed pattern and relaxed fit.
P00637,VibeWear Classic Olive Jeans,Bottom,Jeans,Women,1199,Olive,Black,Textured,Smart Casual,2,Farewell,All Season,Cotton,Straight,VibeWear,3.8,1940,Smart Casual Jeans in Olive with Black accents. Designed for farewell occasions and suitable for all season wear. Made from cotton with a textured pattern and straight fit.
P01832,CoutureLane Classic Pink Formal Shoes,Footwear,Formal Shoes,Men,2599,Pink,Beige,Solid,Formal,3,Office,Summer,Faux Leather,Standard,CoutureLane,3.9,4170,Formal Shoes in Pink with Beige accents. Designed for office occasions and suitable for summer wear. Made from faux leather with a solid pattern and standard fit.
P01677,CoutureLane Performance Maroon Sneakers,Footwear,Sneakers,Unisex,4399,Maroon,White,Solid,Sporty,1,Casual Outing,Summer,Synthetic,Standard,CoutureLane,4.3,485,Sporty Sneakers in Maroon with White accents. Designed for casual outing occasions and suitable for summer wear. Made from synthetic with a solid pattern and standard fit.
P01578,ClassicEdge Modern Maroon Printed Sneakers,Footwear,Sneakers,Men,2899,Maroon,Beige,Printed,Smart Casual,2,College,Summer,Canvas,Standard,ClassicEdge,3.5,4445,Smart Casual Sneakers in Maroon with Beige accents. Designed for college occasions and suitable for summer wear. Made from canvas with a printed pattern and standard fit.
P01308,ModaStreet Premium Green Checked Blazer,Outerwear,Blazer,Men,5899,Green,White,Checked,Smart Casual,2,Farewell,All Season,Cotton Blend,Slim,ModaStreet,3.7,2831,Smart Casual Blazer in Green with White accents. Designed for farewell occasions and suitable for all season wear. Made from cotton blend with a checked pattern and slim fit.
P01441,ClassicEdge Refined Cream Denim Jacket,Outerwear,Denim Jacket,Men,2799,Cream,Olive,Solid,Smart Casual,2,Casual Outing,All Season,Denim,Relaxed,ClassicEdge,4.6,2220,Smart Casual Denim Jacket in Cream with Olive accents. Designed for casual outing occasions and suitable for all season wear. Made from denim with a solid pattern and relaxed fit.
P00345,TrendAura Elegant Grey Striped Blouse,Top,Blouse,Women,2099,Grey,Maroon,Striped,Party,2,Farewell,Winter,Silk Blend,Relaxed,TrendAura,4.3,4592,Party Blouse in Grey with Maroon accents. Designed for farewell occasions and suitable for winter wear. Made from silk blend with a striped pattern and relaxed fit.
P02260,UrbanThread Essential Blue Backpack,Accessory,Backpack,Men,2499,Blue,Navy,Solid,Casual,1,Casual Outing,Monsoon,Polyester,Standard,UrbanThread,3.6,771,Casual Backpack in Blue with Navy accents. Designed for casual outing occasions and suitable for monsoon wear. Made from polyester with a solid pattern and standard fit.
P01656,Northline Essential Beige Sneakers,Footwear,Sneakers,Women,3399,Beige,Maroon,Solid,Casual,1,College,Monsoon,Leather,Standard,Northline,3.7,1845,Casual Sneakers in Beige with Maroon accents. Designed for college occasions and suitable for monsoon wear. Made from leather with a solid pattern and standard fit.
P00470,ClassicEdge Comfort Green Knit Top,Top,Knit Top,Women,899,Green,White,Textured,Casual,1,College,All Season,Wool Blend,Regular,ClassicEdge,4.7,2400,Casual Knit Top in Green with White accents. Designed for college occasions and suitable for all season wear. Made from wool blend with a textured pattern and regular fit.
P02248,Northline Performance Navy Backpack,Accessory,Backpack,Unisex,1899,Navy,Cream,Solid,Sporty,1,Casual Outing,Summer,Synthetic,Standard,Northline,4.4,2260,Sporty Backpack in Navy with Cream accents. Designed for casual outing occasions and suitable for summer wear. Made from synthetic with a solid pattern and standard fit.
P00441,ClassicEdge Premium Brown Striped Knit Top,Top,Knit Top,Women,2099,Brown,White,Striped,Smart Casual,2,Casual Outing,Winter,Cotton,Slim,ClassicEdge,4.2,560,Smart Casual Knit Top in Brown with White accents. Designed for casual outing occasions and suitable for winter wear. Made from cotton with a striped pattern and slim fit.
P02112,Northline Elegant Beige Watch,Accessory,Watch,Men,1299,Beige,Black,Textured,Formal,3,Office,All Season,Stainless Steel,Standard,Northline,4.4,501,Formal Watch in Beige with Black accents. Designed for office occasions and suitable for all season wear. Made from stainless steel with a textured pattern and standard fit.
P01802,Northline Premium Black Formal Shoes,Footwear,Formal Shoes,Men,2199,Black,Beige,Textured,Formal,3,Office,Winter,Faux Leather,Standard,Northline,4.2,2258,Formal Shoes in Black with Beige accents. Designed for office occasions and suitable for winter wear. Made from faux leather with a textured pattern and standard fit.
P00185,MetroFit Classic Brown Printed Shirt,Top,Shirt,Men,1599,Brown,Black,Printed,Casual,1,College,All Season,Linen,Slim,MetroFit,3.9,685,Casual Shirt in Brown with Black accents. Designed for college occasions and suitable for all season wear. Made from linen with a printed pattern and slim fit.
P00814,Northline Executive Blue Trousers,Bottom,Trousers,Men,1399,Blue,White,Solid,Formal,3,Office,All Season,Polyester,Regular,Northline,4.8,4737,Formal Trousers in Blue with White accents. Designed for office occasions and suitable for all season wear. Made from polyester with a solid pattern and regular fit.
P01381,UrbanThread Refined Beige Blazer,Outerwear,Blazer,Men,6899,Beige,Maroon,Solid,Smart Casual,2,Farewell,Winter,Polyester,Regular,UrbanThread,3.9,256,Smart Casual Blazer in Beige with Maroon accents. Designed for farewell occasions and suitable for winter wear. Made from polyester with a solid pattern and regular fit.
P01560,MetroFit Dynamic White Printed Sneakers,Footwear,Sneakers,Women,2399,White,Maroon,Printed,Sporty,1,Casual Outing,Summer,Leather,Standard,MetroFit,4.7,3353,Sporty Sneakers in White with Maroon accents. Designed for casual outing occasions and suitable for summer wear. Made from leather with a printed pattern and standard fit.
P01360,UrbanThread Premium Black Blazer,Outerwear,Blazer,Men,4999,Black,White,Solid,Smart Casual,2,College,Winter,Cotton Blend,Regular,UrbanThread,4.1,845,Smart Casual Blazer in Black with White accents. Designed for college occasions and suitable for winter wear. Made from cotton blend with a solid pattern and regular fit.
P00561,CoutureLane Comfort Navy Jeans,Bottom,Jeans,Men,1699,Navy,White,Solid,Casual,1,College,Summer,Denim,Slim,CoutureLane,4.5,3600,Casual Jeans in Navy with White accents. Designed for college occasions and suitable for summer wear. Made from denim with a solid pattern and slim fit.
P02019,ModaStreet Classic Navy Sandals,Footwear,Sandals,Women,2099,Navy,Grey,Textured,Smart Casual,2,Casual Outing,Summer,Leather,Standard,ModaStreet,3.7,4728,Smart Casual Sandals in Navy with Grey accents. Designed for casual outing occasions and suitable for summer wear. Made from leather with a textured pattern and standard fit.
P00494,DailyMode Modern Olive Knit Top,Top,Knit Top,Women,2199,Olive,Cream,Textured,Smart Casual,2,Farewell,Winter,Cotton,Slim,DailyMode,4.5,4390,Smart Casual Knit Top in Olive with Cream accents. Designed for farewell occasions and suitable for winter wear. Made from cotton with a textured pattern and slim fit.
P00107,StyleCraft Classic Navy Printed T-Shirt,Top,T-Shirt,Men,1699,Navy,Blue,Printed,Casual,1,Casual Outing,Summer,Polyester,Oversized,StyleCraft,4.4,3825,Casual T-Shirt in Navy with Blue accents. Designed for casual outing occasions and suitable for summer wear. Made from polyester with a printed pattern and oversized fit.
P00467,Northline Everyday Maroon Knit Top,Top,Knit Top,Women,2099,Maroon,Grey,Textured,Casual,1,College,Winter,Wool Blend,Regular,Northline,4.5,871,Casual Knit Top in Maroon with Grey accents. Designed for college occasions and suitable for winter wear. Made from wool blend with a textured pattern and regular fit.
P01956,MetroFit Everyday Blue Sandals,Footwear,Sandals,Unisex,999,Blue,Brown,Solid,Casual,1,College,Summer,Faux Leather,Standard,MetroFit,4.4,4112,Casual Sandals in Blue with Brown accents. Designed for college occasions and suitable for summer wear. Made from faux leather with a solid pattern and standard fit.
P01030,ClassicEdge Festive Grey Skirt,Bottom,Skirt,Women,2299,Grey,Maroon,Textured,Party,2,Party,Winter,Rayon,Relaxed,ClassicEdge,4.0,1947,Party Skirt in Grey with Maroon accents. Designed for party occasions and suitable for winter wear. Made from rayon with a textured pattern and relaxed fit.
P01468,CoutureLane Comfort Green Denim Jacket,Outerwear,Denim Jacket,Women,2999,Green,White,Solid,Casual,1,Casual Outing,All Season,Denim,Oversized,CoutureLane,4.7,359,Casual Denim Jacket in Green with White accents. Designed for casual outing occasions and suitable for all season wear. Made from denim with a solid pattern and oversized fit.
P02114,Northline Refined Beige Watch,Accessory,Watch,Women,3599,Beige,Brown,Textured,Smart Casual,2,Casual Outing,All Season,Synthetic,Standard,Northline,4.1,286,Smart Casual Watch in Beige with Brown accents. Designed for casual outing occasions and suitable for all season wear. Made from synthetic with a textured pattern and standard fit.
P01115,ModaStreet Comfort White Casual Dress,Dress,Casual Dress,Women,2699,White,Beige,Solid,Casual,1,College,All Season,Linen,Regular,ModaStreet,4.8,1701,Casual Dress in White with Beige accents. Designed for college occasions and suitable for all season wear. Made from linen with a solid pattern and regular fit.
P01915,CoutureLane Elegant Green Heels,Footwear,Heels,Women,3499,Green,Brown,Textured,Formal,3,Farewell,Summer,Synthetic,Standard,CoutureLane,4.2,847,Formal Heels in Green with Brown accents. Designed for farewell occasions and suitable for summer wear. Made from synthetic with a textured pattern and standard fit.
P00313,CoutureLane Elegant Blue Striped Shirt,Top,Shirt,Men,2999,Blue,Beige,Striped,Formal,3,Office,Winter,Rayon,Relaxed,CoutureLane,3.6,1448,Formal Shirt in Blue with Beige accents. Designed for office occasions and suitable for winter wear. Made from rayon with a striped pattern and relaxed fit.
P01734,TrendAura Refined Pink Loafers,Footwear,Loafers,Women,2499,Pink,Black,Textured,Smart Casual,2,Farewell,Summer,Leather,Standard,TrendAura,3.6,2360,Smart Casual Loafers in Pink with Black accents. Designed for farewell occasions and suitable for summer wear. Made from leather with a textured pattern and standard fit.
P01444,ModaStreet Essential Cream Denim Jacket,Outerwear,Denim Jacket,Men,3699,Cream,Black,Textured,Casual,1,College,Monsoon,Denim,Relaxed,ModaStreet,4.3,2923,Casual Denim Jacket in Cream with Black accents. Designed for college occasions and suitable for monsoon wear. Made from denim with a textured pattern and relaxed fit.
P00553,MetroFit Comfort Pink Jeans,Bottom,Jeans,Men,1599,Pink,Navy,Solid,Casual,1,College,Winter,Cotton,Straight,MetroFit,3.6,3039,Casual Jeans in Pink with Navy accents. Designed for college occasions and suitable for winter wear. Made from cotton with a solid pattern and straight fit.
P01601,DailyMode Sport Grey Printed Sneakers,Footwear,Sneakers,Women,4399,Grey,Maroon,Printed,Sporty,1,College,Monsoon,Mesh,Standard,DailyMode,4.3,3613,Sporty Sneakers in Grey with Maroon accents. Designed for college occasions and suitable for monsoon wear. Made from mesh with a printed pattern and standard fit.
P00624,DailyMode Comfort Pink Jeans,Bottom,Jeans,Men,2099,Pink,Navy,Solid,Casual,1,Casual Outing,Winter,Denim,Straight,DailyMode,4.3,4458,Casual Jeans in Pink with Navy accents. Designed for casual outing occasions and suitable for winter wear. Made from denim with a solid pattern and straight fit.
P01256,Northline Festive Navy Formal Dress,Dress,Formal Dress,Women,3899,Navy,Brown,Textured,Party,2,Farewell,Summer,Rayon,Slim,Northline,4.3,1556,Party Formal Dress in Navy with Brown accents. Designed for farewell occasions and suitable for summer wear. Made from rayon with a textured pattern and slim fit.
P01157,TrendAura Essential Pink Casual Dress,Dress,Casual Dress,Women,1899,Pink,Beige,Solid,Casual,1,College,Summer,Cotton,Relaxed,TrendAura,3.8,696,Casual Dress in Pink with Beige accents. Designed for college occasions and suitable for summer wear. Made from cotton with a solid pattern and relaxed fit.
P01845,UrbanThread Classic Brown Formal Shoes,Footwear,Formal Shoes,Men,3899,Brown,White,Textured,Formal,3,Office,Winter,Leather,Standard,UrbanThread,3.7,1763,Formal Shoes in Brown with White accents. Designed for office occasions and suitable for winter wear. Made from leather with a textured pattern and standard fit.
P02289,ClassicEdge Essential White Backpack,Accessory,Backpack,Unisex,1299,White,Blue,Textured,Casual,1,College,All Season,Canvas,Standard,ClassicEdge,4.7,4007,Casual Backpack in White with Blue accents. Designed for college occasions and suitable for all season wear. Made from canvas with a textured pattern and standard fit.
P01803,StyleCraft Classic White Formal Shoes,Footwear,Formal Shoes,Men,4599,White,Maroon,Solid,Formal,3,Office,Summer,Faux Leather,Standard,StyleCraft,4.5,4713,Formal Shoes in White with Maroon accents. Designed for office occasions and suitable for summer wear. Made from faux leather with a solid pattern and standard fit.
P01091,ClassicEdge Classic White Striped Casual Dress,Dress,Casual Dress,Women,3199,White,Navy,Striped,Smart Casual,2,Farewell,Summer,Rayon,Relaxed,ClassicEdge,3.9,1951,Smart Casual Casual Dress in White with Navy accents. Designed for farewell occasions and suitable for summer wear. Made from rayon with a striped pattern and relaxed fit.
P00066,TrendAura Active Grey T-Shirt,Top,T-Shirt,Unisex,1199,Grey,Maroon,Textured,Sporty,1,Casual Outing,Summer,Polyester,Relaxed,TrendAura,3.6,2092,Sporty T-Shirt in Grey with Maroon accents. Designed for casual outing occasions and suitable for summer wear. Made from polyester with a textured pattern and relaxed fit.
P02243,UrbanThread Performance Blue Printed Backpack,Accessory,Backpack,Unisex,999,Blue,Navy,Printed,Sporty,1,College,Summer,Polyester,Standard,UrbanThread,4.6,1879,Sporty Backpack in Blue with Navy accents. Designed for college occasions and suitable for summer wear. Made from polyester with a printed pattern and standard fit.
P00909,MetroFit Classic White Chinos,Bottom,Chinos,Men,1699,White,Black,Solid,Smart Casual,2,College,Summer,Cotton,Straight,MetroFit,3.6,4605,Smart Casual Chinos in White with Black accents. Designed for college occasions and suitable for summer wear. Made from cotton with a solid pattern and straight fit.
P02209,UrbanThread Statement Olive Printed Shoulder Bag,Accessory,Shoulder Bag,Unisex,2199,Olive,Brown,Printed,Party,2,Farewell,Summer,Canvas,Standard,UrbanThread,3.9,2565,Party Shoulder Bag in Olive with Brown accents. Designed for farewell occasions and suitable for summer wear. Made from canvas with a printed pattern and standard fit.
P01077,ClassicEdge Essential Brown Casual Dress,Dress,Casual Dress,Women,2599,Brown,Cream,Solid,Casual,1,College,All Season,Rayon,A-Line,ClassicEdge,4.5,1109,Casual Dress in Brown with Cream accents. Designed for college occasions and suitable for all season wear. Made from rayon with a solid pattern and a-line fit.
P01409,MetroFit Classic Maroon Denim Jacket,Outerwear,Denim Jacket,Men,2299,Maroon,Black,Textured,Smart Casual,2,College,Monsoon,Denim,Regular,MetroFit,4.2,1976,Smart Casual Denim Jacket in Maroon with Black accents. Designed for college occasions and suitable for monsoon wear. Made from denim with a textured pattern and regular fit.
P01615,ModaStreet Everyday Blue Sneakers,Footwear,Sneakers,Men,3899,Blue,Beige,Textured,Casual,1,Casual Outing,All Season,Synthetic,Standard,ModaStreet,4.6,2125,Casual Sneakers in Blue with Beige accents. Designed for casual outing occasions and suitable for all season wear. Made from synthetic with a textured pattern and standard fit.
P00496,DailyMode Everyday Navy Striped Knit Top,Top,Knit Top,Women,1599,Navy,Beige,Striped,Casual,1,Casual Outing,All Season,Cotton,Slim,DailyMode,4.1,4460,Casual Knit Top in Navy with Beige accents. Designed for casual outing occasions and suitable for all season wear. Made from cotton with a striped pattern and slim fit.
P01225,DailyMode Elegant Blue Formal Dress,Dress,Formal Dress,Women,2499,Blue,Navy,Solid,Formal,3,Office,Summer,Polyester,Regular,DailyMode,3.9,3062,Formal Dress in Blue with Navy accents. Designed for office occasions and suitable for summer wear. Made from polyester with a solid pattern and regular fit.
P01918,ModaStreet Statement Blue Heels,Footwear,Heels,Women,2999,Blue,Beige,Solid,Party,2,Farewell,Summer,Synthetic,Standard,ModaStreet,3.9,2721,Party Heels in Blue with Beige accents. Designed for farewell occasions and suitable for summer wear. Made from synthetic with a solid pattern and standard fit.
P00843,StyleCraft Modern Brown Chinos,Bottom,Chinos,Men,1999,Brown,Black,Solid,Smart Casual,2,Casual Outing,All Season,Cotton,Regular,StyleCraft,3.7,622,Smart Casual Chinos in Brown with Black accents. Designed for casual outing occasions and suitable for all season wear. Made from cotton with a solid pattern and regular fit.
P01060,VibeWear Stylish Green Skirt,Bottom,Skirt,Women,2399,Green,Brown,Solid,Party,2,Party,All Season,Cotton,Relaxed,VibeWear,4.8,1971,Party Skirt in Green with Brown accents. Designed for party occasions and suitable for all season wear. Made from cotton with a solid pattern and relaxed fit.
P01160,Northline Premium Brown Casual Dress,Dress,Casual Dress,Women,1999,Brown,Cream,Solid,Smart Casual,2,Casual Outing,All Season,Cotton,Relaxed,Northline,4.0,3872,Smart Casual Casual Dress in Brown with Cream accents. Designed for casual outing occasions and suitable for all season wear. Made from cotton with a solid pattern and relaxed fit.
P00560,ClassicEdge Classic Grey Jeans,Bottom,Jeans,Women,1699,Grey,Beige,Textured,Smart Casual,2,Farewell,Monsoon,Cotton,Relaxed,ClassicEdge,3.9,4049,Smart Casual Jeans in Grey with Beige accents. Designed for farewell occasions and suitable for monsoon wear. Made from cotton with a textured pattern and relaxed fit.
P00304,DailyMode Comfort Grey Striped Shirt,Top,Shirt,Women,1199,Grey,Beige,Striped,Casual,1,Casual Outing,Winter,Cotton,Relaxed,DailyMode,3.6,1369,Casual Shirt in Grey with Beige accents. Designed for casual outing occasions and suitable for winter wear. Made from cotton with a striped pattern and relaxed fit.
P01537,StyleCraft Everyday Grey Overshirt,Outerwear,Overshirt,Men,1499,Grey,Blue,Solid,Casual,1,College,All Season,Cotton,Oversized,StyleCraft,4.1,1360,Casual Overshirt in Grey with Blue accents. Designed for college occasions and suitable for all season wear. Made from cotton with a solid pattern and oversized fit.
P01045,VibeWear Stylish Olive Checked Skirt,Bottom,Skirt,Women,2199,Olive,White,Checked,Party,2,Farewell,All Season,Rayon,Straight,VibeWear,4.1,699,Party Skirt in Olive with White accents. Designed for farewell occasions and suitable for all season wear. Made from rayon with a checked pattern and straight fit.
P01356,StyleCraft Elegant Brown Blazer,Outerwear,Blazer,Men,2799,Brown,Black,Solid,Formal,3,Office,Winter,Polyester,Slim,StyleCraft,4.1,1902,Formal Blazer in Brown with Black accents. Designed for office occasions and suitable for winter wear. Made from polyester with a solid pattern and slim fit.
P01083,Northline Classic White Casual Dress,Dress,Casual Dress,Women,2299,White,Navy,Solid,Casual,1,Casual Outing,Summer,Rayon,A-Line,Northline,4.6,1890,Casual Dress in White with Navy accents. Designed for casual outing occasions and suitable for summer wear. Made from rayon with a solid pattern and a-line fit.
P01729,CoutureLane Elegant Cream Loafers,Footwear,Loafers,Men,3199,Cream,Beige,Solid,Formal,3,Office,All Season,Suede,Standard,CoutureLane,4.6,172,Formal Loafers in Cream with Beige accents. Designed for office occasions and suitable for all season wear. Made from suede with a solid pattern and standard fit.
P00508,VibeWear Essential Grey Knit Top,Top,Knit Top,Women,2099,Grey,Beige,Textured,Casual,1,Casual Outing,Winter,Rayon,Regular,VibeWear,3.8,45,Casual Knit Top in Grey with Beige accents. Designed for casual outing occasions and suitable for winter wear. Made from rayon with a textured pattern and regular fit.
P01291,StyleCraft Classic Olive Checked Blazer,Outerwear,Blazer,Women,2499,Olive,Cream,Checked,Smart Casual,2,Farewell,Winter,Wool Blend,Slim,StyleCraft,3.8,1370,Smart Casual Blazer in Olive with Cream accents. Designed for farewell occasions and suitable for winter wear. Made from wool blend with a checked pattern and slim fit.
P01675,ModaStreet Sport Green Sneakers,Footwear,Sneakers,Unisex,1799,Green,Brown,Solid,Sporty,1,Casual Outing,All Season,Synthetic,Standard,ModaStreet,4.5,2141,Sporty Sneakers in Green with Brown accents. Designed for casual outing occasions and suitable for all season wear. Made from synthetic with a solid pattern and standard fit.
P00159,VibeWear Everyday Olive Printed T-Shirt,Top,T-Shirt,Men,499,Olive,White,Printed,Casual,1,Casual Outing,Summer,Polyester,Relaxed,VibeWear,3.9,4962,Casual T-Shirt in Olive with White accents. Designed for casual outing occasions and suitable for summer wear. Made from polyester with a printed pattern and relaxed fit.
P01593,MetroFit Classic Pink Sneakers,Footwear,Sneakers,Men,2699,Pink,Black,Textured,Smart Casual,2,Farewell,Monsoon,Canvas,Standard,MetroFit,3.9,4965,Smart Casual Sneakers in Pink with Black accents. Designed for farewell occasions and suitable for monsoon wear. Made from canvas with a textured pattern and standard fit.
P01556,VibeWear Modern Maroon Sneakers,Footwear,Sneakers,Unisex,3899,Maroon,Beige,Solid,Smart Casual,2,Farewell,Monsoon,Canvas,Standard,VibeWear,3.9,2528,Smart Casual Sneakers in Maroon with Beige accents. Designed for farewell occasions and suitable for monsoon wear. Made from canvas with a solid pattern and standard fit.
P01650,UrbanThread Modern Blue Sneakers,Footwear,Sneakers,Women,4699,Blue,White,Textured,Smart Casual,2,College,Summer,Synthetic,Standard,UrbanThread,3.9,1820,Smart Casual Sneakers in Blue with White accents. Designed for college occasions and suitable for summer wear. Made from synthetic with a textured pattern and standard fit.
P01286,StyleCraft Festive Green Formal Dress,Dress,Formal Dress,Women,2099,Green,Cream,Textured,Party,2,Party,All Season,Silk Blend,Regular,StyleCraft,4.1,1476,Party Formal Dress in Green with Cream accents. Designed for party occasions and suitable for all season wear. Made from silk blend with a textured pattern and regular fit.
P00160,Northline Everyday Olive T-Shirt,Top,T-Shirt,Men,999,Olive,Black,Textured,Casual,1,College,Monsoon,Polyester,Oversized,Northline,3.7,3784,Casual T-Shirt in Olive with Black accents. Designed for college occasions and suitable for monsoon wear. Made from polyester with a textured pattern and oversized fit.
P01880,UrbanThread Elegant Grey Heels,Footwear,Heels,Women,2599,Grey,White,Textured,Party,2,Party,Summer,Faux Leather,Standard,UrbanThread,3.7,1828,Party Heels in Grey with White accents. Designed for party occasions and suitable for summer wear. Made from faux leather with a textured pattern and standard fit.
P00778,CoutureLane Classic White Checked Trousers,Bottom,Trousers,Women,2599,White,Maroon,Checked,Smart Casual,2,Farewell,Winter,Cotton,Regular,CoutureLane,4.0,4468,Smart Casual Trousers in White with Maroon accents. Designed for farewell occasions and suitable for winter wear. Made from cotton with a checked pattern and regular fit.
P01369,Northline Classic Maroon Blazer,Outerwear,Blazer,Women,5699,Maroon,Navy,Solid,Smart Casual,2,College,Winter,Wool Blend,Regular,Northline,4.0,119,Smart Casual Blazer in Maroon with Navy accents. Designed for college occasions and suitable for winter wear. Made from wool blend with a solid pattern and regular fit.
P00545,DailyMode Comfort Black Jeans,Bottom,Jeans,Women,1499,Black,Navy,Textured,Casual,1,Casual Outing,Monsoon,Cotton,Relaxed,DailyMode,3.9,3496,Casual Jeans in Black with Navy accents. Designed for casual outing occasions and suitable for monsoon wear. Made from cotton with a textured pattern and relaxed fit.
P00872,Northline Classic White Chinos,Bottom,Chinos,Men,2899,White,Navy,Solid,Smart Casual,2,Casual Outing,Winter,Cotton,Regular,Northline,4.5,4348,Smart Casual Chinos in White with Navy accents. Designed for casual outing occasions and suitable for winter wear. Made from cotton with a solid pattern and regular fit.
P00918,CoutureLane Classic Black Chinos,Bottom,Chinos,Men,2699,Black,Maroon,Textured,Smart Casual,2,Farewell,Summer,Cotton Blend,Regular,CoutureLane,3.7,4494,Smart Casual Chinos in Black with Maroon accents. Designed for farewell occasions and suitable for summer wear. Made from cotton blend with a textured pattern and regular fit.
P00969,MetroFit Everyday Navy Checked Skirt,Bottom,Skirt,Women,1599,Navy,Grey,Checked,Casual,1,Casual Outing,Winter,Rayon,Straight,MetroFit,4.0,3787,Casual Skirt in Navy with Grey accents. Designed for casual outing occasions and suitable for winter wear. Made from rayon with a checked pattern and straight fit.
P00667,TrendAura Classic Olive Jeans,Bottom,Jeans,Women,1599,Olive,Brown,Textured,Smart Casual,2,Farewell,Summer,Cotton,Slim,TrendAura,4.6,3973,Smart Casual Jeans in Olive with Brown accents. Designed for farewell occasions and suitable for summer wear. Made from cotton with a textured pattern and slim fit.
P01928,ModaStreet Festive Brown Heels,Footwear,Heels,Women,4299,Brown,Black,Solid,Party,2,Party,Summer,Synthetic,Standard,ModaStreet,4.0,2146,Party Heels in Brown with Black accents. Designed for party occasions and suitable for summer wear. Made from synthetic with a solid pattern and standard fit.
P02302,MetroFit Essential Beige Printed Backpack,Accessory,Backpack,Women,2299,Beige,Navy,Printed,Casual,1,Casual Outing,Summer,Polyester,Standard,MetroFit,3.9,1928,Casual Backpack in Beige with Navy accents. Designed for casual outing occasions and suitable for summer wear. Made from polyester with a printed pattern and standard fit.
P00974,CoutureLane Elegant Brown Checked Skirt,Bottom,Skirt,Women,2799,Brown,Beige,Checked,Party,2,Party,All Season,Polyester,Relaxed,CoutureLane,4.6,3762,Party Skirt in Brown with Beige accents. Designed for party occasions and suitable for all season wear. Made from polyester with a checked pattern and relaxed fit.
P00465,StyleCraft Essential Grey Striped Knit Top,Top,Knit Top,Women,1499,Grey,Blue,Striped,Casual,1,College,Winter,Cotton,Slim,StyleCraft,4.6,2674,Casual Knit Top in Grey with Blue accents. Designed for college occasions and suitable for winter wear. Made from cotton with a striped pattern and slim fit.
P01553,UrbanThread Comfort Pink Sneakers,Footwear,Sneakers,Unisex,2099,Pink,Beige,Textured,Casual,1,College,All Season,Canvas,Standard,UrbanThread,3.8,901,Casual Sneakers in Pink with Beige accents. Designed for college occasions and suitable for all season wear. Made from canvas with a textured pattern and standard fit.
P01116,CoutureLane Comfort Cream Casual Dress,Dress,Casual Dress,Women,2099,Cream,Black,Solid,Casual,1,Casual Outing,All Season,Cotton,Regular,CoutureLane,3.5,4638,Casual Dress in Cream with Black accents. Designed for casual outing occasions and suitable for all season wear. Made from cotton with a solid pattern and regular fit.
P00054,Northline Sport Blue Striped T-Shirt,Top,T-Shirt,Women,599,Blue,White,Striped,Sporty,1,College,All Season,Polyester,Relaxed,Northline,4.5,1541,Sporty T-Shirt in Blue with White accents. Designed for college occasions and suitable for all season wear. Made from polyester with a striped pattern and relaxed fit.
P01641,DailyMode Dynamic Cream Printed Sneakers,Footwear,Sneakers,Women,3099,Cream,Olive,Printed,Sporty,1,Casual Outing,Winter,Synthetic,Standard,DailyMode,4.2,3530,Sporty Sneakers in Cream with Olive accents. Designed for casual outing occasions and suitable for winter wear. Made from synthetic with a printed pattern and standard fit.
P01357,TrendAura Refined Grey Checked Blazer,Outerwear,Blazer,Women,3199,Grey,White,Checked,Smart Casual,2,Casual Outing,Winter,Polyester,Regular,TrendAura,4.5,228,Smart Casual Blazer in Grey with White accents. Designed for casual outing occasions and suitable for winter wear. Made from polyester with a checked pattern and regular fit.
P01724,VibeWear Refined Beige Loafers,Footwear,Loafers,Women,4299,Beige,White,Textured,Smart Casual,2,Farewell,All Season,Leather,Standard,VibeWear,4.6,847,Smart Casual Loafers in Beige with White accents. Designed for farewell occasions and suitable for all season wear. Made from leather with a textured pattern and standard fit.
P00121,DailyMode Essential Blue T-Shirt,Top,T-Shirt,Men,599,Blue,Black,Solid,Casual,1,College,Monsoon,Cotton,Relaxed,DailyMode,4.6,1971,Casual T-Shirt in Blue with Black accents. Designed for college occasions and suitable for monsoon wear. Made from cotton with a solid pattern and relaxed fit.
P00422,CoutureLane Essential Blue Blouse,Top,Blouse,Women,2099,Blue,Navy,Solid,Casual,1,College,Winter,Cotton,Regular,CoutureLane,4.1,4950,Casual Blouse in Blue with Navy accents. Designed for college occasions and suitable for winter wear. Made from cotton with a solid pattern and regular fit.
P00591,StyleCraft Modern Maroon Jeans,Bottom,Jeans,Women,1499,Maroon,Beige,Textured,Smart Casual,2,College,Summer,Denim,Relaxed,StyleCraft,4.1,4714,Smart Casual Jeans in Maroon with Beige accents. Designed for college occasions and suitable for summer wear. Made from denim with a textured pattern and relaxed fit.
P00847,TrendAura Modern Brown Chinos,Bottom,Chinos,Men,2999,Brown,Navy,Solid,Smart Casual,2,College,Winter,Cotton Blend,Straight,TrendAura,3.6,4262,Smart Casual Chinos in Brown with Navy accents. Designed for college occasions and suitable for winter wear. Made from cotton blend with a solid pattern and straight fit.
P00366,VibeWear Festive Beige Printed Blouse,Top,Blouse,Women,1999,Beige,Navy,Printed,Party,2,Farewell,Summer,Rayon,Regular,VibeWear,3.9,3669,Party Blouse in Beige with Navy accents. Designed for farewell occasions and suitable for summer wear. Made from rayon with a printed pattern and regular fit.
P00249,StyleCraft Classic Blue Printed Shirt,Top,Shirt,Women,2999,Blue,Black,Printed,Casual,1,Casual Outing,All Season,Cotton,Relaxed,StyleCraft,3.8,4396,Casual Shirt in Blue with Black accents. Designed for casual outing occasions and suitable for all season wear. Made from cotton with a printed pattern and relaxed fit.
P01997,CoutureLane Classic Beige Sandals,Footwear,Sandals,Unisex,1499,Beige,Olive,Solid,Casual,1,Casual Outing,All Season,Synthetic,Standard,CoutureLane,3.9,4183,Casual Sandals in Beige with Olive accents. Designed for casual outing occasions and suitable for all season wear. Made from synthetic with a solid pattern and standard fit.
P00170,DailyMode Refined Maroon Striped Shirt,Top,Shirt,Men,1599,Maroon,Grey,Striped,Smart Casual,2,Casual Outing,Winter,Rayon,Regular,DailyMode,4.7,211,Smart Casual Shirt in Maroon with Grey accents. Designed for casual outing occasions and suitable for winter wear. Made from rayon with a striped pattern and regular fit.
P00839,ClassicEdge Refined Black Trousers,Bottom,Trousers,Women,2399,Black,Grey,Textured,Smart Casual,2,Farewell,Summer,Polyester,Straight,ClassicEdge,4.8,4326,Smart Casual Trousers in Black with Grey accents. Designed for farewell occasions and suitable for summer wear. Made from polyester with a textured pattern and straight fit.
P01507,CoutureLane Essential Maroon Overshirt,Outerwear,Overshirt,Women,1399,Maroon,Navy,Textured,Casual,1,Casual Outing,All Season,Linen,Relaxed,CoutureLane,4.3,4311,Casual Overshirt in Maroon with Navy accents. Designed for casual outing occasions and suitable for all season wear. Made from linen with a textured pattern and relaxed fit.
P00611,ModaStreet Modern Beige Jeans,Bottom,Jeans,Women,2699,Beige,White,Solid,Smart Casual,2,Casual Outing,Monsoon,Cotton,Relaxed,ModaStreet,3.5,103,Smart Casual Jeans in Beige with White accents. Designed for casual outing occasions and suitable for monsoon wear. Made from cotton with a solid pattern and relaxed fit.
P00330,MetroFit Classic Maroon Blouse,Top,Blouse,Women,1399,Maroon,White,Solid,Smart Casual,2,Farewell,All Season,Silk Blend,Regular,MetroFit,4.8,4543,Smart Casual Blouse in Maroon with White accents. Designed for farewell occasions and suitable for all season wear. Made from silk blend with a solid pattern and regular fit.
P02027,StyleCraft Essential Maroon Sandals,Footwear,Sandals,Women,1199,Maroon,White,Textured,Casual,1,College,All Season,Faux Leather,Standard,StyleCraft,4.0,2901,Casual Sandals in Maroon with White accents. Designed for college occasions and suitable for all season wear. Made from faux leather with a textured pattern and standard fit.
P00685,TrendAura Classic Cream Jeans,Bottom,Jeans,Women,1899,Cream,Maroon,Solid,Smart Casual,2,Casual Outing,Monsoon,Denim,Straight,TrendAura,3.8,972,Smart Casual Jeans in Cream with Maroon accents. Designed for casual outing occasions and suitable for monsoon wear. Made from denim with a solid pattern and straight fit.
P01587,CoutureLane Modern Beige Sneakers,Footwear,Sneakers,Unisex,2299,Beige,White,Solid,Smart Casual,2,Farewell,Winter,Canvas,Standard,CoutureLane,3.9,2873,Smart Casual Sneakers in Beige with White accents. Designed for farewell occasions and suitable for winter wear. Made from canvas with a solid pattern and standard fit.
P00625,MetroFit Classic Black Jeans,Bottom,Jeans,Women,1299,Black,Blue,Textured,Casual,1,Casual Outing,All Season,Cotton,Straight,MetroFit,3.8,4608,Casual Jeans in Black with Blue accents. Designed for casual outing occasions and suitable for all season wear. Made from cotton with a textured pattern and straight fit.
P02268,DailyMode Performance Beige Backpack,Accessory,Backpack,Unisex,2099,Beige,Black,Solid,Sporty,1,Casual Outing,Monsoon,Synthetic,Standard,DailyMode,4.2,4317,Sporty Backpack in Beige with Black accents. Designed for casual outing occasions and suitable for monsoon wear. Made from synthetic with a solid pattern and standard fit.
P01488,ClassicEdge Classic Green Overshirt,Outerwear,Overshirt,Women,2699,Green,White,Solid,Casual,1,Casual Outing,Monsoon,Cotton,Regular,ClassicEdge,4.8,540,Casual Overshirt in Green with White accents. Designed for casual outing occasions and suitable for monsoon wear. Made from cotton with a solid pattern and regular fit.
P00694,TrendAura Refined Brown Trousers,Bottom,Trousers,Women,1399,Brown,White,Textured,Smart Casual,2,Casual Outing,Summer,Wool Blend,Regular,TrendAura,3.7,3274,Smart Casual Trousers in Brown with White accents. Designed for casual outing occasions and suitable for summer wear. Made from wool blend with a textured pattern and regular fit.
P01700,CoutureLane Essential Maroon Sneakers,Footwear,Sneakers,Unisex,3599,Maroon,Navy,Solid,Casual,1,College,All Season,Synthetic,Standard,CoutureLane,4.0,1325,Casual Sneakers in Maroon with Navy accents. Designed for college occasions and suitable for all season wear. Made from synthetic with a solid pattern and standard fit.
P00257,UrbanThread Modern Grey Checked Shirt,Top,Shirt,Men,2099,Grey,Black,Checked,Smart Casual,2,Casual Outing,All Season,Cotton,Slim,UrbanThread,4.1,3462,Smart Casual Shirt in Grey with Black accents. Designed for casual outing occasions and suitable for all season wear. Made from cotton with a checked pattern and slim fit.
P02061,ModaStreet Modern Green Belt,Accessory,Belt,Women,999,Green,Black,Textured,Smart Casual,2,Farewell,All Season,Leather,Standard,ModaStreet,3.8,4214,Smart Casual Belt in Green with Black accents. Designed for farewell occasions and suitable for all season wear. Made from leather with a textured pattern and standard fit.
P01515,MetroFit Premium White Overshirt,Outerwear,Overshirt,Women,1699,White,Navy,Solid,Smart Casual,2,College,Monsoon,Denim,Relaxed,MetroFit,4.3,3139,Smart Casual Overshirt in White with Navy accents. Designed for college occasions and suitable for monsoon wear. Made from denim with a solid pattern and relaxed fit.
P00883,ModaStreet Everyday Maroon Chinos,Bottom,Chinos,Men,1299,Maroon,Navy,Solid,Casual,1,Casual Outing,All Season,Cotton Blend,Slim,ModaStreet,4.8,4447,Casual Chinos in Maroon with Navy accents. Designed for casual outing occasions and suitable for all season wear. Made from cotton blend with a solid pattern and slim fit.
P02118,MetroFit Modern Maroon Watch,Accessory,Watch,Women,3299,Maroon,Black,Textured,Smart Casual,2,College,All Season,Synthetic,Standard,MetroFit,4.5,3046,Smart Casual Watch in Maroon with Black accents. Designed for college occasions and suitable for all season wear. Made from synthetic with a textured pattern and standard fit.
P01685,Northline Refined Pink Printed Sneakers,Footwear,Sneakers,Unisex,3299,Pink,Beige,Printed,Smart Casual,2,Casual Outing,Monsoon,Mesh,Standard,Northline,4.3,2423,Smart Casual Sneakers in Pink with Beige accents. Designed for casual outing occasions and suitable for monsoon wear. Made from mesh with a printed pattern and standard fit.
P00381,MetroFit Essential Black Blouse,Top,Blouse,Women,1199,Black,White,Solid,Casual,1,Casual Outing,Winter,Silk Blend,Regular,MetroFit,4.0,758,Casual Blouse in Black with White accents. Designed for casual outing occasions and suitable for winter wear. Made from silk blend with a solid pattern and regular fit.
P01562,DailyMode Sport Cream Sneakers,Footwear,Sneakers,Women,2699,Cream,Black,Solid,Sporty,1,Casual Outing,Summer,Canvas,Standard,DailyMode,4.3,1569,Sporty Sneakers in Cream with Black accents. Designed for casual outing occasions and suitable for summer wear. Made from canvas with a solid pattern and standard fit.
P02132,TrendAura Comfort Black Watch,Accessory,Watch,Unisex,4899,Black,Blue,Solid,Casual,1,College,All Season,Synthetic,Standard,TrendAura,4.3,2587,Casual Watch in Black with Blue accents. Designed for college occasions and suitable for all season wear. Made from synthetic with a solid pattern and standard fit.
P00059,MetroFit Everyday Grey Striped T-Shirt,Top,T-Shirt,Unisex,1399,Grey,Beige,Striped,Casual,1,College,Monsoon,Polyester,Relaxed,MetroFit,4.8,837,Casual T-Shirt in Grey with Beige accents. Designed for college occasions and suitable for monsoon wear. Made from polyester with a striped pattern and relaxed fit.
P00709,Northline Classic Green Checked Trousers,Bottom,Trousers,Men,2699,Green,Black,Checked,Smart Casual,2,Farewell,All Season,Wool Blend,Regular,Northline,3.8,2924,Smart Casual Trousers in Green with Black accents. Designed for farewell occasions and suitable for all season wear. Made from wool blend with a checked pattern and regular fit.
P01756,MetroFit Elegant Green Loafers,Footwear,Loafers,Women,2399,Green,Black,Textured,Formal,3,Office,Winter,Suede,Standard,MetroFit,4.7,3755,Formal Loafers in Green with Black accents. Designed for office occasions and suitable for winter wear. Made from suede with a textured pattern and standard fit.
P01098,MetroFit Modern Blue Striped Casual Dress,Dress,Casual Dress,Women,2199,Blue,Navy,Striped,Smart Casual,2,Farewell,All Season,Linen,A-Line,MetroFit,4.5,1621,Smart Casual Casual Dress in Blue with Navy accents. Designed for farewell occasions and suitable for all season wear. Made from linen with a striped pattern and a-line fit.
P01352,MetroFit Modern Brown Blazer,Outerwear,Blazer,Women,4799,Brown,Cream,Textured,Smart Casual,2,Farewell,All Season,Cotton Blend,Regular,MetroFit,4.1,2876,Smart Casual Blazer in Brown with Cream accents. Designed for farewell occasions and suitable for all season wear. Made from cotton blend with a textured pattern and regular fit.
P01647,TrendAura Essential Blue Sneakers,Footwear,Sneakers,Unisex,2999,Blue,Beige,Solid,Casual,1,Casual Outing,Summer,Canvas,Standard,TrendAura,4.3,64,Casual Sneakers in Blue with Beige accents. Designed for casual outing occasions and suitable for summer wear. Made from canvas with a solid pattern and standard fit.
P00112,ModaStreet Comfort Green Striped T-Shirt,Top,T-Shirt,Women,599,Green,Cream,Striped,Casual,1,College,Summer,Polyester,Oversized,ModaStreet,4.3,1183,Casual T-Shirt in Green with Cream accents. Designed for college occasions and suitable for summer wear. Made from polyester with a striped pattern and oversized fit.
P01893,DailyMode Premium Black Heels,Footwear,Heels,Women,3899,Black,Grey,Solid,Formal,3,Farewell,Winter,Faux Leather,Standard,DailyMode,4.9,2770,Formal Heels in Black with Grey accents. Designed for farewell occasions and suitable for winter wear. Made from faux leather with a solid pattern and standard fit.
P00755,VibeWear Executive Cream Checked Trousers,Bottom,Trousers,Women,1699,Cream,Brown,Checked,Formal,3,Office,Winter,Wool Blend,Regular,VibeWear,3.6,288,Formal Trousers in Cream with Brown accents. Designed for office occasions and suitable for winter wear. Made from wool blend with a checked pattern and regular fit.
P01645,TrendAura Refined Beige Sneakers,Footwear,Sneakers,Men,2399,Beige,Navy,Solid,Smart Casual,2,Farewell,Summer,Mesh,Standard,TrendAura,4.5,104,Smart Casual Sneakers in Beige with Navy accents. Designed for farewell occasions and suitable for summer wear. Made from mesh with a solid pattern and standard fit.
P02039,ClassicEdge Executive Brown Belt,Accessory,Belt,Unisex,1499,Brown,Cream,Textured,Formal,3,Farewell,All Season,Leather,Standard,ClassicEdge,3.7,1464,Formal Belt in Brown with Cream accents. Designed for farewell occasions and suitable for all season wear. Made from leather with a textured pattern and standard fit.
P01462,UrbanThread Modern Olive Denim Jacket,Outerwear,Denim Jacket,Men,2299,Olive,White,Solid,Smart Casual,2,Farewell,Winter,Denim,Oversized,UrbanThread,4.3,2437,Smart Casual Denim Jacket in Olive with White accents. Designed for farewell occasions and suitable for winter wear. Made from denim with a solid pattern and oversized fit.
P00250,MetroFit Classic Navy Printed Shirt,Top,Shirt,Women,1999,Navy,Beige,Printed,Formal,3,Farewell,Winter,Rayon,Regular,MetroFit,4.8,256,Formal Shirt in Navy with Beige accents. Designed for farewell occasions and suitable for winter wear. Made from rayon with a printed pattern and regular fit.
P01288,ModaStreet Stylish Cream Formal Dress,Dress,Formal Dress,Women,4399,Cream,Beige,Textured,Party,2,Farewell,All Season,Rayon,Slim,ModaStreet,4.4,4909,Party Formal Dress in Cream with Beige accents. Designed for farewell occasions and suitable for all season wear. Made from rayon with a textured pattern and slim fit.
P00383,VibeWear Executive Cream Blouse,Top,Blouse,Women,2299,Cream,Black,Solid,Formal,3,Office,All Season,Rayon,Slim,VibeWear,4.5,4604,Formal Blouse in Cream with Black accents. Designed for office occasions and suitable for all season wear. Made from rayon with a solid pattern and slim fit.
P02000,ModaStreet Comfort Cream Sandals,Footwear,Sandals,Unisex,799,Cream,Beige,Textured,Casual,1,College,All Season,Faux Leather,Standard,ModaStreet,3.6,306,Casual Sandals in Cream with Beige accents. Designed for college occasions and suitable for all season wear. Made from faux leather with a textured pattern and standard fit.
P01082,MetroFit Everyday Grey Printed Casual Dress,Dress,Casual Dress,Women,2699,Grey,Maroon,Printed,Casual,1,College,Summer,Linen,Relaxed,MetroFit,3.8,76,Casual Dress in Grey with Maroon accents. Designed for college occasions and suitable for summer wear. Made from linen with a printed pattern and relaxed fit.
P01624,DailyMode Classic Black Sneakers,Footwear,Sneakers,Men,3999,Black,Grey,Textured,Casual,1,Casual Outing,Summer,Canvas,Standard,DailyMode,3.7,2191,Casual Sneakers in Black with Grey accents. Designed for casual outing occasions and suitable for summer wear. Made from canvas with a textured pattern and standard fit.
P00448,ClassicEdge Modern Cream Knit Top,Top,Knit Top,Women,1599,Cream,Olive,Textured,Smart Casual,2,Casual Outing,All Season,Cotton,Regular,ClassicEdge,4.7,1952,Smart Casual Knit Top in Cream with Olive accents. Designed for casual outing occasions and suitable for all season wear. Made from cotton with a textured pattern and regular fit.
P00572,StyleCraft Premium Blue Jeans,Bottom,Jeans,Women,1499,Blue,Black,Textured,Smart Casual,2,College,All Season,Cotton,Slim,StyleCraft,4.1,171,Smart Casual Jeans in Blue with Black accents. Designed for college occasions and suitable for all season wear. Made from cotton with a textured pattern and slim fit.
P02197,ClassicEdge Essential Brown Shoulder Bag,Accessory,Shoulder Bag,Women,1799,Brown,Cream,Solid,Casual,1,College,All Season,Leather,Standard,ClassicEdge,4.4,3852,Casual Shoulder Bag in Brown with Cream accents. Designed for college occasions and suitable for all season wear. Made from leather with a solid pattern and standard fit.
P00633,ModaStreet Essential Green Jeans,Bottom,Jeans,Men,1799,Green,Black,Textured,Casual,1,Casual Outing,Monsoon,Denim,Slim,ModaStreet,4.5,3880,Casual Jeans in Green with Black accents. Designed for casual outing occasions and suitable for monsoon wear. Made from denim with a textured pattern and slim fit.
P02308,TrendAura Performance Cream Backpack,Accessory,Backpack,Men,1899,Cream,Brown,Textured,Sporty,1,Casual Outing,Monsoon,Polyester,Standard,TrendAura,3.5,4837,Sporty Backpack in Cream with Brown accents. Designed for casual outing occasions and suitable for monsoon wear. Made from polyester with a textured pattern and standard fit.
P01483,StyleCraft Comfort Navy Checked Overshirt,Outerwear,Overshirt,Men,2299,Navy,Brown,Checked,Casual,1,College,Winter,Denim,Regular,StyleCraft,4.7,1773,Casual Overshirt in Navy with Brown accents. Designed for college occasions and suitable for winter wear. Made from denim with a checked pattern and regular fit.
P00339,MetroFit Classic Blue Striped Blouse,Top,Blouse,Women,1299,Blue,Grey,Striped,Casual,1,Casual Outing,Winter,Silk Blend,Regular,MetroFit,4.4,4209,Casual Blouse in Blue with Grey accents. Designed for casual outing occasions and suitable for winter wear. Made from silk blend with a striped pattern and regular fit.
P00272,ClassicEdge Executive Olive Checked Shirt,Top,Shirt,Women,2499,Olive,Cream,Checked,Formal,3,Farewell,Winter,Linen,Relaxed,ClassicEdge,4.6,562,Formal Shirt in Olive with Cream accents. Designed for farewell occasions and suitable for winter wear. Made from linen with a checked pattern and relaxed fit.
P00262,ModaStreet Premium Black Printed Shirt,Top,Shirt,Men,1099,Black,Grey,Printed,Smart Casual,2,Casual Outing,All Season,Rayon,Regular,ModaStreet,4.2,971,Smart Casual Shirt in Black with Grey accents. Designed for casual outing occasions and suitable for all season wear. Made from rayon with a printed pattern and regular fit.
P01670,Northline Sport Blue Sneakers,Footwear,Sneakers,Unisex,3299,Blue,Beige,Solid,Sporty,1,Casual Outing,All Season,Mesh,Standard,Northline,4.2,4143,Sporty Sneakers in Blue with Beige accents. Designed for casual outing occasions and suitable for all season wear. Made from mesh with a solid pattern and standard fit.
P01333,VibeWear Premium Pink Checked Blazer,Outerwear,Blazer,Men,6099,Pink,Black,Checked,Smart Casual,2,Casual Outing,Winter,Polyester,Slim,VibeWear,4.6,4105,Smart Casual Blazer in Pink with Black accents. Designed for casual outing occasions and suitable for winter wear. Made from polyester with a checked pattern and slim fit.
P01271,ClassicEdge Executive Grey Formal Dress,Dress,Formal Dress,Women,4499,Grey,Navy,Solid,Formal,3,Office,All Season,Polyester,Slim,ClassicEdge,4.2,1527,Formal Dress in Grey with Navy accents. Designed for office occasions and suitable for all season wear. Made from polyester with a solid pattern and slim fit.
P00047,TrendAura Essential Grey T-Shirt,Top,T-Shirt,Unisex,1599,Grey,Beige,Solid,Casual,1,Casual Outing,Summer,Polyester,Regular,TrendAura,3.8,4875,Casual T-Shirt in Grey with Beige accents. Designed for casual outing occasions and suitable for summer wear. Made from polyester with a solid pattern and regular fit.
P00753,StyleCraft Modern Black Trousers,Bottom,Trousers,Women,2799,Black,Cream,Textured,Smart Casual,2,Farewell,All Season,Cotton,Straight,StyleCraft,4.7,1320,Smart Casual Trousers in Black with Cream accents. Designed for farewell occasions and suitable for all season wear. Made from cotton with a textured pattern and straight fit.
P00291,TrendAura Executive Pink Shirt,Top,Shirt,Women,2499,Pink,Grey,Solid,Formal,3,Farewell,All Season,Linen,Relaxed,TrendAura,4.5,989,Formal Shirt in Pink with Grey accents. Designed for farewell occasions and suitable for all season wear. Made from linen with a solid pattern and relaxed fit.
P02128,Northline Executive Cream Watch,Accessory,Watch,Unisex,2599,Cream,Brown,Solid,Formal,3,Farewell,All Season,Synthetic,Standard,Northline,4.7,1573,Formal Watch in Cream with Brown accents. Designed for farewell occasions and suitable for all season wear. Made from synthetic with a solid pattern and standard fit.
P00411,UrbanThread Premium Navy Blouse,Top,Blouse,Women,2099,Navy,Blue,Solid,Smart Casual,2,Farewell,Summer,Silk Blend,Slim,UrbanThread,4.8,2510,Smart Casual Blouse in Navy with Blue accents. Designed for farewell occasions and suitable for summer wear. Made from silk blend with a solid pattern and slim fit.
P01417,ClassicEdge Modern Olive Denim Jacket,Outerwear,Denim Jacket,Women,2999,Olive,Cream,Solid,Smart Casual,2,Farewell,Winter,Denim,Regular,ClassicEdge,4.4,4870,Smart Casual Denim Jacket in Olive with Cream accents. Designed for farewell occasions and suitable for winter wear. Made from denim with a solid pattern and regular fit.
P01944,ModaStreet Festive Blue Heels,Footwear,Heels,Women,2899,Blue,Brown,Solid,Party,2,Farewell,Summer,Synthetic,Standard,ModaStreet,3.8,4221,Party Heels in Blue with Brown accents. Designed for farewell occasions and suitable for summer wear. Made from synthetic with a solid pattern and standard fit.
P02224,UrbanThread Festive Navy Printed Shoulder Bag,Accessory,Shoulder Bag,Unisex,1699,Navy,Cream,Printed,Party,2,Party,Winter,Leather,Standard,UrbanThread,4.9,3385,Party Shoulder Bag in Navy with Cream accents. Designed for party occasions and suitable for winter wear. Made from leather with a printed pattern and standard fit.
P01343,Northline Modern Blue Blazer,Outerwear,Blazer,Women,4299,Blue,Navy,Textured,Smart Casual,2,Casual Outing,All Season,Cotton Blend,Slim,Northline,4.3,3559,Smart Casual Blazer in Blue with Navy accents. Designed for casual outing occasions and suitable for all season wear. Made from cotton blend with a textured pattern and slim fit.
P01667,VibeWear Refined Blue Sneakers,Footwear,Sneakers,Men,3399,Blue,Beige,Textured,Smart Casual,2,Casual Outing,Monsoon,Synthetic,Standard,VibeWear,3.6,3459,Smart Casual Sneakers in Blue with Beige accents. Designed for casual outing occasions and suitable for monsoon wear. Made from synthetic with a textured pattern and standard fit.
P01335,ModaStreet Elegant Cream Blazer,Outerwear,Blazer,Men,3299,Cream,Navy,Solid,Formal,3,Office,All Season,Cotton Blend,Regular,ModaStreet,3.7,832,Formal Blazer in Cream with Navy accents. Designed for office occasions and suitable for all season wear. Made from cotton blend with a solid pattern and regular fit.
P00528,MetroFit Everyday Grey Knit Top,Top,Knit Top,Women,899,Grey,Beige,Textured,Casual,1,College,Winter,Cotton,Regular,MetroFit,4.4,4284,Casual Knit Top in Grey with Beige accents. Designed for college occasions and suitable for winter wear. Made from cotton with a textured pattern and regular fit.
P01325,ModaStreet Modern Maroon Checked Blazer,Outerwear,Blazer,Men,3299,Maroon,Black,Checked,Smart Casual,2,College,Winter,Polyester,Slim,ModaStreet,3.8,540,Smart Casual Blazer in Maroon with Black accents. Designed for college occasions and suitable for winter wear. Made from polyester with a checked pattern and slim fit.
P01837,VibeWear Executive Green Formal Shoes,Footwear,Formal Shoes,Men,4599,Green,Cream,Textured,Formal,3,Farewell,Winter,Faux Leather,Standard,VibeWear,4.2,3174,Formal Shoes in Green with Cream accents. Designed for farewell occasions and suitable for winter wear. Made from faux leather with a textured pattern and standard fit.
P00603,StyleCraft Modern Grey Jeans,Bottom,Jeans,Women,2899,Grey,Black,Solid,Smart Casual,2,Farewell,Winter,Cotton,Straight,StyleCraft,3.7,1204,Smart Casual Jeans in Grey with Black accents. Designed for farewell occasions and suitable for winter wear. Made from cotton with a solid pattern and straight fit.
P01715,UrbanThread Refined Beige Loafers,Footwear,Loafers,Men,4499,Beige,White,Solid,Smart Casual,2,Casual Outing,Winter,Leather,Standard,UrbanThread,4.0,2739,Smart Casual Loafers in Beige with White accents. Designed for casual outing occasions and suitable for winter wear. Made from leather with a solid pattern and standard fit.
P01655,TrendAura Classic Black Printed Sneakers,Footwear,Sneakers,Women,1699,Black,Grey,Printed,Casual,1,Casual Outing,Winter,Mesh,Standard,TrendAura,4.2,4127,Casual Sneakers in Black with Grey accents. Designed for casual outing occasions and suitable for winter wear. Made from mesh with a printed pattern and standard fit.
P01029,Northline Statement Black Skirt,Bottom,Skirt,Women,2499,Black,Beige,Textured,Party,2,Party,Summer,Rayon,Straight,Northline,4.7,3420,Party Skirt in Black with Beige accents. Designed for party occasions and suitable for summer wear. Made from rayon with a textured pattern and straight fit.
P01046,CoutureLane Premium Brown Checked Skirt,Bottom,Skirt,Women,1099,Brown,Cream,Checked,Smart Casual,2,Casual Outing,Winter,Cotton,Relaxed,CoutureLane,4.2,366,Smart Casual Skirt in Brown with Cream accents. Designed for casual outing occasions and suitable for winter wear. Made from cotton with a checked pattern and relaxed fit.
P01662,TrendAura Modern Green Sneakers,Footwear,Sneakers,Women,2099,Green,Black,Textured,Smart Casual,2,College,Winter,Mesh,Standard,TrendAura,4.4,2752,Smart Casual Sneakers in Green with Black accents. Designed for college occasions and suitable for winter wear. Made from mesh with a textured pattern and standard fit.
P01463,CoutureLane Comfort Grey Denim Jacket,Outerwear,Denim Jacket,Women,3799,Grey,Navy,Solid,Casual,1,Casual Outing,Winter,Denim,Regular,CoutureLane,3.8,1103,Casual Denim Jacket in Grey with Navy accents. Designed for casual outing occasions and suitable for winter wear. Made from denim with a solid pattern and regular fit.
P01603,CoutureLane Modern Green Sneakers,Footwear,Sneakers,Women,4399,Green,Cream,Solid,Smart Casual,2,College,All Season,Canvas,Standard,CoutureLane,3.5,2713,Smart Casual Sneakers in Green with Cream accents. Designed for college occasions and suitable for all season wear. Made from canvas with a solid pattern and standard fit.
P00631,ClassicEdge Refined Blue Jeans,Bottom,Jeans,Women,2799,Blue,Beige,Solid,Smart Casual,2,College,Summer,Cotton,Straight,ClassicEdge,4.9,3578,Smart Casual Jeans in Blue with Beige accents. Designed for college occasions and suitable for summer wear. Made from cotton with a solid pattern and straight fit.
P00306,UrbanThread Classic Black Printed Shirt,Top,Shirt,Men,2699,Black,Blue,Printed,Smart Casual,2,Casual Outing,Summer,Linen,Slim,UrbanThread,4.2,4189,Smart Casual Shirt in Black with Blue accents. Designed for casual outing occasions and suitable for summer wear. Made from linen with a printed pattern and slim fit.
P00534,UrbanThread Essential Maroon Jeans,Bottom,Jeans,Men,2499,Maroon,Beige,Textured,Casual,1,Casual Outing,Monsoon,Denim,Slim,UrbanThread,4.3,3475,Casual Jeans in Maroon with Beige accents. Designed for casual outing occasions and suitable for monsoon wear. Made from denim with a textured pattern and slim fit.
P01703,VibeWear Elegant Navy Loafers,Footwear,Loafers,Men,3899,Navy,White,Textured,Formal,3,Office,All Season,Leather,Standard,VibeWear,4.7,3072,Formal Loafers in Navy with White accents. Designed for office occasions and suitable for all season wear. Made from leather with a textured pattern and standard fit.
P01110,UrbanThread Essential Navy Printed Casual Dress,Dress,Casual Dress,Women,1599,Navy,White,Printed,Casual,1,College,All Season,Cotton,Regular,UrbanThread,4.5,1709,Casual Dress in Navy with White accents. Designed for college occasions and suitable for all season wear. Made from cotton with a printed pattern and regular fit.
P01772,Northline Modern Olive Loafers,Footwear,Loafers,Men,2499,Olive,Black,Solid,Smart Casual,2,Farewell,All Season,Leather,Standard,Northline,4.3,2206,Smart Casual Loafers in Olive with Black accents. Designed for farewell occasions and suitable for all season wear. Made from leather with a solid pattern and standard fit.
P00674,MetroFit Premium White Jeans,Bottom,Jeans,Women,1599,White,Navy,Textured,Smart Casual,2,College,Monsoon,Cotton,Relaxed,MetroFit,3.9,1741,Smart Casual Jeans in White with Navy accents. Designed for college occasions and suitable for monsoon wear. Made from cotton with a textured pattern and relaxed fit.
P01904,MetroFit Stylish Blue Heels,Footwear,Heels,Women,2599,Blue,Navy,Textured,Party,2,Farewell,Winter,Suede,Standard,MetroFit,4.6,4748,Party Heels in Blue with Navy accents. Designed for farewell occasions and suitable for winter wear. Made from suede with a textured pattern and standard fit.
P01236,Northline Elegant Green Formal Dress,Dress,Formal Dress,Women,1999,Green,Brown,Textured,Formal,3,Farewell,Summer,Polyester,Slim,Northline,3.7,1697,Formal Dress in Green with Brown accents. Designed for farewell occasions and suitable for summer wear. Made from polyester with a textured pattern and slim fit.
P00469,StyleCraft Classic Brown Knit Top,Top,Knit Top,Women,699,Brown,Black,Solid,Casual,1,College,All Season,Wool Blend,Slim,StyleCraft,4.0,3974,Casual Knit Top in Brown with Black accents. Designed for college occasions and suitable for all season wear. Made from wool blend with a solid pattern and slim fit.
P01966,DailyMode Premium Maroon Sandals,Footwear,Sandals,Unisex,2099,Maroon,Grey,Textured,Smart Casual,2,Farewell,All Season,Faux Leather,Standard,DailyMode,3.7,2307,Smart Casual Sandals in Maroon with Grey accents. Designed for farewell occasions and suitable for all season wear. Made from faux leather with a textured pattern and standard fit.
P00828,ModaStreet Elegant Beige Trousers,Bottom,Trousers,Women,2099,Beige,Olive,Solid,Formal,3,Office,All Season,Polyester,Regular,ModaStreet,3.7,4565,Formal Trousers in Beige with Olive accents. Designed for office occasions and suitable for all season wear. Made from polyester with a solid pattern and regular fit.
P00091,DailyMode Sport Pink T-Shirt,Top,T-Shirt,Unisex,1199,Pink,White,Textured,Sporty,1,College,Monsoon,Cotton,Regular,DailyMode,4.4,280,Sporty T-Shirt in Pink with White accents. Designed for college occasions and suitable for monsoon wear. Made from cotton with a textured pattern and regular fit.
P01245,CoutureLane Executive Cream Printed Formal Dress,Dress,Formal Dress,Women,4599,Cream,Black,Printed,Formal,3,Office,Summer,Silk Blend,Slim,CoutureLane,4.6,4440,Formal Dress in Cream with Black accents. Designed for office occasions and suitable for summer wear. Made from silk blend with a printed pattern and slim fit.
P01370,CoutureLane Executive Olive Blazer,Outerwear,Blazer,Men,3599,Olive,Black,Textured,Formal,3,Farewell,Winter,Polyester,Regular,CoutureLane,4.7,3140,Formal Blazer in Olive with Black accents. Designed for farewell occasions and suitable for winter wear. Made from polyester with a textured pattern and regular fit.
P00352,DailyMode Modern Navy Striped Blouse,Top,Blouse,Women,2499,Navy,Brown,Striped,Smart Casual,2,College,Summer,Cotton,Slim,DailyMode,3.6,2435,Smart Casual Blouse in Navy with Brown accents. Designed for college occasions and suitable for summer wear. Made from cotton with a striped pattern and slim fit.
P01814,Northline Classic Black Formal Shoes,Footwear,Formal Shoes,Men,2599,Black,Grey,Solid,Formal,3,Farewell,Summer,Faux Leather,Standard,Northline,4.0,3016,Formal Shoes in Black with Grey accents. Designed for farewell occasions and suitable for summer wear. Made from faux leather with a solid pattern and standard fit.
P00543,StyleCraft Essential Beige Jeans,Bottom,Jeans,Men,1599,Beige,Maroon,Textured,Casual,1,Casual Outing,Summer,Cotton,Straight,StyleCraft,3.8,4702,Casual Jeans in Beige with Maroon accents. Designed for casual outing occasions and suitable for summer wear. Made from cotton with a textured pattern and straight fit.
P01392,MetroFit Comfort Green Denim Jacket,Outerwear,Denim Jacket,Men,2499,Green,Black,Solid,Casual,1,College,Monsoon,Cotton,Relaxed,MetroFit,4.8,100,Casual Denim Jacket in Green with Black accents. Designed for college occasions and suitable for monsoon wear. Made from cotton with a solid pattern and relaxed fit.
P02279,VibeWear Performance Pink Backpack,Accessory,Backpack,Men,1899,Pink,White,Solid,Sporty,1,Casual Outing,Winter,Synthetic,Standard,VibeWear,3.7,2541,Sporty Backpack in Pink with White accents. Designed for casual outing occasions and suitable for winter wear. Made from synthetic with a solid pattern and standard fit.
P02048,CoutureLane Classic Maroon Belt,Accessory,Belt,Men,499,Maroon,Grey,Solid,Smart Casual,2,College,All Season,Faux Leather,Standard,CoutureLane,3.8,414,Smart Casual Belt in Maroon with Grey accents. Designed for college occasions and suitable for all season wear. Made from faux leather with a solid pattern and standard fit.
P01019,Northline Classic Cream Skirt,Bottom,Skirt,Women,1699,Cream,Beige,Solid,Smart Casual,2,College,Winter,Denim,Straight,Northline,4.3,2202,Smart Casual Skirt in Cream with Beige accents. Designed for college occasions and suitable for winter wear. Made from denim with a solid pattern and straight fit.
P01879,CoutureLane Executive Brown Heels,Footwear,Heels,Women,4199,Brown,Black,Solid,Formal,3,Office,All Season,Faux Leather,Standard,CoutureLane,4.9,3415,Formal Heels in Brown with Black accents. Designed for office occasions and suitable for all season wear. Made from faux leather with a solid pattern and standard fit.
P02109,MetroFit Classic Olive Watch,Accessory,Watch,Women,2799,Olive,Black,Textured,Formal,3,Office,All Season,Synthetic,Standard,MetroFit,4.4,2361,Formal Watch in Olive with Black accents. Designed for office occasions and suitable for all season wear. Made from synthetic with a textured pattern and standard fit.
P00693,ModaStreet Modern Brown Trousers,Bottom,Trousers,Men,1599,Brown,Navy,Solid,Smart Casual,2,Farewell,All Season,Wool Blend,Straight,ModaStreet,4.0,3906,Smart Casual Trousers in Brown with Navy accents. Designed for farewell occasions and suitable for all season wear. Made from wool blend with a solid pattern and straight fit.
P00762,VibeWear Refined Pink Trousers,Bottom,Trousers,Women,1699,Pink,White,Textured,Smart Casual,2,College,Summer,Cotton,Straight,VibeWear,4.5,670,Smart Casual Trousers in Pink with White accents. Designed for college occasions and suitable for summer wear. Made from cotton with a textured pattern and straight fit.
P01841,CoutureLane Classic Beige Formal Shoes,Footwear,Formal Shoes,Men,2799,Beige,Navy,Textured,Formal,3,Office,Summer,Faux Leather,Standard,CoutureLane,4.9,1435,Formal Shoes in Beige with Navy accents. Designed for office occasions and suitable for summer wear. Made from faux leather with a textured pattern and standard fit.
P00547,TrendAura Everyday Blue Jeans,Bottom,Jeans,Men,2399,Blue,Grey,Textured,Casual,1,College,All Season,Cotton,Relaxed,TrendAura,4.8,2118,Casual Jeans in Blue with Grey accents. Designed for college occasions and suitable for all season wear. Made from cotton with a textured pattern and relaxed fit.
P00389,MetroFit Festive Black Striped Blouse,Top,Blouse,Women,2399,Black,Maroon,Striped,Party,2,Party,Winter,Silk Blend,Relaxed,MetroFit,3.6,601,Party Blouse in Black with Maroon accents. Designed for party occasions and suitable for winter wear. Made from silk blend with a striped pattern and relaxed fit.
P00459,UrbanThread Premium Pink Striped Knit Top,Top,Knit Top,Women,999,Pink,Black,Striped,Smart Casual,2,Casual Outing,All Season,Wool Blend,Regular,UrbanThread,3.6,3826,Smart Casual Knit Top in Pink with Black accents. Designed for casual outing occasions and suitable for all season wear. Made from wool blend with a striped pattern and regular fit.
P01846,VibeWear Executive Black Formal Shoes,Footwear,Formal Shoes,Men,3499,Black,Blue,Textured,Formal,3,Farewell,Winter,Leather,Standard,VibeWear,3.9,4763,Formal Shoes in Black with Blue accents. Designed for farewell occasions and suitable for winter wear. Made from leather with a textured pattern and standard fit.
P02017,StyleCraft Essential Green Sandals,Footwear,Sandals,Women,899,Green,White,Solid,Casual,1,Casual Outing,Summer,Leather,Standard,StyleCraft,4.2,1425,Casual Sandals in Green with White accents. Designed for casual outing occasions and suitable for summer wear. Made from leather with a solid pattern and standard fit.
P01512,CoutureLane Classic Brown Overshirt,Outerwear,Overshirt,Men,2199,Brown,Olive,Solid,Smart Casual,2,Farewell,Winter,Denim,Regular,CoutureLane,3.9,3590,Smart Casual Overshirt in Brown with Olive accents. Designed for farewell occasions and suitable for winter wear. Made from denim with a solid pattern and regular fit.
P01577,TrendAura Performance Black Sneakers,Footwear,Sneakers,Men,4399,Black,Grey,Textured,Sporty,1,Casual Outing,All Season,Canvas,Standard,TrendAura,3.6,3303,Sporty Sneakers in Black with Grey accents. Designed for casual outing occasions and suitable for all season wear. Made from canvas with a textured pattern and standard fit.
P00588,ClassicEdge Everyday Cream Jeans,Bottom,Jeans,Women,1999,Cream,Navy,Textured,Casual,1,Casual Outing,Monsoon,Cotton,Relaxed,ClassicEdge,4.8,1228,Casual Jeans in Cream with Navy accents. Designed for casual outing occasions and suitable for monsoon wear. Made from cotton with a textured pattern and relaxed fit.
P01367,StyleCraft Executive Green Blazer,Outerwear,Blazer,Men,3999,Green,Black,Solid,Formal,3,Farewell,Winter,Polyester,Slim,StyleCraft,4.0,4707,Formal Blazer in Green with Black accents. Designed for farewell occasions and suitable for winter wear. Made from polyester with a solid pattern and slim fit.
P01945,ClassicEdge Elegant White Heels,Footwear,Heels,Women,4299,White,Brown,Textured,Formal,3,Farewell,Winter,Faux Leather,Standard,ClassicEdge,4.3,2708,Formal Heels in White with Brown accents. Designed for farewell occasions and suitable for winter wear. Made from faux leather with a textured pattern and standard fit.
P01693,CoutureLane Modern Maroon Sneakers,Footwear,Sneakers,Unisex,2799,Maroon,Black,Textured,Smart Casual,2,Casual Outing,Monsoon,Synthetic,Standard,CoutureLane,3.6,2630,Smart Casual Sneakers in Maroon with Black accents. Designed for casual outing occasions and suitable for monsoon wear. Made from synthetic with a textured pattern and standard fit.
P00816,UrbanThread Executive Pink Checked Trousers,Bottom,Trousers,Women,1799,Pink,Black,Checked,Formal,3,Farewell,Summer,Cotton,Regular,UrbanThread,4.2,3930,Formal Trousers in Pink with Black accents. Designed for farewell occasions and suitable for summer wear. Made from cotton with a checked pattern and regular fit.
P00434,VibeWear Festive Olive Printed Blouse,Top,Blouse,Women,1199,Olive,Cream,Printed,Party,2,Party,Winter,Silk Blend,Slim,VibeWear,4.6,829,Party Blouse in Olive with Cream accents. Designed for party occasions and suitable for winter wear. Made from silk blend with a printed pattern and slim fit.
P00809,DailyMode Classic Pink Trousers,Bottom,Trousers,Women,2199,Pink,Beige,Solid,Formal,3,Office,Summer,Polyester,Slim,DailyMode,4.5,1286,Formal Trousers in Pink with Beige accents. Designed for office occasions and suitable for summer wear. Made from polyester with a solid pattern and slim fit.
P00455,VibeWear Classic Beige Knit Top,Top,Knit Top,Women,799,Beige,Navy,Textured,Casual,1,College,All Season,Wool Blend,Slim,VibeWear,4.5,4920,Casual Knit Top in Beige with Navy accents. Designed for college occasions and suitable for all season wear. Made from wool blend with a textured pattern and slim fit.
P00890,CoutureLane Premium Beige Chinos,Bottom,Chinos,Men,1499,Beige,Olive,Textured,Smart Casual,2,Casual Outing,Winter,Cotton Blend,Regular,CoutureLane,3.8,2378,Smart Casual Chinos in Beige with Olive accents. Designed for casual outing occasions and suitable for winter wear. Made from cotton blend with a textured pattern and regular fit.
P02022,VibeWear Classic Maroon Sandals,Footwear,Sandals,Unisex,1699,Maroon,Black,Textured,Casual,1,College,All Season,Faux Leather,Standard,VibeWear,4.3,1898,Casual Sandals in Maroon with Black accents. Designed for college occasions and suitable for all season wear. Made from faux leather with a textured pattern and standard fit.
P01042,ClassicEdge Elegant Grey Skirt,Bottom,Skirt,Women,2799,Grey,Black,Solid,Party,2,Party,Winter,Cotton,A-Line,ClassicEdge,4.2,841,Party Skirt in Grey with Black accents. Designed for party occasions and suitable for winter wear. Made from cotton with a solid pattern and a-line fit.
P01543,ModaStreet Premium Blue Overshirt,Outerwear,Overshirt,Men,1599,Blue,Navy,Textured,Smart Casual,2,Casual Outing,Monsoon,Linen,Oversized,ModaStreet,4.3,2087,Smart Casual Overshirt in Blue with Navy accents. Designed for casual outing occasions and suitable for monsoon wear. Made from linen with a textured pattern and oversized fit.
P01007,VibeWear Festive Olive Skirt,Bottom,Skirt,Women,1999,Olive,Beige,Textured,Party,2,Farewell,Winter,Rayon,Relaxed,VibeWear,4.9,1551,Party Skirt in Olive with Beige accents. Designed for farewell occasions and suitable for winter wear. Made from rayon with a textured pattern and relaxed fit.
P01668,VibeWear Sport Green Sneakers,Footwear,Sneakers,Men,2499,Green,Brown,Solid,Sporty,1,College,Winter,Canvas,Standard,VibeWear,4.0,4734,Sporty Sneakers in Green with Brown accents. Designed for college occasions and suitable for winter wear. Made from canvas with a solid pattern and standard fit.
P00960,StyleCraft Comfort Olive Chinos,Bottom,Chinos,Men,1699,Olive,Cream,Textured,Casual,1,College,Winter,Cotton,Slim,StyleCraft,3.8,597,Casual Chinos in Olive with Cream accents. Designed for college occasions and suitable for winter wear. Made from cotton with a textured pattern and slim fit.
P01838,MetroFit Classic Olive Formal Shoes,Footwear,Formal Shoes,Men,4699,Olive,Cream,Textured,Formal,3,Farewell,All Season,Faux Leather,Standard,MetroFit,3.5,2683,Formal Shoes in Olive with Cream accents. Designed for farewell occasions and suitable for all season wear. Made from faux leather with a textured pattern and standard fit.
P00489,Northline Refined Cream Striped Knit Top,Top,Knit Top,Women,1799,Cream,Beige,Striped,Smart Casual,2,Farewell,Winter,Cotton,Relaxed,Northline,3.9,768,Smart Casual Knit Top in Cream with Beige accents. Designed for farewell occasions and suitable for winter wear. Made from cotton with a striped pattern and relaxed fit.
P00385,ModaStreet Executive Maroon Striped Blouse,Top,Blouse,Women,1899,Maroon,Grey,Striped,Formal,3,Office,All Season,Cotton,Relaxed,ModaStreet,4.6,1981,Formal Blouse in Maroon with Grey accents. Designed for office occasions and suitable for all season wear. Made from cotton with a striped pattern and relaxed fit.
P01398,ModaStreet Premium Grey Denim Jacket,Outerwear,Denim Jacket,Men,2199,Grey,Beige,Textured,Smart Casual,2,College,Winter,Cotton,Relaxed,ModaStreet,3.7,4591,Smart Casual Denim Jacket in Grey with Beige accents. Designed for college occasions and suitable for winter wear. Made from cotton with a textured pattern and relaxed fit.
P00751,DailyMode Classic Black Checked Trousers,Bottom,Trousers,Men,1699,Black,Beige,Checked,Smart Casual,2,College,Summer,Cotton,Slim,DailyMode,4.8,513,Smart Casual Trousers in Black with Beige accents. Designed for college occasions and suitable for summer wear. Made from cotton with a checked pattern and slim fit.
P01105,UrbanThread Everyday Blue Casual Dress,Dress,Casual Dress,Women,1399,Blue,Black,Solid,Casual,1,Casual Outing,Summer,Rayon,Relaxed,UrbanThread,4.4,1872,Casual Dress in Blue with Black accents. Designed for casual outing occasions and suitable for summer wear. Made from rayon with a solid pattern and relaxed fit.
P02139,DailyMode Classic Grey Watch,Accessory,Watch,Unisex,1699,Grey,White,Textured,Smart Casual,2,College,All Season,Synthetic,Standard,DailyMode,3.7,2889,Smart Casual Watch in Grey with White accents. Designed for college occasions and suitable for all season wear. Made from synthetic with a textured pattern and standard fit.
P00903,UrbanThread Comfort Beige Chinos,Bottom,Chinos,Men,2999,Beige,Brown,Textured,Casual,1,Casual Outing,Winter,Cotton Blend,Regular,UrbanThread,4.3,70,Casual Chinos in Beige with Brown accents. Designed for casual outing occasions and suitable for winter wear. Made from cotton blend with a textured pattern and regular fit.
P02051,Northline Elegant Black Belt,Accessory,Belt,Men,999,Black,White,Textured,Formal,3,Office,All Season,Leather,Standard,Northline,4.6,1448,Formal Belt in Black with White accents. Designed for office occasions and suitable for all season wear. Made from leather with a textured pattern and standard fit.
P00716,UrbanThread Premium Beige Checked Trousers,Bottom,Trousers,Women,1799,Beige,White,Checked,Smart Casual,2,Farewell,Summer,Wool Blend,Straight,UrbanThread,4.1,97,Smart Casual Trousers in Beige with White accents. Designed for farewell occasions and suitable for summer wear. Made from wool blend with a checked pattern and straight fit.
P00232,UrbanThread Classic Maroon Shirt,Top,Shirt,Women,2699,Maroon,Beige,Solid,Smart Casual,2,College,Summer,Linen,Slim,UrbanThread,3.7,1313,Smart Casual Shirt in Maroon with Beige accents. Designed for college occasions and suitable for summer wear. Made from linen with a solid pattern and slim fit.
P01602,DailyMode Everyday Maroon Printed Sneakers,Footwear,Sneakers,Unisex,1799,Maroon,Black,Printed,Casual,1,College,All Season,Leather,Standard,DailyMode,3.8,610,Casual Sneakers in Maroon with Black accents. Designed for college occasions and suitable for all season wear. Made from leather with a printed pattern and standard fit.
P01835,TrendAura Elegant Green Formal Shoes,Footwear,Formal Shoes,Men,2999,Green,Brown,Solid,Formal,3,Farewell,Summer,Leather,Standard,TrendAura,4.8,4871,Formal Shoes in Green with Brown accents. Designed for farewell occasions and suitable for summer wear. Made from leather with a solid pattern and standard fit.
P01086,ClassicEdge Essential Grey Printed Casual Dress,Dress,Casual Dress,Women,2399,Grey,Maroon,Printed,Casual,1,Casual Outing,All Season,Linen,A-Line,ClassicEdge,4.5,3960,Casual Dress in Grey with Maroon accents. Designed for casual outing occasions and suitable for all season wear. Made from linen with a printed pattern and a-line fit.
P00577,MetroFit Classic Maroon Jeans,Bottom,Jeans,Women,1899,Maroon,Navy,Textured,Smart Casual,2,Farewell,Monsoon,Denim,Straight,MetroFit,4.5,4352,Smart Casual Jeans in Maroon with Navy accents. Designed for farewell occasions and suitable for monsoon wear. Made from denim with a textured pattern and straight fit.
P00116,CoutureLane Performance Grey Printed T-Shirt,Top,T-Shirt,Women,1299,Grey,Maroon,Printed,Sporty,1,Casual Outing,Monsoon,Polyester,Oversized,CoutureLane,3.8,3867,Sporty T-Shirt in Grey with Maroon accents. Designed for casual outing occasions and suitable for monsoon wear. Made from polyester with a printed pattern and oversized fit.
P00340,Northline Premium Pink Blouse,Top,Blouse,Women,1999,Pink,White,Textured,Formal,3,Farewell,All Season,Silk Blend,Relaxed,Northline,3.7,160,Formal Blouse in Pink with White accents. Designed for farewell occasions and suitable for all season wear. Made from silk blend with a textured pattern and relaxed fit.
P02142,MetroFit Classic Green Watch,Accessory,Watch,Women,3699,Green,Cream,Solid,Formal,3,Office,All Season,Synthetic,Standard,MetroFit,4.0,2151,Formal Watch in Green with Cream accents. Designed for office occasions and suitable for all season wear. Made from synthetic with a solid pattern and standard fit.
P00786,Northline Modern Navy Trousers,Bottom,Trousers,Women,1499,Navy,Grey,Textured,Smart Casual,2,College,All Season,Polyester,Regular,Northline,3.5,119,Smart Casual Trousers in Navy with Grey accents. Designed for college occasions and suitable for all season wear. Made from polyester with a textured pattern and regular fit.
P00310,UrbanThread Elegant Navy Shirt,Top,Shirt,Men,1699,Navy,White,Solid,Formal,3,Office,Monsoon,Cotton,Slim,UrbanThread,4.6,1343,Formal Shirt in Navy with White accents. Designed for office occasions and suitable for monsoon wear. Made from cotton with a solid pattern and slim fit.
P00710,VibeWear Premium Green Trousers,Bottom,Trousers,Men,2299,Green,White,Textured,Formal,3,Office,Winter,Polyester,Straight,VibeWear,4.7,676,Formal Trousers in Green with White accents. Designed for office occasions and suitable for winter wear. Made from polyester with a textured pattern and straight fit.
P01573,TrendAura Sport Pink Printed Sneakers,Footwear,Sneakers,Women,1899,Pink,Navy,Printed,Sporty,1,Casual Outing,All Season,Leather,Standard,TrendAura,4.6,4727,Sporty Sneakers in Pink with Navy accents. Designed for casual outing occasions and suitable for all season wear. Made from leather with a printed pattern and standard fit.
P01792,StyleCraft Executive Blue Formal Shoes,Footwear,Formal Shoes,Men,5199,Blue,Beige,Textured,Formal,3,Office,Summer,Leather,Standard,StyleCraft,4.1,649,Formal Shoes in Blue with Beige accents. Designed for office occasions and suitable for summer wear. Made from leather with a textured pattern and standard fit.
P01297,DailyMode Premium Maroon Blazer,Outerwear,Blazer,Men,5099,Maroon,Black,Textured,Smart Casual,2,Casual Outing,All Season,Wool Blend,Slim,DailyMode,3.5,1900,Smart Casual Blazer in Maroon with Black accents. Designed for casual outing occasions and suitable for all season wear. Made from wool blend with a textured pattern and slim fit.
P02163,Northline Elegant Cream Watch,Accessory,Watch,Women,1099,Cream,Maroon,Solid,Formal,3,Office,All Season,Stainless Steel,Standard,Northline,4.4,3744,Formal Watch in Cream with Maroon accents. Designed for office occasions and suitable for all season wear. Made from stainless steel with a solid pattern and standard fit.
P01485,ClassicEdge Classic Maroon Checked Overshirt,Outerwear,Overshirt,Women,1899,Maroon,Beige,Checked,Casual,1,Casual Outing,Winter,Cotton,Regular,ClassicEdge,4.0,2313,Casual Overshirt in Maroon with Beige accents. Designed for casual outing occasions and suitable for winter wear. Made from cotton with a checked pattern and regular fit.
P01955,VibeWear Comfort Maroon Sandals,Footwear,Sandals,Unisex,1999,Maroon,White,Textured,Casual,1,Casual Outing,Summer,Leather,Standard,VibeWear,3.9,2383,Casual Sandals in Maroon with White accents. Designed for casual outing occasions and suitable for summer wear. Made from leather with a textured pattern and standard fit.
P00472,DailyMode Comfort Brown Knit Top,Top,Knit Top,Women,2199,Brown,Beige,Solid,Casual,1,Casual Outing,Winter,Cotton,Slim,DailyMode,4.2,3705,Casual Knit Top in Brown with Beige accents. Designed for casual outing occasions and suitable for winter wear. Made from cotton with a solid pattern and slim fit.
P02160,ClassicEdge Comfort White Watch,Accessory,Watch,Women,2699,White,Brown,Textured,Casual,1,College,All Season,Leather,Standard,ClassicEdge,4.1,154,Casual Watch in White with Brown accents. Designed for college occasions and suitable for all season wear. Made from leather with a textured pattern and standard fit.
P00944,Northline Refined Cream Chinos,Bottom,Chinos,Men,1399,Cream,Beige,Textured,Smart Casual,2,College,Summer,Cotton,Regular,Northline,4.2,1057,Smart Casual Chinos in Cream with Beige accents. Designed for college occasions and suitable for summer wear. Made from cotton with a textured pattern and regular fit.
P00551,VibeWear Classic Olive Jeans,Bottom,Jeans,Women,2999,Olive,White,Textured,Casual,1,Casual Outing,Winter,Denim,Straight,VibeWear,4.7,2333,Casual Jeans in Olive with White accents. Designed for casual outing occasions and suitable for winter wear. Made from denim with a textured pattern and straight fit.
P01334,ModaStreet Premium Navy Blazer,Outerwear,Blazer,Women,2899,Navy,Cream,Textured,Formal,3,Farewell,All Season,Cotton Blend,Slim,ModaStreet,3.7,2737,Formal Blazer in Navy with Cream accents. Designed for farewell occasions and suitable for all season wear. Made from cotton blend with a textured pattern and slim fit.
P01535,MetroFit Premium Olive Checked Overshirt,Outerwear,Overshirt,Women,2299,Olive,Cream,Checked,Smart Casual,2,Farewell,Monsoon,Cotton,Regular,MetroFit,3.8,489,Smart Casual Overshirt in Olive with Cream accents. Designed for farewell occasions and suitable for monsoon wear. Made from cotton with a checked pattern and regular fit.
P01764,MetroFit Executive Green Loafers,Footwear,Loafers,Men,2299,Green,Cream,Solid,Formal,3,Office,All Season,Faux Leather,Standard,MetroFit,4.0,2094,Formal Loafers in Green with Cream accents. Designed for office occasions and suitable for all season wear. Made from faux leather with a solid pattern and standard fit.
P00353,Northline Classic Pink Blouse,Top,Blouse,Women,2199,Pink,Navy,Textured,Formal,3,Farewell,All Season,Cotton,Slim,Northline,4.5,4832,Formal Blouse in Pink with Navy accents. Designed for farewell occasions and suitable for all season wear. Made from cotton with a textured pattern and slim fit.
P01071,StyleCraft Everyday Navy Casual Dress,Dress,Casual Dress,Women,1699,Navy,Brown,Solid,Casual,1,College,All Season,Linen,A-Line,StyleCraft,4.7,3898,Casual Dress in Navy with Brown accents. Designed for college occasions and suitable for all season wear. Made from linen with a solid pattern and a-line fit.
P00168,TrendAura Classic White Shirt,Top,Shirt,Men,1099,White,Black,Solid,Formal,3,Farewell,Monsoon,Linen,Relaxed,TrendAura,4.3,518,Formal Shirt in White with Black accents. Designed for farewell occasions and suitable for monsoon wear. Made from linen with a solid pattern and relaxed fit.
P01379,CoutureLane Classic Blue Blazer,Outerwear,Blazer,Women,2499,Blue,Black,Textured,Smart Casual,2,College,Winter,Wool Blend,Slim,CoutureLane,4.0,2061,Smart Casual Blazer in Blue with Black accents. Designed for college occasions and suitable for winter wear. Made from wool blend with a textured pattern and slim fit.
P02281,TrendAura Performance Maroon Backpack,Accessory,Backpack,Women,1299,Maroon,Navy,Solid,Sporty,1,Casual Outing,All Season,Synthetic,Standard,TrendAura,4.0,3730,Sporty Backpack in Maroon with Navy accents. Designed for casual outing occasions and suitable for all season wear. Made from synthetic with a solid pattern and standard fit.
P00471,StyleCraft Comfort Cream Striped Knit Top,Top,Knit Top,Women,2199,Cream,Beige,Striped,Casual,1,Casual Outing,Winter,Rayon,Slim,StyleCraft,3.6,3612,Casual Knit Top in Cream with Beige accents. Designed for casual outing occasions and suitable for winter wear. Made from rayon with a striped pattern and slim fit.
P02247,VibeWear Active Navy Backpack,Accessory,Backpack,Women,1699,Navy,Brown,Solid,Sporty,1,Casual Outing,Summer,Synthetic,Standard,VibeWear,4.2,2714,Sporty Backpack in Navy with Brown accents. Designed for casual outing occasions and suitable for summer wear. Made from synthetic with a solid pattern and standard fit.
P00970,StyleCraft Festive Black Printed Skirt,Bottom,Skirt,Women,2599,Black,Navy,Printed,Party,2,Party,All Season,Rayon,Relaxed,StyleCraft,3.6,4557,Party Skirt in Black with Navy accents. Designed for party occasions and suitable for all season wear. Made from rayon with a printed pattern and relaxed fit.
P00592,MetroFit Classic Grey Jeans,Bottom,Jeans,Women,2399,Grey,Maroon,Solid,Casual,1,College,Monsoon,Denim,Straight,MetroFit,4.2,2053,Casual Jeans in Grey with Maroon accents. Designed for college occasions and suitable for monsoon wear. Made from denim with a solid pattern and straight fit.
P00713,DailyMode Refined Olive Trousers,Bottom,Trousers,Men,1799,Olive,White,Textured,Smart Casual,2,College,All Season,Wool Blend,Regular,DailyMode,3.6,1117,Smart Casual Trousers in Olive with White accents. Designed for college occasions and suitable for all season wear. Made from wool blend with a textured pattern and regular fit.
P02255,Northline Classic Beige Printed Backpack,Accessory,Backpack,Unisex,2499,Beige,Black,Printed,Casual,1,College,Winter,Synthetic,Standard,Northline,3.6,1838,Casual Backpack in Beige with Black accents. Designed for college occasions and suitable for winter wear. Made from synthetic with a printed pattern and standard fit.
P01856,ModaStreet Premium Navy Formal Shoes,Footwear,Formal Shoes,Men,3099,Navy,Beige,Textured,Formal,3,Office,All Season,Faux Leather,Standard,ModaStreet,3.8,3906,Formal Shoes in Navy with Beige accents. Designed for office occasions and suitable for all season wear. Made from faux leather with a textured pattern and standard fit.
P02126,MetroFit Modern Beige Watch,Accessory,Watch,Women,4599,Beige,Olive,Solid,Smart Casual,2,College,All Season,Synthetic,Standard,MetroFit,4.2,647,Smart Casual Watch in Beige with Olive accents. Designed for college occasions and suitable for all season wear. Made from synthetic with a solid pattern and standard fit.
P00025,DailyMode Essential Green Striped T-Shirt,Top,T-Shirt,Men,899,Green,Black,Striped,Casual,1,College,Monsoon,Cotton,Oversized,DailyMode,4.8,441,Casual T-Shirt in Green with Black accents. Designed for college occasions and suitable for monsoon wear. Made from cotton with a striped pattern and oversized fit.
P00362,UrbanThread Refined Navy Printed Blouse,Top,Blouse,Women,2099,Navy,Brown,Printed,Smart Casual,2,College,Winter,Cotton,Relaxed,UrbanThread,4.2,4260,Smart Casual Blouse in Navy with Brown accents. Designed for college occasions and suitable for winter wear. Made from cotton with a printed pattern and relaxed fit.
P00058,Northline Active Grey Printed T-Shirt,Top,T-Shirt,Men,1299,Grey,Black,Printed,Sporty,1,College,Summer,Cotton,Oversized,Northline,4.6,4991,Sporty T-Shirt in Grey with Black accents. Designed for college occasions and suitable for summer wear. Made from cotton with a printed pattern and oversized fit.
P00742,StyleCraft Refined White Trousers,Bottom,Trousers,Men,1699,White,Brown,Solid,Smart Casual,2,Casual Outing,Summer,Polyester,Slim,StyleCraft,4.2,4635,Smart Casual Trousers in White with Brown accents. Designed for casual outing occasions and suitable for summer wear. Made from polyester with a solid pattern and slim fit.
P01646,UrbanThread Comfort Green Printed Sneakers,Footwear,Sneakers,Unisex,3599,Green,Beige,Printed,Casual,1,Casual Outing,Winter,Mesh,Standard,UrbanThread,3.5,1730,Casual Sneakers in Green with Beige accents. Designed for casual outing occasions and suitable for winter wear. Made from mesh with a printed pattern and standard fit.
P00218,UrbanThread Modern Olive Striped Shirt,Top,Shirt,Men,1199,Olive,Black,Striped,Smart Casual,2,Farewell,All Season,Linen,Relaxed,UrbanThread,4.4,3789,Smart Casual Shirt in Olive with Black accents. Designed for farewell occasions and suitable for all season wear. Made from linen with a striped pattern and relaxed fit.
P01079,ModaStreet Classic Beige Casual Dress,Dress,Casual Dress,Women,1499,Beige,White,Solid,Casual,1,Casual Outing,Summer,Cotton,Regular,ModaStreet,4.7,104,Casual Dress in Beige with White accents. Designed for casual outing occasions and suitable for summer wear. Made from cotton with a solid pattern and regular fit.
P00961,DailyMode Everyday Brown Skirt,Bottom,Skirt,Women,2699,Brown,Cream,Textured,Casual,1,Casual Outing,All Season,Polyester,Straight,DailyMode,4.5,3617,Casual Skirt in Brown with Cream accents. Designed for casual outing occasions and suitable for all season wear. Made from polyester with a textured pattern and straight fit.
P01361,CoutureLane Modern Pink Blazer,Outerwear,Blazer,Men,4099,Pink,Navy,Solid,Smart Casual,2,Farewell,Winter,Wool Blend,Regular,CoutureLane,3.6,2176,Smart Casual Blazer in Pink with Navy accents. Designed for farewell occasions and suitable for winter wear. Made from wool blend with a solid pattern and regular fit.
P02253,UrbanThread Dynamic Pink Printed Backpack,Accessory,Backpack,Unisex,2299,Pink,Grey,Printed,Sporty,1,Casual Outing,Winter,Canvas,Standard,UrbanThread,4.8,2217,Sporty Backpack in Pink with Grey accents. Designed for casual outing occasions and suitable for winter wear. Made from canvas with a printed pattern and standard fit.
P00072,UrbanThread Sport Blue Printed T-Shirt,Top,T-Shirt,Unisex,1599,Blue,Grey,Printed,Sporty,1,College,Monsoon,Cotton,Relaxed,UrbanThread,4.2,3148,Sporty T-Shirt in Blue with Grey accents. Designed for college occasions and suitable for monsoon wear. Made from cotton with a printed pattern and relaxed fit.
P02033,UrbanThread Classic Cream Belt,Accessory,Belt,Women,699,Cream,Beige,Textured,Smart Casual,2,Farewell,All Season,Faux Leather,Standard,UrbanThread,4.2,4479,Smart Casual Belt in Cream with Beige accents. Designed for farewell occasions and suitable for all season wear. Made from faux leather with a textured pattern and standard fit.
P01307,VibeWear Modern Beige Blazer,Outerwear,Blazer,Men,6699,Beige,White,Textured,Smart Casual,2,College,Winter,Polyester,Slim,VibeWear,4.8,2977,Smart Casual Blazer in Beige with White accents. Designed for college occasions and suitable for winter wear. Made from polyester with a textured pattern and slim fit.
P02036,Northline Executive White Belt,Accessory,Belt,Unisex,799,White,Olive,Textured,Formal,3,Farewell,All Season,Leather,Standard,Northline,4.8,4921,Formal Belt in White with Olive accents. Designed for farewell occasions and suitable for all season wear. Made from leather with a textured pattern and standard fit.
P01446,UrbanThread Comfort Blue Denim Jacket,Outerwear,Denim Jacket,Men,1999,Blue,Grey,Textured,Casual,1,Casual Outing,Winter,Cotton,Regular,UrbanThread,3.6,2481,Casual Denim Jacket in Blue with Grey accents. Designed for casual outing occasions and suitable for winter wear. Made from cotton with a textured pattern and regular fit.
P01124,ClassicEdge Essential Blue Striped Casual Dress,Dress,Casual Dress,Women,1599,Blue,Brown,Striped,Casual,1,Casual Outing,All Season,Linen,A-Line,ClassicEdge,4.0,3083,Casual Dress in Blue with Brown accents. Designed for casual outing occasions and suitable for all season wear. Made from linen with a striped pattern and a-line fit.
P00845,DailyMode Refined Navy Chinos,Bottom,Chinos,Men,1399,Navy,Brown,Solid,Smart Casual,2,Farewell,Winter,Cotton Blend,Regular,DailyMode,4.3,813,Smart Casual Chinos in Navy with Brown accents. Designed for farewell occasions and suitable for winter wear. Made from cotton blend with a solid pattern and regular fit.
P00602,ClassicEdge Essential Maroon Jeans,Bottom,Jeans,Women,2999,Maroon,Navy,Solid,Casual,1,Casual Outing,Monsoon,Denim,Slim,ClassicEdge,3.6,215,Casual Jeans in Maroon with Navy accents. Designed for casual outing occasions and suitable for monsoon wear. Made from denim with a solid pattern and slim fit.
P00311,ClassicEdge Classic Maroon Shirt,Top,Shirt,Women,1199,Maroon,White,Solid,Smart Casual,2,College,All Season,Cotton,Regular,ClassicEdge,4.4,4627,Smart Casual Shirt in Maroon with White accents. Designed for college occasions and suitable for all season wear. Made from cotton with a solid pattern and regular fit.
P01200,StyleCraft Classic Brown Formal Dress,Dress,Formal Dress,Women,4399,Brown,Beige,Solid,Formal,3,Farewell,Summer,Rayon,Slim,StyleCraft,3.5,2533,Formal Dress in Brown with Beige accents. Designed for farewell occasions and suitable for summer wear. Made from rayon with a solid pattern and slim fit.
P02191,StyleCraft Classic Maroon Shoulder Bag,Accessory,Shoulder Bag,Women,2399,Maroon,Navy,Solid,Casual,1,Casual Outing,All Season,Faux Leather,Standard,StyleCraft,4.7,3538,Casual Shoulder Bag in Maroon with Navy accents. Designed for casual outing occasions and suitable for all season wear. Made from faux leather with a solid pattern and standard fit.
P01842,CoutureLane Classic Brown Formal Shoes,Footwear,Formal Shoes,Men,5499,Brown,Olive,Solid,Formal,3,Office,Summer,Faux Leather,Standard,CoutureLane,4.6,3424,Formal Shoes in Brown with Olive accents. Designed for office occasions and suitable for summer wear. Made from faux leather with a solid pattern and standard fit.
P02194,UrbanThread Everyday Olive Printed Shoulder Bag,Accessory,Shoulder Bag,Unisex,2299,Olive,Brown,Printed,Casual,1,Casual Outing,Summer,Canvas,Standard,UrbanThread,4.4,3983,Casual Shoulder Bag in Olive with Brown accents. Designed for casual outing occasions and suitable for summer wear. Made from canvas with a printed pattern and standard fit.
P00870,TrendAura Comfort Beige Chinos,Bottom,Chinos,Men,2699,Beige,Navy,Solid,Casual,1,College,Winter,Cotton,Regular,TrendAura,4.8,2433,Casual Chinos in Beige with Navy accents. Designed for college occasions and suitable for winter wear. Made from cotton with a solid pattern and regular fit.
P00461,StyleCraft Comfort Green Striped Knit Top,Top,Knit Top,Women,1999,Green,White,Striped,Casual,1,College,All Season,Rayon,Relaxed,StyleCraft,4.4,2258,Casual Knit Top in Green with White accents. Designed for college occasions and suitable for all season wear. Made from rayon with a striped pattern and relaxed fit.
P00464,MetroFit Modern Pink Striped Knit Top,Top,Knit Top,Women,999,Pink,Grey,Striped,Smart Casual,2,Casual Outing,Winter,Cotton,Regular,MetroFit,3.6,4978,Smart Casual Knit Top in Pink with Grey accents. Designed for casual outing occasions and suitable for winter wear. Made from cotton with a striped pattern and regular fit.
P01697,TrendAura Classic Blue Sneakers,Footwear,Sneakers,Unisex,1799,Blue,Navy,Textured,Smart Casual,2,Farewell,All Season,Mesh,Standard,TrendAura,4.1,272,Smart Casual Sneakers in Blue with Navy accents. Designed for farewell occasions and suitable for all season wear. Made from mesh with a textured pattern and standard fit.
P02232,MetroFit Classic Brown Shoulder Bag,Accessory,Shoulder Bag,Unisex,1799,Brown,Navy,Solid,Smart Casual,2,College,All Season,Leather,Standard,MetroFit,3.9,441,Smart Casual Shoulder Bag in Brown with Navy accents. Designed for college occasions and suitable for all season wear. Made from leather with a solid pattern and standard fit.
P00585,VibeWear Classic Olive Jeans,Bottom,Jeans,Men,1399,Olive,Black,Textured,Casual,1,Casual Outing,Winter,Cotton,Slim,VibeWear,3.9,3424,Casual Jeans in Olive with Black accents. Designed for casual outing occasions and suitable for winter wear. Made from cotton with a textured pattern and slim fit.
P01807,DailyMode Executive Black Formal Shoes,Footwear,Formal Shoes,Men,2199,Black,Blue,Solid,Formal,3,Office,Winter,Leather,Standard,DailyMode,4.7,4830,Formal Shoes in Black with Blue accents. Designed for office occasions and suitable for winter wear. Made from leather with a solid pattern and standard fit.
P00113,DailyMode Dynamic White Printed T-Shirt,Top,T-Shirt,Unisex,1499,White,Beige,Printed,Sporty,1,College,All Season,Polyester,Oversized,DailyMode,4.6,1071,Sporty T-Shirt in White with Beige accents. Designed for college occasions and suitable for all season wear. Made from polyester with a printed pattern and oversized fit.
P01741,TrendAura Elegant Brown Loafers,Footwear,Loafers,Women,4499,Brown,Beige,Textured,Formal,3,Farewell,Summer,Faux Leather,Standard,TrendAura,3.9,2419,Formal Loafers in Brown with Beige accents. Designed for farewell occasions and suitable for summer wear. Made from faux leather with a textured pattern and standard fit.
P01916,CoutureLane Elegant White Heels,Footwear,Heels,Women,1999,White,Olive,Textured,Party,2,Party,All Season,Suede,Standard,CoutureLane,3.6,2081,Party Heels in White with Olive accents. Designed for party occasions and suitable for all season wear. Made from suede with a textured pattern and standard fit.
P00983,Northline Festive Cream Skirt,Bottom,Skirt,Women,2799,Cream,Beige,Solid,Party,2,Farewell,All Season,Polyester,Relaxed,Northline,4.0,855,Party Skirt in Cream with Beige accents. Designed for farewell occasions and suitable for all season wear. Made from polyester with a solid pattern and relaxed fit.
P00081,ModaStreet Everyday Pink Striped T-Shirt,Top,T-Shirt,Women,899,Pink,Black,Striped,Casual,1,Casual Outing,All Season,Cotton,Regular,ModaStreet,4.0,3428,Casual T-Shirt in Pink with Black accents. Designed for casual outing occasions and suitable for all season wear. Made from cotton with a striped pattern and regular fit.
P02115,Northline Classic White Watch,Accessory,Watch,Men,4699,White,Black,Textured,Formal,3,Farewell,All Season,Leather,Standard,Northline,4.9,2987,Formal Watch in White with Black accents. Designed for farewell occasions and suitable for all season wear. Made from leather with a textured pattern and standard fit.
P00752,Northline Elegant Brown Checked Trousers,Bottom,Trousers,Men,1399,Brown,White,Checked,Formal,3,Office,Summer,Polyester,Regular,Northline,4.5,985,Formal Trousers in Brown with White accents. Designed for office occasions and suitable for summer wear. Made from polyester with a checked pattern and regular fit.
P00211,VibeWear Elegant Grey Shirt,Top,Shirt,Men,2599,Grey,Black,Solid,Formal,3,Office,Monsoon,Cotton,Regular,VibeWear,3.9,3771,Formal Shirt in Grey with Black accents. Designed for office occasions and suitable for monsoon wear. Made from cotton with a solid pattern and regular fit.
P00996,CoutureLane Festive White Skirt,Bottom,Skirt,Women,2599,White,Brown,Textured,Party,2,Farewell,All Season,Denim,Straight,CoutureLane,3.7,3768,Party Skirt in White with Brown accents. Designed for farewell occasions and suitable for all season wear. Made from denim with a textured pattern and straight fit.
P01477,StyleCraft Comfort Blue Denim Jacket,Outerwear,Denim Jacket,Men,3899,Blue,White,Solid,Casual,1,Casual Outing,Winter,Cotton,Oversized,StyleCraft,4.2,3348,Casual Denim Jacket in Blue with White accents. Designed for casual outing occasions and suitable for winter wear. Made from cotton with a solid pattern and oversized fit.
P02190,DailyMode Premium Maroon Printed Shoulder Bag,Accessory,Shoulder Bag,Women,1199,Maroon,White,Printed,Smart Casual,2,College,Winter,Faux Leather,Standard,DailyMode,3.8,3712,Smart Casual Shoulder Bag in Maroon with White accents. Designed for college occasions and suitable for winter wear. Made from faux leather with a printed pattern and standard fit.
P01158,DailyMode Premium Brown Casual Dress,Dress,Casual Dress,Women,1899,Brown,Beige,Solid,Smart Casual,2,College,All Season,Rayon,A-Line,DailyMode,4.7,4051,Smart Casual Casual Dress in Brown with Beige accents. Designed for college occasions and suitable for all season wear. Made from rayon with a solid pattern and a-line fit.
P01946,TrendAura Statement Olive Heels,Footwear,Heels,Women,2799,Olive,Cream,Solid,Party,2,Farewell,Winter,Synthetic,Standard,TrendAura,3.9,3047,Party Heels in Olive with Cream accents. Designed for farewell occasions and suitable for winter wear. Made from synthetic with a solid pattern and standard fit.
P00243,StyleCraft Everyday White Checked Shirt,Top,Shirt,Men,999,White,Blue,Checked,Casual,1,College,Monsoon,Rayon,Slim,StyleCraft,4.7,1845,Casual Shirt in White with Blue accents. Designed for college occasions and suitable for monsoon wear. Made from rayon with a checked pattern and slim fit.
P01272,MetroFit Elegant Green Formal Dress,Dress,Formal Dress,Women,3399,Green,Beige,Textured,Party,2,Party,Winter,Silk Blend,A-Line,MetroFit,3.9,355,Party Formal Dress in Green with Beige accents. Designed for party occasions and suitable for winter wear. Made from silk blend with a textured pattern and a-line fit.
P01208,ClassicEdge Premium Cream Formal Dress,Dress,Formal Dress,Women,2299,Cream,Brown,Textured,Formal,3,Office,Summer,Silk Blend,Regular,ClassicEdge,3.7,811,Formal Dress in Cream with Brown accents. Designed for office occasions and suitable for summer wear. Made from silk blend with a textured pattern and regular fit.
P01170,StyleCraft Essential Beige Casual Dress,Dress,Casual Dress,Women,2499,Beige,Navy,Solid,Casual,1,College,Summer,Cotton,A-Line,StyleCraft,4.0,3085,Casual Dress in Beige with Navy accents. Designed for college occasions and suitable for summer wear. Made from cotton with a solid pattern and a-line fit.
P01793,ModaStreet Classic Cream Formal Shoes,Footwear,Formal Shoes,Men,2699,Cream,Black,Textured,Formal,3,Office,All Season,Leather,Standard,ModaStreet,3.9,3166,Formal Shoes in Cream with Black accents. Designed for office occasions and suitable for all season wear. Made from leather with a textured pattern and standard fit.
P00536,StyleCraft Refined Blue Jeans,Bottom,Jeans,Women,2099,Blue,Grey,Textured,Smart Casual,2,Farewell,Monsoon,Denim,Straight,StyleCraft,3.9,2460,Smart Casual Jeans in Blue with Grey accents. Designed for farewell occasions and suitable for monsoon wear. Made from denim with a textured pattern and straight fit.
P02090,Northline Premium Blue Belt,Accessory,Belt,Unisex,999,Blue,Beige,Textured,Formal,3,Office,All Season,Leather,Standard,Northline,3.6,4340,Formal Belt in Blue with Beige accents. Designed for office occasions and suitable for all season wear. Made from leather with a textured pattern and standard fit.
P00174,TrendAura Premium Pink Striped Shirt,Top,Shirt,Men,999,Pink,Grey,Striped,Formal,3,Farewell,Monsoon,Linen,Relaxed,TrendAura,4.9,3147,Formal Shirt in Pink with Grey accents. Designed for farewell occasions and suitable for monsoon wear. Made from linen with a striped pattern and relaxed fit.
P00037,UrbanThread Everyday Blue T-Shirt,Top,T-Shirt,Women,1699,Blue,Black,Textured,Casual,1,College,Monsoon,Cotton,Relaxed,UrbanThread,4.1,1465,Casual T-Shirt in Blue with Black accents. Designed for college occasions and suitable for monsoon wear. Made from cotton with a textured pattern and relaxed fit.
P01171,CoutureLane Classic Green Casual Dress,Dress,Casual Dress,Women,3299,Green,Beige,Solid,Casual,1,College,All Season,Cotton,Relaxed,CoutureLane,4.6,3271,Casual Dress in Green with Beige accents. Designed for college occasions and suitable for all season wear. Made from cotton with a solid pattern and relaxed fit.
P00171,ModaStreet Premium Olive Printed Shirt,Top,Shirt,Men,1499,Olive,Black,Printed,Smart Casual,2,Farewell,Monsoon,Rayon,Regular,ModaStreet,4.8,949,Smart Casual Shirt in Olive with Black accents. Designed for farewell occasions and suitable for monsoon wear. Made from rayon with a printed pattern and regular fit.
P00554,Northline Classic Blue Jeans,Bottom,Jeans,Women,1999,Blue,Brown,Textured,Casual,1,Casual Outing,Summer,Cotton,Slim,Northline,3.9,4073,Casual Jeans in Blue with Brown accents. Designed for casual outing occasions and suitable for summer wear. Made from cotton with a textured pattern and slim fit.
P00765,ClassicEdge Refined White Trousers,Bottom,Trousers,Men,2199,White,Maroon,Textured,Smart Casual,2,Casual Outing,Summer,Polyester,Straight,ClassicEdge,3.7,2319,Smart Casual Trousers in White with Maroon accents. Designed for casual outing occasions and suitable for summer wear. Made from polyester with a textured pattern and straight fit.
P02155,TrendAura Comfort Grey Watch,Accessory,Watch,Women,2999,Grey,Beige,Textured,Casual,1,Casual Outing,All Season,Leather,Standard,TrendAura,3.6,2959,Casual Watch in Grey with Beige accents. Designed for casual outing occasions and suitable for all season wear. Made from leather with a textured pattern and standard fit.
P00740,TrendAura Elegant Navy Trousers,Bottom,Trousers,Men,2699,Navy,White,Textured,Formal,3,Farewell,Summer,Polyester,Slim,TrendAura,4.8,3322,Formal Trousers in Navy with White accents. Designed for farewell occasions and suitable for summer wear. Made from polyester with a textured pattern and slim fit.
P00274,Northline Classic White Printed Shirt,Top,Shirt,Women,2399,White,Black,Printed,Formal,3,Farewell,All Season,Linen,Relaxed,Northline,4.3,1479,Formal Shirt in White with Black accents. Designed for farewell occasions and suitable for all season wear. Made from linen with a printed pattern and relaxed fit.
P01449,DailyMode Premium Blue Denim Jacket,Outerwear,Denim Jacket,Men,3999,Blue,Grey,Textured,Smart Casual,2,College,Monsoon,Cotton,Oversized,DailyMode,4.5,1809,Smart Casual Denim Jacket in Blue with Grey accents. Designed for college occasions and suitable for monsoon wear. Made from cotton with a textured pattern and oversized fit.
P00357,DailyMode Executive Black Blouse,Top,Blouse,Women,2299,Black,Maroon,Solid,Formal,3,Farewell,Summer,Rayon,Relaxed,DailyMode,4.0,2608,Formal Blouse in Black with Maroon accents. Designed for farewell occasions and suitable for summer wear. Made from rayon with a solid pattern and relaxed fit.
P00253,TrendAura Executive Cream Striped Shirt,Top,Shirt,Men,1899,Cream,Maroon,Striped,Formal,3,Farewell,Summer,Rayon,Slim,TrendAura,3.9,1142,Formal Shirt in Cream with Maroon accents. Designed for farewell occasions and suitable for summer wear. Made from rayon with a striped pattern and slim fit.
P01490,Northline Modern Pink Overshirt,Outerwear,Overshirt,Women,1899,Pink,Black,Solid,Smart Casual,2,Farewell,All Season,Cotton,Regular,Northline,4.6,4359,Smart Casual Overshirt in Pink with Black accents. Designed for farewell occasions and suitable for all season wear. Made from cotton with a solid pattern and regular fit.
P02228,TrendAura Festive Green Shoulder Bag,Accessory,Shoulder Bag,Women,1899,Green,Cream,Textured,Party,2,Farewell,Winter,Leather,Standard,TrendAura,3.7,93,Party Shoulder Bag in Green with Cream accents. Designed for farewell occasions and suitable for winter wear. Made from leather with a textured pattern and standard fit.
P01511,TrendAura Comfort Beige Overshirt,Outerwear,Overshirt,Women,2199,Beige,Black,Solid,Casual,1,Casual Outing,Winter,Denim,Regular,TrendAura,4.3,3761,Casual Overshirt in Beige with Black accents. Designed for casual outing occasions and suitable for winter wear. Made from denim with a solid pattern and regular fit.
P00296,CoutureLane Classic Brown Striped Shirt,Top,Shirt,Men,2099,Brown,Black,Striped,Formal,3,Office,Summer,Linen,Regular,CoutureLane,4.5,3942,Formal Shirt in Brown with Black accents. Designed for office occasions and suitable for summer wear. Made from linen with a striped pattern and regular fit.
P01932,VibeWear Executive Maroon Heels,Footwear,Heels,Women,3499,Maroon,Black,Solid,Formal,3,Farewell,Summer,Suede,Standard,VibeWear,4.2,1299,Formal Heels in Maroon with Black accents. Designed for farewell occasions and suitable for summer wear. Made from suede with a solid pattern and standard fit.
P01428,CoutureLane Classic Grey Denim Jacket,Outerwear,Denim Jacket,Men,1999,Grey,Maroon,Solid,Casual,1,Casual Outing,Winter,Cotton,Oversized,CoutureLane,3.7,3463,Casual Denim Jacket in Grey with Maroon accents. Designed for casual outing occasions and suitable for winter wear. Made from cotton with a solid pattern and oversized fit.
P00967,ClassicEdge Stylish Black Checked Skirt,Bottom,Skirt,Women,2499,Black,Beige,Checked,Party,2,Party,Summer,Rayon,Relaxed,ClassicEdge,4.4,1420,Party Skirt in Black with Beige accents. Designed for party occasions and suitable for summer wear. Made from rayon with a checked pattern and relaxed fit.
P01731,ClassicEdge Classic White Loafers,Footwear,Loafers,Women,2499,White,Blue,Solid,Smart Casual,2,College,Winter,Leather,Standard,ClassicEdge,4.6,2481,Smart Casual Loafers in White with Blue accents. Designed for college occasions and suitable for winter wear. Made from leather with a solid pattern and standard fit.
P01995,VibeWear Essential Black Sandals,Footwear,Sandals,Women,1499,Black,Beige,Solid,Casual,1,Casual Outing,Summer,Synthetic,Standard,VibeWear,4.1,959,Casual Sandals in Black with Beige accents. Designed for casual outing occasions and suitable for summer wear. Made from synthetic with a solid pattern and standard fit.
P00823,DailyMode Classic Black Checked Trousers,Bottom,Trousers,Women,3199,Black,Blue,Checked,Formal,3,Office,All Season,Polyester,Slim,DailyMode,3.7,3752,Formal Trousers in Black with Blue accents. Designed for office occasions and suitable for all season wear. Made from polyester with a checked pattern and slim fit.
P01154,VibeWear Essential Cream Casual Dress,Dress,Casual Dress,Women,1999,Cream,Navy,Solid,Casual,1,Casual Outing,Summer,Cotton,A-Line,VibeWear,3.8,4970,Casual Dress in Cream with Navy accents. Designed for casual outing occasions and suitable for summer wear. Made from cotton with a solid pattern and a-line fit.
P01699,CoutureLane Dynamic Beige Printed Sneakers,Footwear,Sneakers,Women,3099,Beige,Olive,Printed,Sporty,1,Casual Outing,All Season,Mesh,Standard,CoutureLane,4.6,2599,Sporty Sneakers in Beige with Olive accents. Designed for casual outing occasions and suitable for all season wear. Made from mesh with a printed pattern and standard fit.
P02123,Northline Premium Maroon Watch,Accessory,Watch,Unisex,1499,Maroon,Grey,Solid,Smart Casual,2,Farewell,All Season,Stainless Steel,Standard,Northline,4.3,3353,Smart Casual Watch in Maroon with Grey accents. Designed for farewell occasions and suitable for all season wear. Made from stainless steel with a solid pattern and standard fit.
P01557,CoutureLane Classic Olive Sneakers,Footwear,Sneakers,Unisex,3499,Olive,Cream,Solid,Casual,1,Casual Outing,Summer,Synthetic,Standard,CoutureLane,4.2,3201,Casual Sneakers in Olive with Cream accents. Designed for casual outing occasions and suitable for summer wear. Made from synthetic with a solid pattern and standard fit.
P01112,ClassicEdge Essential Brown Casual Dress,Dress,Casual Dress,Women,2499,Brown,Navy,Solid,Casual,1,Casual Outing,Summer,Rayon,A-Line,ClassicEdge,4.3,1378,Casual Dress in Brown with Navy accents. Designed for casual outing occasions and suitable for summer wear. Made from rayon with a solid pattern and a-line fit.
P00815,TrendAura Premium Pink Trousers,Bottom,Trousers,Women,1599,Pink,Navy,Solid,Formal,3,Farewell,Summer,Wool Blend,Slim,TrendAura,3.8,2222,Formal Trousers in Pink with Navy accents. Designed for farewell occasions and suitable for summer wear. Made from wool blend with a solid pattern and slim fit.
P00793,ModaStreet Premium Blue Trousers,Bottom,Trousers,Women,2099,Blue,White,Solid,Smart Casual,2,Farewell,Summer,Cotton,Slim,ModaStreet,4.2,778,Smart Casual Trousers in Blue with White accents. Designed for farewell occasions and suitable for summer wear. Made from cotton with a solid pattern and slim fit.
P00686,ModaStreet Premium White Jeans,Bottom,Jeans,Men,2399,White,Brown,Textured,Smart Casual,2,Casual Outing,Summer,Denim,Relaxed,ModaStreet,4.3,38,Smart Casual Jeans in White with Brown accents. Designed for casual outing occasions and suitable for summer wear. Made from denim with a textured pattern and relaxed fit.
P02058,TrendAura Premium Navy Belt,Accessory,Belt,Women,1199,Navy,Blue,Textured,Formal,3,Farewell,All Season,Leather,Standard,TrendAura,4.3,231,Formal Belt in Navy with Blue accents. Designed for farewell occasions and suitable for all season wear. Made from leather with a textured pattern and standard fit.
P01849,UrbanThread Elegant Pink Formal Shoes,Footwear,Formal Shoes,Men,4899,Pink,Beige,Textured,Formal,3,Office,Summer,Leather,Standard,UrbanThread,3.5,2080,Formal Shoes in Pink with Beige accents. Designed for office occasions and suitable for summer wear. Made from leather with a textured pattern and standard fit.
P01730,ClassicEdge Classic Blue Loafers,Footwear,Loafers,Women,2199,Blue,Brown,Solid,Formal,3,Office,Summer,Leather,Standard,ClassicEdge,4.6,3234,Formal Loafers in Blue with Brown accents. Designed for office occasions and suitable for summer wear. Made from leather with a solid pattern and standard fit.
P00153,ClassicEdge Classic Maroon Striped T-Shirt,Top,T-Shirt,Unisex,1199,Maroon,Grey,Striped,Casual,1,Casual Outing,All Season,Cotton,Relaxed,ClassicEdge,4.8,2829,Casual T-Shirt in Maroon with Grey accents. Designed for casual outing occasions and suitable for all season wear. Made from cotton with a striped pattern and relaxed fit.
P01010,ClassicEdge Elegant Blue Printed Skirt,Bottom,Skirt,Women,2799,Blue,Brown,Printed,Party,2,Party,Winter,Rayon,Straight,ClassicEdge,4.7,4326,Party Skirt in Blue with Brown accents. Designed for party occasions and suitable for winter wear. Made from rayon with a printed pattern and straight fit.
P02154,VibeWear Classic Cream Watch,Accessory,Watch,Unisex,1999,Cream,Maroon,Solid,Smart Casual,2,College,All Season,Leather,Standard,VibeWear,4.1,2672,Smart Casual Watch in Cream with Maroon accents. Designed for college occasions and suitable for all season wear. Made from leather with a solid pattern and standard fit.
P00700,TrendAura Executive Maroon Trousers,Bottom,Trousers,Women,1999,Maroon,Black,Textured,Formal,3,Farewell,Summer,Cotton,Straight,TrendAura,3.9,4280,Formal Trousers in Maroon with Black accents. Designed for farewell occasions and suitable for summer wear. Made from cotton with a textured pattern and straight fit.
P01938,Northline Premium Maroon Heels,Footwear,Heels,Women,2499,Maroon,White,Solid,Formal,3,Farewell,Summer,Synthetic,Standard,Northline,4.4,822,Formal Heels in Maroon with White accents. Designed for farewell occasions and suitable for summer wear. Made from synthetic with a solid pattern and standard fit.
P01378,Northline Modern Grey Blazer,Outerwear,Blazer,Men,6199,Grey,Black,Solid,Smart Casual,2,College,Winter,Polyester,Slim,Northline,4.8,2058,Smart Casual Blazer in Grey with Black accents. Designed for college occasions and suitable for winter wear. Made from polyester with a solid pattern and slim fit.
P01389,MetroFit Classic Cream Checked Blazer,Outerwear,Blazer,Women,5199,Cream,Olive,Checked,Smart Casual,2,Casual Outing,Winter,Polyester,Regular,MetroFit,4.2,434,Smart Casual Blazer in Cream with Olive accents. Designed for casual outing occasions and suitable for winter wear. Made from polyester with a checked pattern and regular fit.
P00245,UrbanThread Essential Brown Checked Shirt,Top,Shirt,Women,2999,Brown,Black,Checked,Casual,1,Casual Outing,Monsoon,Cotton,Relaxed,UrbanThread,4.1,2924,Casual Shirt in Brown with Black accents. Designed for casual outing occasions and suitable for monsoon wear. Made from cotton with a checked pattern and relaxed fit.
P01206,StyleCraft Premium Brown Formal Dress,Dress,Formal Dress,Women,3099,Brown,Black,Textured,Formal,3,Farewell,Winter,Silk Blend,Regular,StyleCraft,3.7,3985,Formal Dress in Brown with Black accents. Designed for farewell occasions and suitable for winter wear. Made from silk blend with a textured pattern and regular fit.
P01276,ModaStreet Festive Maroon Printed Formal Dress,Dress,Formal Dress,Women,4199,Maroon,Beige,Printed,Party,2,Farewell,All Season,Rayon,Slim,ModaStreet,4.4,4684,Party Formal Dress in Maroon with Beige accents. Designed for farewell occasions and suitable for all season wear. Made from rayon with a printed pattern and slim fit.
P00146,MetroFit Performance Brown T-Shirt,Top,T-Shirt,Women,999,Brown,Beige,Textured,Sporty,1,Casual Outing,Monsoon,Polyester,Regular,MetroFit,4.3,627,Sporty T-Shirt in Brown with Beige accents. Designed for casual outing occasions and suitable for monsoon wear. Made from polyester with a textured pattern and regular fit.
P00822,VibeWear Premium Green Trousers,Bottom,Trousers,Men,2899,Green,White,Solid,Formal,3,Office,Summer,Wool Blend,Straight,VibeWear,3.7,2882,Formal Trousers in Green with White accents. Designed for office occasions and suitable for summer wear. Made from wool blend with a solid pattern and straight fit.
P01274,CoutureLane Executive Green Formal Dress,Dress,Formal Dress,Women,2099,Green,Black,Solid,Formal,3,Office,All Season,Silk Blend,Slim,CoutureLane,4.2,4649,Formal Dress in Green with Black accents. Designed for office occasions and suitable for all season wear. Made from silk blend with a solid pattern and slim fit.
P02143,Northline Essential Brown Watch,Accessory,Watch,Unisex,4299,Brown,White,Textured,Casual,1,Casual Outing,All Season,Leather,Standard,Northline,4.2,4206,Casual Watch in Brown with White accents. Designed for casual outing occasions and suitable for all season wear. Made from leather with a textured pattern and standard fit.
P00280,Northline Classic Cream Shirt,Top,Shirt,Men,2999,Cream,Maroon,Solid,Smart Casual,2,Farewell,Monsoon,Linen,Slim,Northline,4.0,2484,Smart Casual Shirt in Cream with Maroon accents. Designed for farewell occasions and suitable for monsoon wear. Made from linen with a solid pattern and slim fit.
P02092,Northline Premium Olive Watch,Accessory,Watch,Women,1099,Olive,Black,Textured,Smart Casual,2,College,All Season,Synthetic,Standard,Northline,4.3,2870,Smart Casual Watch in Olive with Black accents. Designed for college occasions and suitable for all season wear. Made from synthetic with a textured pattern and standard fit.
P01070,ModaStreet Classic Navy Printed Casual Dress,Dress,Casual Dress,Women,1599,Navy,Beige,Printed,Smart Casual,2,Farewell,Summer,Rayon,A-Line,ModaStreet,4.2,3381,Smart Casual Casual Dress in Navy with Beige accents. Designed for farewell occasions and suitable for summer wear. Made from rayon with a printed pattern and a-line fit.
P00817,CoutureLane Elegant Navy Trousers,Bottom,Trousers,Men,1299,Navy,Grey,Textured,Formal,3,Farewell,Summer,Polyester,Slim,CoutureLane,4.4,3530,Formal Trousers in Navy with Grey accents. Designed for farewell occasions and suitable for summer wear. Made from polyester with a textured pattern and slim fit.
P00318,DailyMode Classic Beige Striped Shirt,Top,Shirt,Men,2399,Beige,Olive,Striped,Smart Casual,2,Casual Outing,Monsoon,Linen,Relaxed,DailyMode,3.6,1602,Smart Casual Shirt in Beige with Olive accents. Designed for casual outing occasions and suitable for monsoon wear. Made from linen with a striped pattern and relaxed fit.
P01523,MetroFit Refined Beige Overshirt,Outerwear,Overshirt,Women,1699,Beige,Black,Textured,Smart Casual,2,Casual Outing,Monsoon,Denim,Relaxed,MetroFit,3.6,108,Smart Casual Overshirt in Beige with Black accents. Designed for casual outing occasions and suitable for monsoon wear. Made from denim with a textured pattern and relaxed fit.
P01118,CoutureLane Classic Grey Casual Dress,Dress,Casual Dress,Women,2099,Grey,Maroon,Solid,Casual,1,Casual Outing,Summer,Linen,A-Line,CoutureLane,3.5,2252,Casual Dress in Grey with Maroon accents. Designed for casual outing occasions and suitable for summer wear. Made from linen with a solid pattern and a-line fit.
P00314,ModaStreet Classic Grey Printed Shirt,Top,Shirt,Women,899,Grey,White,Printed,Formal,3,Farewell,Monsoon,Cotton,Relaxed,ModaStreet,4.0,1293,Formal Shirt in Grey with White accents. Designed for farewell occasions and suitable for monsoon wear. Made from cotton with a printed pattern and relaxed fit.
P01784,ModaStreet Classic Grey Loafers,Footwear,Loafers,Women,4899,Grey,White,Textured,Formal,3,Farewell,Winter,Suede,Standard,ModaStreet,3.5,1264,Formal Loafers in Grey with White accents. Designed for farewell occasions and suitable for winter wear. Made from suede with a textured pattern and standard fit.
P01025,Northline Festive Navy Checked Skirt,Bottom,Skirt,Women,2499,Navy,Brown,Checked,Party,2,Party,All Season,Polyester,Relaxed,Northline,4.0,3611,Party Skirt in Navy with Brown accents. Designed for party occasions and suitable for all season wear. Made from polyester with a checked pattern and relaxed fit.
P02145,CoutureLane Classic Black Watch,Accessory,Watch,Unisex,3799,Black,Beige,Solid,Formal,3,Farewell,All Season,Stainless Steel,Standard,CoutureLane,4.8,677,Formal Watch in Black with Beige accents. Designed for farewell occasions and suitable for all season wear. Made from stainless steel with a solid pattern and standard fit.
P02137,CoutureLane Everyday Green Watch,Accessory,Watch,Unisex,999,Green,Black,Solid,Casual,1,College,All Season,Stainless Steel,Standard,CoutureLane,3.5,4683,Casual Watch in Green with Black accents. Designed for college occasions and suitable for all season wear. Made from stainless steel with a solid pattern and standard fit.
P00177,DailyMode Elegant Blue Printed Shirt,Top,Shirt,Men,2399,Blue,Navy,Printed,Formal,3,Farewell,Summer,Linen,Regular,DailyMode,3.8,2752,Formal Shirt in Blue with Navy accents. Designed for farewell occasions and suitable for summer wear. Made from linen with a printed pattern and regular fit.
P00889,ClassicEdge Essential Pink Chinos,Bottom,Chinos,Men,2799,Pink,Grey,Textured,Casual,1,Casual Outing,Summer,Cotton Blend,Regular,ClassicEdge,4.4,1500,Casual Chinos in Pink with Grey accents. Designed for casual outing occasions and suitable for summer wear. Made from cotton blend with a textured pattern and regular fit.
P01227,DailyMode Premium Black Printed Formal Dress,Dress,Formal Dress,Women,3899,Black,Beige,Printed,Formal,3,Farewell,All Season,Rayon,Slim,DailyMode,3.5,1609,Formal Dress in Black with Beige accents. Designed for farewell occasions and suitable for all season wear. Made from rayon with a printed pattern and slim fit.
P00939,TrendAura Everyday Green Chinos,Bottom,Chinos,Men,1699,Green,White,Textured,Casual,1,Casual Outing,Winter,Cotton,Straight,TrendAura,3.9,4732,Casual Chinos in Green with White accents. Designed for casual outing occasions and suitable for winter wear. Made from cotton with a textured pattern and straight fit.
P00959,ClassicEdge Classic Cream Chinos,Bottom,Chinos,Men,2099,Cream,Black,Solid,Casual,1,Casual Outing,Winter,Cotton Blend,Straight,ClassicEdge,3.6,278,Casual Chinos in Cream with Black accents. Designed for casual outing occasions and suitable for winter wear. Made from cotton blend with a solid pattern and straight fit.
P00981,Northline Comfort Cream Skirt,Bottom,Skirt,Women,1899,Cream,Black,Textured,Casual,1,College,Winter,Rayon,Straight,Northline,4.7,218,Casual Skirt in Cream with Black accents. Designed for college occasions and suitable for winter wear. Made from rayon with a textured pattern and straight fit.
P00652,Northline Essential Cream Jeans,Bottom,Jeans,Women,1299,Cream,Beige,Textured,Casual,1,College,Summer,Denim,Straight,Northline,3.5,964,Casual Jeans in Cream with Beige accents. Designed for college occasions and suitable for summer wear. Made from denim with a textured pattern and straight fit.
P01212,MetroFit Elegant White Formal Dress,Dress,Formal Dress,Women,2299,White,Blue,Textured,Formal,3,Office,Summer,Polyester,Regular,MetroFit,3.8,2290,Formal Dress in White with Blue accents. Designed for office occasions and suitable for summer wear. Made from polyester with a textured pattern and regular fit.
P00559,ModaStreet Premium Maroon Jeans,Bottom,Jeans,Women,1499,Maroon,Grey,Solid,Smart Casual,2,Farewell,All Season,Denim,Relaxed,ModaStreet,3.9,1072,Smart Casual Jeans in Maroon with Grey accents. Designed for farewell occasions and suitable for all season wear. Made from denim with a solid pattern and relaxed fit.
P01896,UrbanThread Festive Green Heels,Footwear,Heels,Women,4199,Green,Beige,Solid,Party,2,Party,Summer,Synthetic,Standard,UrbanThread,3.7,250,Party Heels in Green with Beige accents. Designed for party occasions and suitable for summer wear. Made from synthetic with a solid pattern and standard fit.
P02176,CoutureLane Modern Brown Printed Shoulder Bag,Accessory,Shoulder Bag,Women,1799,Brown,Olive,Printed,Smart Casual,2,Casual Outing,Winter,Leather,Standard,CoutureLane,4.5,4061,Smart Casual Shoulder Bag in Brown with Olive accents. Designed for casual outing occasions and suitable for winter wear. Made from leather with a printed pattern and standard fit.
P00029,ModaStreet Active Blue T-Shirt,Top,T-Shirt,Unisex,1099,Blue,Beige,Textured,Sporty,1,Casual Outing,Summer,Polyester,Oversized,ModaStreet,4.7,3880,Sporty T-Shirt in Blue with Beige accents. Designed for casual outing occasions and suitable for summer wear. Made from polyester with a textured pattern and oversized fit.
P00535,MetroFit Modern Brown Jeans,Bottom,Jeans,Women,2699,Brown,Cream,Textured,Smart Casual,2,Casual Outing,All Season,Denim,Relaxed,MetroFit,3.6,1711,Smart Casual Jeans in Brown with Cream accents. Designed for casual outing occasions and suitable for all season wear. Made from denim with a textured pattern and relaxed fit.
P01099,ModaStreet Premium Grey Striped Casual Dress,Dress,Casual Dress,Women,1299,Grey,White,Striped,Smart Casual,2,Casual Outing,All Season,Rayon,Relaxed,ModaStreet,3.5,3477,Smart Casual Casual Dress in Grey with White accents. Designed for casual outing occasions and suitable for all season wear. Made from rayon with a striped pattern and relaxed fit.
P01576,MetroFit Active Brown Printed Sneakers,Footwear,Sneakers,Unisex,3099,Brown,Cream,Printed,Sporty,1,College,Winter,Synthetic,Standard,MetroFit,3.9,105,Sporty Sneakers in Brown with Cream accents. Designed for college occasions and suitable for winter wear. Made from synthetic with a printed pattern and standard fit.
P01014,Northline Premium Beige Skirt,Bottom,Skirt,Women,1399,Beige,White,Textured,Smart Casual,2,Casual Outing,All Season,Polyester,Straight,Northline,4.7,1036,Smart Casual Skirt in Beige with White accents. Designed for casual outing occasions and suitable for all season wear. Made from polyester with a textured pattern and straight fit.
P00962,DailyMode Classic Brown Skirt,Bottom,Skirt,Women,2299,Brown,Navy,Textured,Smart Casual,2,College,Summer,Denim,A-Line,DailyMode,4.6,873,Smart Casual Skirt in Brown with Navy accents. Designed for college occasions and suitable for summer wear. Made from denim with a textured pattern and a-line fit.
P00514,ModaStreet Classic White Knit Top,Top,Knit Top,Women,1299,White,Grey,Textured,Casual,1,College,All Season,Rayon,Regular,ModaStreet,4.6,4601,Casual Knit Top in White with Grey accents. Designed for college occasions and suitable for all season wear. Made from rayon with a textured pattern and regular fit.
P01510,UrbanThread Premium Grey Overshirt,Outerwear,Overshirt,Women,1799,Grey,White,Solid,Smart Casual,2,Casual Outing,Winter,Denim,Relaxed,UrbanThread,3.8,1210,Smart Casual Overshirt in Grey with White accents. Designed for casual outing occasions and suitable for winter wear. Made from denim with a solid pattern and relaxed fit.
P01127,StyleCraft Everyday Navy Printed Casual Dress,Dress,Casual Dress,Women,2099,Navy,Blue,Printed,Casual,1,Casual Outing,Summer,Cotton,Regular,StyleCraft,4.1,999,Casual Dress in Navy with Blue accents. Designed for casual outing occasions and suitable for summer wear. Made from cotton with a printed pattern and regular fit.
P00928,MetroFit Comfort Navy Chinos,Bottom,Chinos,Men,2299,Navy,Brown,Solid,Casual,1,College,Winter,Cotton,Straight,MetroFit,4.3,4845,Casual Chinos in Navy with Brown accents. Designed for college occasions and suitable for winter wear. Made from cotton with a solid pattern and straight fit.
P00446,MetroFit Modern Blue Striped Knit Top,Top,Knit Top,Women,1099,Blue,Black,Striped,Smart Casual,2,Farewell,All Season,Wool Blend,Regular,MetroFit,4.4,3735,Smart Casual Knit Top in Blue with Black accents. Designed for farewell occasions and suitable for all season wear. Made from wool blend with a striped pattern and regular fit.
P00945,DailyMode Essential Pink Chinos,Bottom,Chinos,Men,1299,Pink,Grey,Textured,Casual,1,College,Winter,Cotton Blend,Regular,DailyMode,3.6,3078,Casual Chinos in Pink with Grey accents. Designed for college occasions and suitable for winter wear. Made from cotton blend with a textured pattern and regular fit.
P00741,TrendAura Modern White Trousers,Bottom,Trousers,Men,1599,White,Olive,Textured,Smart Casual,2,College,All Season,Cotton,Regular,TrendAura,4.7,383,Smart Casual Trousers in White with Olive accents. Designed for college occasions and suitable for all season wear. Made from cotton with a textured pattern and regular fit.
P01804,TrendAura Elegant Brown Formal Shoes,Footwear,Formal Shoes,Men,3699,Brown,White,Textured,Formal,3,Farewell,All Season,Faux Leather,Standard,TrendAura,4.0,4745,Formal Shoes in Brown with White accents. Designed for farewell occasions and suitable for all season wear. Made from faux leather with a textured pattern and standard fit.
P02182,CoutureLane Classic Olive Shoulder Bag,Accessory,Shoulder Bag,Unisex,1399,Olive,Beige,Textured,Casual,1,College,All Season,Faux Leather,Standard,CoutureLane,4.2,1781,Casual Shoulder Bag in Olive with Beige accents. Designed for college occasions and suitable for all season wear. Made from faux leather with a textured pattern and standard fit.
P00527,CoutureLane Refined Grey Knit Top,Top,Knit Top,Women,1099,Grey,Blue,Textured,Smart Casual,2,Farewell,All Season,Cotton,Regular,CoutureLane,3.5,457,Smart Casual Knit Top in Grey with Blue accents. Designed for farewell occasions and suitable for all season wear. Made from cotton with a textured pattern and regular fit.
P00319,Northline Classic White Checked Shirt,Top,Shirt,Men,1199,White,Grey,Checked,Smart Casual,2,College,Summer,Cotton,Relaxed,Northline,3.8,3590,Smart Casual Shirt in White with Grey accents. Designed for college occasions and suitable for summer wear. Made from cotton with a checked pattern and relaxed fit.
P00902,CoutureLane Classic Navy Chinos,Bottom,Chinos,Men,1399,Navy,Beige,Solid,Casual,1,College,Winter,Cotton,Regular,CoutureLane,3.7,3904,Casual Chinos in Navy with Beige accents. Designed for college occasions and suitable for winter wear. Made from cotton with a solid pattern and regular fit.
P01566,StyleCraft Modern Maroon Sneakers,Footwear,Sneakers,Men,1899,Maroon,Beige,Solid,Smart Casual,2,Casual Outing,All Season,Synthetic,Standard,StyleCraft,3.8,4168,Smart Casual Sneakers in Maroon with Beige accents. Designed for casual outing occasions and suitable for all season wear. Made from synthetic with a solid pattern and standard fit.
P01951,ClassicEdge Modern Grey Sandals,Footwear,Sandals,Women,1299,Grey,Beige,Solid,Smart Casual,2,Casual Outing,Summer,Leather,Standard,ClassicEdge,3.7,3449,Smart Casual Sandals in Grey with Beige accents. Designed for casual outing occasions and suitable for summer wear. Made from leather with a solid pattern and standard fit.
P02030,ClassicEdge Classic Navy Sandals,Footwear,Sandals,Women,2199,Navy,Brown,Textured,Casual,1,Casual Outing,Summer,Faux Leather,Standard,ClassicEdge,4.6,1245,Casual Sandals in Navy with Brown accents. Designed for casual outing occasions and suitable for summer wear. Made from faux leather with a textured pattern and standard fit.
P01664,ModaStreet Classic Beige Printed Sneakers,Footwear,Sneakers,Men,2599,Beige,White,Printed,Smart Casual,2,Casual Outing,All Season,Synthetic,Standard,ModaStreet,4.1,56,Smart Casual Sneakers in Beige with White accents. Designed for casual outing occasions and suitable for all season wear. Made from synthetic with a printed pattern and standard fit.
P01549,TrendAura Refined Cream Overshirt,Outerwear,Overshirt,Men,2099,Cream,Navy,Solid,Smart Casual,2,Farewell,All Season,Denim,Oversized,TrendAura,3.8,4104,Smart Casual Overshirt in Cream with Navy accents. Designed for farewell occasions and suitable for all season wear. Made from denim with a solid pattern and oversized fit.
P02171,VibeWear Festive Olive Printed Shoulder Bag,Accessory,Shoulder Bag,Unisex,1699,Olive,White,Printed,Party,2,Party,Summer,Leather,Standard,VibeWear,4.4,2174,Party Shoulder Bag in Olive with White accents. Designed for party occasions and suitable for summer wear. Made from leather with a printed pattern and standard fit.
P00837,VibeWear Classic Olive Checked Trousers,Bottom,Trousers,Men,2499,Olive,Black,Checked,Smart Casual,2,Farewell,Winter,Polyester,Regular,VibeWear,4.5,904,Smart Casual Trousers in Olive with Black accents. Designed for farewell occasions and suitable for winter wear. Made from polyester with a checked pattern and regular fit.
P01246,ClassicEdge Stylish Navy Printed Formal Dress,Dress,Formal Dress,Women,2499,Navy,Grey,Printed,Party,2,Party,All Season,Silk Blend,A-Line,ClassicEdge,4.6,4153,Party Formal Dress in Navy with Grey accents. Designed for party occasions and suitable for all season wear. Made from silk blend with a printed pattern and a-line fit.
P00555,TrendAura Refined Green Jeans,Bottom,Jeans,Women,2499,Green,Beige,Solid,Smart Casual,2,Casual Outing,All Season,Denim,Relaxed,TrendAura,4.6,260,Smart Casual Jeans in Green with Beige accents. Designed for casual outing occasions and suitable for all season wear. Made from denim with a solid pattern and relaxed fit.
P00282,MetroFit Comfort Beige Striped Shirt,Top,Shirt,Women,2299,Beige,Navy,Striped,Casual,1,College,Winter,Rayon,Slim,MetroFit,4.7,3879,Casual Shirt in Beige with Navy accents. Designed for college occasions and suitable for winter wear. Made from rayon with a striped pattern and slim fit.
P01247,DailyMode Stylish Green Formal Dress,Dress,Formal Dress,Women,3599,Green,Cream,Solid,Party,2,Farewell,Winter,Polyester,A-Line,DailyMode,4.2,652,Party Formal Dress in Green with Cream accents. Designed for farewell occasions and suitable for winter wear. Made from polyester with a solid pattern and a-line fit.
P02200,StyleCraft Refined Maroon Shoulder Bag,Accessory,Shoulder Bag,Women,2199,Maroon,Navy,Textured,Smart Casual,2,College,Summer,Leather,Standard,StyleCraft,4.9,1189,Smart Casual Shoulder Bag in Maroon with Navy accents. Designed for college occasions and suitable for summer wear. Made from leather with a textured pattern and standard fit.
P01854,StyleCraft Premium Maroon Formal Shoes,Footwear,Formal Shoes,Men,3399,Maroon,Black,Textured,Formal,3,Office,Winter,Faux Leather,Standard,StyleCraft,4.5,3170,Formal Shoes in Maroon with Black accents. Designed for office occasions and suitable for winter wear. Made from faux leather with a textured pattern and standard fit.
P01633,MetroFit Classic Olive Printed Sneakers,Footwear,Sneakers,Men,1999,Olive,White,Printed,Smart Casual,2,Casual Outing,Winter,Leather,Standard,MetroFit,3.8,308,Smart Casual Sneakers in Olive with White accents. Designed for casual outing occasions and suitable for winter wear. Made from leather with a printed pattern and standard fit.
P01514,Northline Classic Beige Checked Overshirt,Outerwear,Overshirt,Men,1899,Beige,Maroon,Checked,Smart Casual,2,Farewell,Winter,Cotton,Relaxed,Northline,3.6,3188,Smart Casual Overshirt in Beige with Maroon accents. Designed for farewell occasions and suitable for winter wear. Made from cotton with a checked pattern and relaxed fit.
P01878,Northline Statement Green Heels,Footwear,Heels,Women,2699,Green,Beige,Solid,Party,2,Party,All Season,Faux Leather,Standard,Northline,4.1,2874,Party Heels in Green with Beige accents. Designed for party occasions and suitable for all season wear. Made from faux leather with a solid pattern and standard fit.
P00530,UrbanThread Refined Olive Knit Top,Top,Knit Top,Women,1599,Olive,Beige,Textured,Smart Casual,2,Casual Outing,All Season,Rayon,Slim,UrbanThread,4.7,1369,Smart Casual Knit Top in Olive with Beige accents. Designed for casual outing occasions and suitable for all season wear. Made from rayon with a textured pattern and slim fit.
P00597,ModaStreet Classic Olive Jeans,Bottom,Jeans,Women,2999,Olive,Beige,Textured,Casual,1,Casual Outing,Monsoon,Cotton,Straight,ModaStreet,4.1,2524,Casual Jeans in Olive with Beige accents. Designed for casual outing occasions and suitable for monsoon wear. Made from cotton with a textured pattern and straight fit.
P00109,StyleCraft Essential Grey T-Shirt,Top,T-Shirt,Men,1199,Grey,Black,Solid,Casual,1,College,Monsoon,Polyester,Relaxed,StyleCraft,4.3,361,Casual T-Shirt in Grey with Black accents. Designed for college occasions and suitable for monsoon wear. Made from polyester with a solid pattern and relaxed fit.
P01134,ModaStreet Essential Black Printed Casual Dress,Dress,Casual Dress,Women,1399,Black,Navy,Printed,Casual,1,Casual Outing,Summer,Cotton,Regular,ModaStreet,3.9,1855,Casual Dress in Black with Navy accents. Designed for casual outing occasions and suitable for summer wear. Made from cotton with a printed pattern and regular fit.
P01182,ModaStreet Everyday Blue Casual Dress,Dress,Casual Dress,Women,3499,Blue,Grey,Solid,Casual,1,College,All Season,Cotton,Regular,ModaStreet,4.3,2998,Casual Dress in Blue with Grey accents. Designed for college occasions and suitable for all season wear. Made from cotton with a solid pattern and regular fit.
P00864,ClassicEdge Comfort Pink Chinos,Bottom,Chinos,Men,1999,Pink,Black,Textured,Casual,1,Casual Outing,All Season,Cotton Blend,Slim,ClassicEdge,4.6,126,Casual Chinos in Pink with Black accents. Designed for casual outing occasions and suitable for all season wear. Made from cotton blend with a textured pattern and slim fit.
P00343,Northline Statement Grey Blouse,Top,Blouse,Women,1699,Grey,Blue,Solid,Party,2,Farewell,All Season,Silk Blend,Regular,Northline,4.3,4479,Party Blouse in Grey with Blue accents. Designed for farewell occasions and suitable for all season wear. Made from silk blend with a solid pattern and regular fit.
P00163,CoutureLane Premium Green Striped Shirt,Top,Shirt,Men,1399,Green,White,Striped,Smart Casual,2,Farewell,Summer,Linen,Regular,CoutureLane,4.1,4141,Smart Casual Shirt in Green with White accents. Designed for farewell occasions and suitable for summer wear. Made from linen with a striped pattern and regular fit.
P01502,TrendAura Classic Grey Overshirt,Outerwear,Overshirt,Men,2799,Grey,Maroon,Textured,Casual,1,College,Winter,Linen,Oversized,TrendAura,4.4,3188,Casual Overshirt in Grey with Maroon accents. Designed for college occasions and suitable for winter wear. Made from linen with a textured pattern and oversized fit.
P01062,UrbanThread Classic Grey Striped Casual Dress,Dress,Casual Dress,Women,2599,Grey,White,Striped,Smart Casual,2,Farewell,Summer,Rayon,Relaxed,UrbanThread,4.5,4460,Smart Casual Casual Dress in Grey with White accents. Designed for farewell occasions and suitable for summer wear. Made from rayon with a striped pattern and relaxed fit.
P02046,MetroFit Executive Beige Belt,Accessory,Belt,Women,999,Beige,Olive,Solid,Formal,3,Farewell,All Season,Faux Leather,Standard,MetroFit,4.7,487,Formal Belt in Beige with Olive accents. Designed for farewell occasions and suitable for all season wear. Made from faux leather with a solid pattern and standard fit.
P00309,DailyMode Premium White Checked Shirt,Top,Shirt,Women,2699,White,Brown,Checked,Formal,3,Office,Winter,Rayon,Relaxed,DailyMode,4.3,3444,Formal Shirt in White with Brown accents. Designed for office occasions and suitable for winter wear. Made from rayon with a checked pattern and relaxed fit.
P01552,TrendAura Refined Green Sneakers,Footwear,Sneakers,Men,3299,Green,Beige,Textured,Smart Casual,2,Farewell,All Season,Mesh,Standard,TrendAura,4.4,1498,Smart Casual Sneakers in Green with Beige accents. Designed for farewell occasions and suitable for all season wear. Made from mesh with a textured pattern and standard fit.
P01331,StyleCraft Classic Green Blazer,Outerwear,Blazer,Women,3999,Green,Cream,Solid,Formal,3,Farewell,All Season,Wool Blend,Regular,StyleCraft,4.3,1203,Formal Blazer in Green with Cream accents. Designed for farewell occasions and suitable for all season wear. Made from wool blend with a solid pattern and regular fit.
P01321,ModaStreet Executive Beige Blazer,Outerwear,Blazer,Men,2699,Beige,White,Solid,Formal,3,Farewell,All Season,Cotton Blend,Regular,ModaStreet,3.6,2538,Formal Blazer in Beige with White accents. Designed for farewell occasions and suitable for all season wear. Made from cotton blend with a solid pattern and regular fit.
P01259,VibeWear Elegant Green Formal Dress,Dress,Formal Dress,Women,3099,Green,White,Textured,Party,2,Party,All Season,Silk Blend,Regular,VibeWear,4.8,1736,Party Formal Dress in Green with White accents. Designed for party occasions and suitable for all season wear. Made from silk blend with a textured pattern and regular fit.
P02216,MetroFit Refined Brown Printed Shoulder Bag,Accessory,Shoulder Bag,Unisex,2999,Brown,Black,Printed,Smart Casual,2,College,Winter,Canvas,Standard,MetroFit,4.5,3365,Smart Casual Shoulder Bag in Brown with Black accents. Designed for college occasions and suitable for winter wear. Made from canvas with a printed pattern and standard fit.
P00342,UrbanThread Essential Brown Blouse,Top,Blouse,Women,1499,Brown,Cream,Solid,Casual,1,College,All Season,Rayon,Relaxed,UrbanThread,4.8,3974,Casual Blouse in Brown with Cream accents. Designed for college occasions and suitable for all season wear. Made from rayon with a solid pattern and relaxed fit.
P01747,MetroFit Executive Beige Loafers,Footwear,Loafers,Women,4599,Beige,Olive,Textured,Formal,3,Office,Winter,Leather,Standard,MetroFit,4.6,4789,Formal Loafers in Beige with Olive accents. Designed for office occasions and suitable for winter wear. Made from leather with a textured pattern and standard fit.
P01097,ClassicEdge Essential Black Casual Dress,Dress,Casual Dress,Women,2999,Black,Beige,Solid,Casual,1,College,Summer,Rayon,A-Line,ClassicEdge,3.7,2259,Casual Dress in Black with Beige accents. Designed for college occasions and suitable for summer wear. Made from rayon with a solid pattern and a-line fit.
P01383,DailyMode Modern Grey Checked Blazer,Outerwear,Blazer,Men,3899,Grey,Blue,Checked,Smart Casual,2,Farewell,Winter,Wool Blend,Regular,DailyMode,4.7,1538,Smart Casual Blazer in Grey with Blue accents. Designed for farewell occasions and suitable for winter wear. Made from wool blend with a checked pattern and regular fit.
P01006,MetroFit Essential Beige Printed Skirt,Bottom,Skirt,Women,2499,Beige,White,Printed,Casual,1,Casual Outing,Summer,Cotton,A-Line,MetroFit,4.7,1563,Casual Skirt in Beige with White accents. Designed for casual outing occasions and suitable for summer wear. Made from cotton with a printed pattern and a-line fit.
P01365,DailyMode Premium Blue Checked Blazer,Outerwear,Blazer,Women,6199,Blue,Brown,Checked,Smart Casual,2,Casual Outing,Winter,Wool Blend,Slim,DailyMode,4.3,958,Smart Casual Blazer in Blue with Brown accents. Designed for casual outing occasions and suitable for winter wear. Made from wool blend with a checked pattern and slim fit.
P01147,VibeWear Refined Blue Printed Casual Dress,Dress,Casual Dress,Women,2299,Blue,Beige,Printed,Smart Casual,2,College,Summer,Rayon,A-Line,VibeWear,4.2,3396,Smart Casual Casual Dress in Blue with Beige accents. Designed for college occasions and suitable for summer wear. Made from rayon with a printed pattern and a-line fit.
P00586,TrendAura Classic Brown Jeans,Bottom,Jeans,Men,2799,Brown,Black,Textured,Smart Casual,2,College,Winter,Denim,Slim,TrendAura,4.6,2988,Smart Casual Jeans in Brown with Black accents. Designed for college occasions and suitable for winter wear. Made from denim with a textured pattern and slim fit.
P00647,VibeWear Classic Pink Jeans,Bottom,Jeans,Women,2799,Pink,Beige,Textured,Casual,1,Casual Outing,Winter,Cotton,Slim,VibeWear,4.5,3784,Casual Jeans in Pink with Beige accents. Designed for casual outing occasions and suitable for winter wear. Made from cotton with a textured pattern and slim fit.
P02270,UrbanThread Performance Maroon Printed Backpack,Accessory,Backpack,Men,999,Maroon,Black,Printed,Sporty,1,Casual Outing,Monsoon,Polyester,Standard,UrbanThread,4.6,4970,Sporty Backpack in Maroon with Black accents. Designed for casual outing occasions and suitable for monsoon wear. Made from polyester with a printed pattern and standard fit.
P00930,MetroFit Classic Olive Chinos,Bottom,Chinos,Men,2399,Olive,Cream,Solid,Smart Casual,2,Casual Outing,Winter,Cotton,Regular,MetroFit,4.2,2020,Smart Casual Chinos in Olive with Cream accents. Designed for casual outing occasions and suitable for winter wear. Made from cotton with a solid pattern and regular fit.
P00373,TrendAura Premium Navy Striped Blouse,Top,Blouse,Women,1499,Navy,Blue,Striped,Formal,3,Farewell,Winter,Silk Blend,Regular,TrendAura,3.9,3483,Formal Blouse in Navy with Blue accents. Designed for farewell occasions and suitable for winter wear. Made from silk blend with a striped pattern and regular fit.
P02245,TrendAura Dynamic Grey Printed Backpack,Accessory,Backpack,Women,1299,Grey,White,Printed,Sporty,1,College,All Season,Canvas,Standard,TrendAura,3.7,2168,Sporty Backpack in Grey with White accents. Designed for college occasions and suitable for all season wear. Made from canvas with a printed pattern and standard fit.
P00911,MetroFit Everyday Navy Chinos,Bottom,Chinos,Men,1599,Navy,Grey,Solid,Casual,1,Casual Outing,All Season,Cotton,Straight,MetroFit,4.6,4836,Casual Chinos in Navy with Grey accents. Designed for casual outing occasions and suitable for all season wear. Made from cotton with a solid pattern and straight fit.
P01810,VibeWear Classic Green Formal Shoes,Footwear,Formal Shoes,Men,2999,Green,Black,Textured,Formal,3,Farewell,Winter,Faux Leather,Standard,VibeWear,3.6,2366,Formal Shoes in Green with Black accents. Designed for farewell occasions and suitable for winter wear. Made from faux leather with a textured pattern and standard fit.
P00478,TrendAura Essential White Knit Top,Top,Knit Top,Women,1099,White,Beige,Solid,Casual,1,Casual Outing,All Season,Cotton,Regular,TrendAura,3.8,2244,Casual Knit Top in White with Beige accents. Designed for casual outing occasions and suitable for all season wear. Made from cotton with a solid pattern and regular fit.
P01047,VibeWear Essential Black Checked Skirt,Bottom,Skirt,Women,1599,Black,White,Checked,Casual,1,Casual Outing,Winter,Rayon,Relaxed,VibeWear,4.0,4430,Casual Skirt in Black with White accents. Designed for casual outing occasions and suitable for winter wear. Made from rayon with a checked pattern and relaxed fit.
P00298,TrendAura Premium Olive Shirt,Top,Shirt,Men,999,Olive,Beige,Solid,Formal,3,Office,All Season,Rayon,Slim,TrendAura,3.6,2599,Formal Shirt in Olive with Beige accents. Designed for office occasions and suitable for all season wear. Made from rayon with a solid pattern and slim fit.
P00258,Northline Classic Olive Striped Shirt,Top,Shirt,Women,2299,Olive,Cream,Striped,Casual,1,College,Monsoon,Linen,Regular,Northline,3.6,298,Casual Shirt in Olive with Cream accents. Designed for college occasions and suitable for monsoon wear. Made from linen with a striped pattern and regular fit.
P01146,DailyMode Modern Olive Printed Casual Dress,Dress,Casual Dress,Women,2099,Olive,Black,Printed,Smart Casual,2,Farewell,Summer,Rayon,A-Line,DailyMode,4.4,2247,Smart Casual Casual Dress in Olive with Black accents. Designed for farewell occasions and suitable for summer wear. Made from rayon with a printed pattern and a-line fit.
P00114,ClassicEdge Essential Navy T-Shirt,Top,T-Shirt,Women,799,Navy,Beige,Solid,Casual,1,College,All Season,Polyester,Relaxed,ClassicEdge,3.8,1151,Casual T-Shirt in Navy with Beige accents. Designed for college occasions and suitable for all season wear. Made from polyester with a solid pattern and relaxed fit.
P00087,UrbanThread Dynamic Maroon T-Shirt,Top,T-Shirt,Unisex,899,Maroon,Beige,Solid,Sporty,1,College,Summer,Polyester,Relaxed,UrbanThread,3.8,1025,Sporty T-Shirt in Maroon with Beige accents. Designed for college occasions and suitable for summer wear. Made from polyester with a solid pattern and relaxed fit.
P00856,StyleCraft Modern Brown Chinos,Bottom,Chinos,Men,1399,Brown,Black,Textured,Smart Casual,2,College,All Season,Cotton,Regular,StyleCraft,3.9,4478,Smart Casual Chinos in Brown with Black accents. Designed for college occasions and suitable for all season wear. Made from cotton with a textured pattern and regular fit.
P02010,ModaStreet Essential White Sandals,Footwear,Sandals,Unisex,1999,White,Olive,Textured,Casual,1,Casual Outing,All Season,Leather,Standard,ModaStreet,3.7,1326,Casual Sandals in White with Olive accents. Designed for casual outing occasions and suitable for all season wear. Made from leather with a textured pattern and standard fit.
P00327,MetroFit Comfort Olive Printed Blouse,Top,Blouse,Women,1199,Olive,Black,Printed,Casual,1,College,All Season,Rayon,Slim,MetroFit,4.3,3010,Casual Blouse in Olive with Black accents. Designed for college occasions and suitable for all season wear. Made from rayon with a printed pattern and slim fit.
P00175,CoutureLane Elegant Navy Checked Shirt,Top,Shirt,Women,1599,Navy,Cream,Checked,Formal,3,Office,Monsoon,Linen,Slim,CoutureLane,3.9,1207,Formal Shirt in Navy with Cream accents. Designed for office occasions and suitable for monsoon wear. Made from linen with a checked pattern and slim fit.
P00984,StyleCraft Comfort Olive Skirt,Bottom,Skirt,Women,2299,Olive,White,Textured,Casual,1,College,Winter,Denim,Straight,StyleCraft,4.7,1257,Casual Skirt in Olive with White accents. Designed for college occasions and suitable for winter wear. Made from denim with a textured pattern and straight fit.
P00051,ClassicEdge Sport Beige Printed T-Shirt,Top,T-Shirt,Women,1399,Beige,Navy,Printed,Sporty,1,Casual Outing,Monsoon,Polyester,Regular,ClassicEdge,4.5,2288,Sporty T-Shirt in Beige with Navy accents. Designed for casual outing occasions and suitable for monsoon wear. Made from polyester with a printed pattern and regular fit.
P01469,StyleCraft Essential Maroon Denim Jacket,Outerwear,Denim Jacket,Men,2999,Maroon,Beige,Textured,Casual,1,Casual Outing,Winter,Denim,Oversized,StyleCraft,3.7,4673,Casual Denim Jacket in Maroon with Beige accents. Designed for casual outing occasions and suitable for winter wear. Made from denim with a textured pattern and oversized fit.
P01631,Northline Classic Pink Sneakers,Footwear,Sneakers,Men,4099,Pink,Black,Solid,Smart Casual,2,Farewell,Winter,Canvas,Standard,Northline,4.5,599,Smart Casual Sneakers in Pink with Black accents. Designed for farewell occasions and suitable for winter wear. Made from canvas with a solid pattern and standard fit.
P01499,MetroFit Comfort Brown Checked Overshirt,Outerwear,Overshirt,Women,1899,Brown,White,Checked,Casual,1,Casual Outing,Winter,Denim,Regular,MetroFit,4.0,428,Casual Overshirt in Brown with White accents. Designed for casual outing occasions and suitable for winter wear. Made from denim with a checked pattern and regular fit.
P00231,VibeWear Everyday Navy Striped Shirt,Top,Shirt,Men,899,Navy,Blue,Striped,Casual,1,College,All Season,Rayon,Slim,VibeWear,4.0,3542,Casual Shirt in Navy with Blue accents. Designed for college occasions and suitable for all season wear. Made from rayon with a striped pattern and slim fit.
P00301,CoutureLane Everyday Olive Checked Shirt,Top,Shirt,Men,2399,Olive,Cream,Checked,Casual,1,Casual Outing,Monsoon,Linen,Slim,CoutureLane,4.1,997,Casual Shirt in Olive with Cream accents. Designed for casual outing occasions and suitable for monsoon wear. Made from linen with a checked pattern and slim fit.
P01884,ModaStreet Elegant Beige Heels,Footwear,Heels,Women,4899,Beige,Olive,Textured,Party,2,Party,Summer,Suede,Standard,ModaStreet,4.5,3102,Party Heels in Beige with Olive accents. Designed for party occasions and suitable for summer wear. Made from suede with a textured pattern and standard fit.
P00774,ModaStreet Refined Beige Trousers,Bottom,Trousers,Men,2399,Beige,Navy,Solid,Smart Casual,2,College,Winter,Cotton,Straight,ModaStreet,4.8,3970,Smart Casual Trousers in Beige with Navy accents. Designed for college occasions and suitable for winter wear. Made from cotton with a solid pattern and straight fit.
P01982,DailyMode Classic White Sandals,Footwear,Sandals,Unisex,2099,White,Brown,Solid,Smart Casual,2,College,Summer,Synthetic,Standard,DailyMode,4.9,4263,Smart Casual Sandals in White with Brown accents. Designed for college occasions and suitable for summer wear. Made from synthetic with a solid pattern and standard fit.
P00323,ModaStreet Festive Grey Printed Blouse,Top,Blouse,Women,1899,Grey,Maroon,Printed,Party,2,Party,All Season,Rayon,Relaxed,ModaStreet,4.8,116,Party Blouse in Grey with Maroon accents. Designed for party occasions and suitable for all season wear. Made from rayon with a printed pattern and relaxed fit.
P01939,ClassicEdge Classic Beige Heels,Footwear,Heels,Women,4899,Beige,Olive,Textured,Formal,3,Office,Winter,Faux Leather,Standard,ClassicEdge,4.6,4877,Formal Heels in Beige with Olive accents. Designed for office occasions and suitable for winter wear. Made from faux leather with a textured pattern and standard fit.
P00149,DailyMode Dynamic Maroon Striped T-Shirt,Top,T-Shirt,Unisex,1599,Maroon,Navy,Striped,Sporty,1,College,Summer,Polyester,Relaxed,DailyMode,4.3,3915,Sporty T-Shirt in Maroon with Navy accents. Designed for college occasions and suitable for summer wear. Made from polyester with a striped pattern and relaxed fit.
P01205,UrbanThread Executive Maroon Formal Dress,Dress,Formal Dress,Women,2199,Maroon,Beige,Solid,Formal,3,Office,Summer,Rayon,Slim,UrbanThread,3.7,2827,Formal Dress in Maroon with Beige accents. Designed for office occasions and suitable for summer wear. Made from rayon with a solid pattern and slim fit.
P00474,Northline Classic Pink Striped Knit Top,Top,Knit Top,Women,699,Pink,White,Striped,Casual,1,Casual Outing,Winter,Rayon,Slim,Northline,3.7,434,Casual Knit Top in Pink with White accents. Designed for casual outing occasions and suitable for winter wear. Made from rayon with a striped pattern and slim fit.
P00487,Northline Refined Brown Knit Top,Top,Knit Top,Women,1699,Brown,Navy,Textured,Smart Casual,2,Casual Outing,All Season,Rayon,Relaxed,Northline,4.1,1846,Smart Casual Knit Top in Brown with Navy accents. Designed for casual outing occasions and suitable for all season wear. Made from rayon with a textured pattern and relaxed fit.
P00397,UrbanThread Classic Green Printed Blouse,Top,Blouse,Women,2399,Green,Brown,Printed,Formal,3,Office,Winter,Rayon,Relaxed,UrbanThread,3.6,4448,Formal Blouse in Green with Brown accents. Designed for office occasions and suitable for winter wear. Made from rayon with a printed pattern and relaxed fit.
P01403,ClassicEdge Classic Pink Denim Jacket,Outerwear,Denim Jacket,Men,2599,Pink,Grey,Solid,Casual,1,Casual Outing,Monsoon,Cotton,Relaxed,ClassicEdge,4.4,1904,Casual Denim Jacket in Pink with Grey accents. Designed for casual outing occasions and suitable for monsoon wear. Made from cotton with a solid pattern and relaxed fit.
P00152,Northline Essential Brown Striped T-Shirt,Top,T-Shirt,Women,1299,Brown,Navy,Striped,Casual,1,Casual Outing,Summer,Polyester,Regular,Northline,4.6,3888,Casual T-Shirt in Brown with Navy accents. Designed for casual outing occasions and suitable for summer wear. Made from polyester with a striped pattern and regular fit.
P00374,VibeWear Classic Cream Blouse,Top,Blouse,Women,1399,Cream,Olive,Textured,Smart Casual,2,College,All Season,Silk Blend,Relaxed,VibeWear,4.7,1519,Smart Casual Blouse in Cream with Olive accents. Designed for college occasions and suitable for all season wear. Made from silk blend with a textured pattern and relaxed fit.
P00784,MetroFit Premium Brown Checked Trousers,Bottom,Trousers,Men,1399,Brown,White,Checked,Formal,3,Office,Summer,Wool Blend,Regular,MetroFit,4.6,4758,Formal Trousers in Brown with White accents. Designed for office occasions and suitable for summer wear. Made from wool blend with a checked pattern and regular fit.
P02159,VibeWear Modern Blue Watch,Accessory,Watch,Women,1399,Blue,Black,Solid,Smart Casual,2,College,All Season,Stainless Steel,Standard,VibeWear,4.7,2758,Smart Casual Watch in Blue with Black accents. Designed for college occasions and suitable for all season wear. Made from stainless steel with a solid pattern and standard fit.
P02283,UrbanThread Sport Maroon Backpack,Accessory,Backpack,Unisex,1199,Maroon,Navy,Solid,Sporty,1,Casual Outing,Winter,Polyester,Standard,UrbanThread,4.8,1384,Sporty Backpack in Maroon with Navy accents. Designed for casual outing occasions and suitable for winter wear. Made from polyester with a solid pattern and standard fit.
P00975,DailyMode Comfort Maroon Skirt,Bottom,Skirt,Women,1899,Maroon,Grey,Textured,Casual,1,College,Winter,Denim,A-Line,DailyMode,3.9,4384,Casual Skirt in Maroon with Grey accents. Designed for college occasions and suitable for winter wear. Made from denim with a textured pattern and a-line fit.
P01745,DailyMode Modern Navy Loafers,Footwear,Loafers,Men,2799,Navy,Brown,Textured,Smart Casual,2,Casual Outing,Summer,Faux Leather,Standard,DailyMode,4.5,1441,Smart Casual Loafers in Navy with Brown accents. Designed for casual outing occasions and suitable for summer wear. Made from faux leather with a textured pattern and standard fit.
P02266,DailyMode Active Olive Backpack,Accessory,Backpack,Men,1499,Olive,Cream,Textured,Sporty,1,College,Summer,Canvas,Standard,DailyMode,3.6,3225,Sporty Backpack in Olive with Cream accents. Designed for college occasions and suitable for summer wear. Made from canvas with a textured pattern and standard fit.
P00937,CoutureLane Refined Blue Chinos,Bottom,Chinos,Men,1299,Blue,Black,Textured,Smart Casual,2,Farewell,All Season,Cotton,Regular,CoutureLane,3.8,3591,Smart Casual Chinos in Blue with Black accents. Designed for farewell occasions and suitable for all season wear. Made from cotton with a textured pattern and regular fit.
P00068,UrbanThread Classic Olive Striped T-Shirt,Top,T-Shirt,Women,1599,Olive,Beige,Striped,Casual,1,College,All Season,Cotton,Oversized,UrbanThread,3.7,4537,Casual T-Shirt in Olive with Beige accents. Designed for college occasions and suitable for all season wear. Made from cotton with a striped pattern and oversized fit.
P02150,ModaStreet Elegant White Watch,Accessory,Watch,Unisex,3299,White,Grey,Solid,Formal,3,Farewell,All Season,Synthetic,Standard,ModaStreet,3.8,3603,Formal Watch in White with Grey accents. Designed for farewell occasions and suitable for all season wear. Made from synthetic with a solid pattern and standard fit.
P01413,Northline Comfort Black Denim Jacket,Outerwear,Denim Jacket,Men,2799,Black,Cream,Textured,Casual,1,College,Winter,Cotton,Relaxed,Northline,4.4,721,Casual Denim Jacket in Black with Cream accents. Designed for college occasions and suitable for winter wear. Made from cotton with a textured pattern and relaxed fit.
P01589,Northline Comfort Maroon Sneakers,Footwear,Sneakers,Women,4999,Maroon,Navy,Solid,Casual,1,Casual Outing,All Season,Synthetic,Standard,Northline,3.9,2656,Casual Sneakers in Maroon with Navy accents. Designed for casual outing occasions and suitable for all season wear. Made from synthetic with a solid pattern and standard fit.
P00428,DailyMode Elegant Beige Striped Blouse,Top,Blouse,Women,799,Beige,Navy,Striped,Party,2,Party,All Season,Rayon,Regular,DailyMode,4.4,2332,Party Blouse in Beige with Navy accents. Designed for party occasions and suitable for all season wear. Made from rayon with a striped pattern and regular fit.
P01197,MetroFit Elegant Brown Formal Dress,Dress,Formal Dress,Women,4499,Brown,Olive,Textured,Party,2,Party,Summer,Polyester,A-Line,MetroFit,4.6,347,Party Formal Dress in Brown with Olive accents. Designed for party occasions and suitable for summer wear. Made from polyester with a textured pattern and a-line fit.
P00425,StyleCraft Comfort Brown Blouse,Top,Blouse,Women,2299,Brown,Olive,Textured,Casual,1,Casual Outing,Winter,Cotton,Regular,StyleCraft,3.7,2273,Casual Blouse in Brown with Olive accents. Designed for casual outing occasions and suitable for winter wear. Made from cotton with a textured pattern and regular fit.
P00115,MetroFit Essential Pink T-Shirt,Top,T-Shirt,Unisex,699,Pink,Grey,Solid,Casual,1,Casual Outing,Monsoon,Cotton,Relaxed,MetroFit,3.7,1381,Casual T-Shirt in Pink with Grey accents. Designed for casual outing occasions and suitable for monsoon wear. Made from cotton with a solid pattern and relaxed fit.
P01521,DailyMode Premium Blue Overshirt,Outerwear,Overshirt,Women,1599,Blue,Navy,Textured,Smart Casual,2,College,Monsoon,Cotton,Oversized,DailyMode,3.8,873,Smart Casual Overshirt in Blue with Navy accents. Designed for college occasions and suitable for monsoon wear. Made from cotton with a textured pattern and oversized fit.
P00354,Northline Comfort Blue Blouse,Top,Blouse,Women,2099,Blue,Brown,Solid,Casual,1,College,Summer,Cotton,Relaxed,Northline,4.8,4256,Casual Blouse in Blue with Brown accents. Designed for college occasions and suitable for summer wear. Made from cotton with a solid pattern and relaxed fit.
P01404,CoutureLane Classic White Denim Jacket,Outerwear,Denim Jacket,Men,3399,White,Olive,Solid,Smart Casual,2,Casual Outing,Monsoon,Denim,Oversized,CoutureLane,3.9,573,Smart Casual Denim Jacket in White with Olive accents. Designed for casual outing occasions and suitable for monsoon wear. Made from denim with a solid pattern and oversized fit.
P00698,DailyMode Modern Maroon Checked Trousers,Bottom,Trousers,Women,1899,Maroon,Navy,Checked,Smart Casual,2,Farewell,All Season,Cotton,Slim,DailyMode,4.9,986,Smart Casual Trousers in Maroon with Navy accents. Designed for farewell occasions and suitable for all season wear. Made from cotton with a checked pattern and slim fit.
P00138,Northline Comfort Beige Striped T-Shirt,Top,T-Shirt,Men,1299,Beige,Maroon,Striped,Casual,1,Casual Outing,All Season,Cotton,Regular,Northline,4.8,671,Casual T-Shirt in Beige with Maroon accents. Designed for casual outing occasions and suitable for all season wear. Made from cotton with a striped pattern and regular fit.
P02108,ModaStreet Classic Green Watch,Accessory,Watch,Women,2499,Green,Brown,Textured,Smart Casual,2,Farewell,All Season,Leather,Standard,ModaStreet,4.8,3666,Smart Casual Watch in Green with Brown accents. Designed for farewell occasions and suitable for all season wear. Made from leather with a textured pattern and standard fit.
P01546,UrbanThread Refined Blue Overshirt,Outerwear,Overshirt,Women,1899,Blue,Brown,Textured,Smart Casual,2,College,Monsoon,Denim,Regular,UrbanThread,4.9,2436,Smart Casual Overshirt in Blue with Brown accents. Designed for college occasions and suitable for monsoon wear. Made from denim with a textured pattern and regular fit.
P01778,ModaStreet Modern Pink Loafers,Footwear,Loafers,Men,3199,Pink,Beige,Solid,Smart Casual,2,College,All Season,Faux Leather,Standard,ModaStreet,4.1,620,Smart Casual Loafers in Pink with Beige accents. Designed for college occasions and suitable for all season wear. Made from faux leather with a solid pattern and standard fit.
P00077,CoutureLane Performance Pink T-Shirt,Top,T-Shirt,Unisex,799,Pink,Grey,Solid,Sporty,1,Casual Outing,Summer,Cotton,Relaxed,CoutureLane,4.1,2105,Sporty T-Shirt in Pink with Grey accents. Designed for casual outing occasions and suitable for summer wear. Made from cotton with a solid pattern and relaxed fit.
P01350,ModaStreet Premium Blue Checked Blazer,Outerwear,Blazer,Men,5799,Blue,Black,Checked,Smart Casual,2,College,Winter,Polyester,Regular,ModaStreet,4.4,901,Smart Casual Blazer in Blue with Black accents. Designed for college occasions and suitable for winter wear. Made from polyester with a checked pattern and regular fit.
P00938,CoutureLane Everyday Grey Chinos,Bottom,Chinos,Men,1999,Grey,Blue,Textured,Casual,1,College,Winter,Cotton,Straight,CoutureLane,4.8,3479,Casual Chinos in Grey with Blue accents. Designed for college occasions and suitable for winter wear. Made from cotton with a textured pattern and straight fit.
P01720,VibeWear Executive Navy Loafers,Footwear,Loafers,Men,3799,Navy,Cream,Solid,Formal,3,Office,Summer,Leather,Standard,VibeWear,3.8,3696,Formal Loafers in Navy with Cream accents. Designed for office occasions and suitable for summer wear. Made from leather with a solid pattern and standard fit.
P00821,ModaStreet Classic Brown Trousers,Bottom,Trousers,Men,2799,Brown,White,Textured,Formal,3,Office,Summer,Polyester,Slim,ModaStreet,3.5,4756,Formal Trousers in Brown with White accents. Designed for office occasions and suitable for summer wear. Made from polyester with a textured pattern and slim fit.
P00048,TrendAura Comfort Beige T-Shirt,Top,T-Shirt,Unisex,599,Beige,Olive,Solid,Casual,1,Casual Outing,All Season,Polyester,Regular,TrendAura,4.2,2820,Casual T-Shirt in Beige with Olive accents. Designed for casual outing occasions and suitable for all season wear. Made from polyester with a solid pattern and regular fit.
P00691,DailyMode Premium Cream Trousers,Bottom,Trousers,Women,1599,Cream,Black,Textured,Formal,3,Office,Winter,Cotton,Straight,DailyMode,3.7,4779,Formal Trousers in Cream with Black accents. Designed for office occasions and suitable for winter wear. Made from cotton with a textured pattern and straight fit.
P00768,DailyMode Executive Blue Trousers,Bottom,Trousers,Men,1699,Blue,Brown,Textured,Formal,3,Office,All Season,Cotton,Regular,DailyMode,4.7,2406,Formal Trousers in Blue with Brown accents. Designed for office occasions and suitable for all season wear. Made from cotton with a textured pattern and regular fit.
P00910,VibeWear Comfort Brown Chinos,Bottom,Chinos,Men,2399,Brown,Olive,Solid,Casual,1,College,All Season,Cotton,Straight,VibeWear,4.8,4621,Casual Chinos in Brown with Olive accents. Designed for college occasions and suitable for all season wear. Made from cotton with a solid pattern and straight fit.
P01156,Northline Essential Brown Casual Dress,Dress,Casual Dress,Women,3199,Brown,White,Solid,Casual,1,Casual Outing,All Season,Rayon,Regular,Northline,3.7,1446,Casual Dress in Brown with White accents. Designed for casual outing occasions and suitable for all season wear. Made from rayon with a solid pattern and regular fit.
P00128,DailyMode Sport Olive Printed T-Shirt,Top,T-Shirt,Women,1699,Olive,Black,Printed,Sporty,1,College,Monsoon,Polyester,Oversized,DailyMode,3.6,3502,Sporty T-Shirt in Olive with Black accents. Designed for college occasions and suitable for monsoon wear. Made from polyester with a printed pattern and oversized fit.
P01384,TrendAura Classic Cream Blazer,Outerwear,Blazer,Women,4399,Cream,Olive,Textured,Smart Casual,2,College,All Season,Polyester,Slim,TrendAura,4.8,3147,Smart Casual Blazer in Cream with Olive accents. Designed for college occasions and suitable for all season wear. Made from polyester with a textured pattern and slim fit.
P01346,StyleCraft Modern Cream Blazer,Outerwear,Blazer,Women,3799,Cream,Beige,Solid,Smart Casual,2,Casual Outing,Winter,Cotton Blend,Regular,StyleCraft,4.5,4685,Smart Casual Blazer in Cream with Beige accents. Designed for casual outing occasions and suitable for winter wear. Made from cotton blend with a solid pattern and regular fit.
P00377,StyleCraft Elegant Black Blouse,Top,Blouse,Women,899,Black,Beige,Textured,Formal,3,Office,Winter,Cotton,Relaxed,StyleCraft,3.9,3239,Formal Blouse in Black with Beige accents. Designed for office occasions and suitable for winter wear. Made from cotton with a textured pattern and relaxed fit.
P00036,Northline Classic Grey T-Shirt,Top,T-Shirt,Men,499,Grey,White,Solid,Casual,1,College,All Season,Polyester,Oversized,Northline,3.6,3917,Casual T-Shirt in Grey with White accents. Designed for college occasions and suitable for all season wear. Made from polyester with a solid pattern and oversized fit.
P01153,VibeWear Classic Maroon Casual Dress,Dress,Casual Dress,Women,1599,Maroon,Navy,Solid,Casual,1,College,Summer,Cotton,Regular,VibeWear,4.8,3492,Casual Dress in Maroon with Navy accents. Designed for college occasions and suitable for summer wear. Made from cotton with a solid pattern and regular fit.
P01436,VibeWear Premium Maroon Denim Jacket,Outerwear,Denim Jacket,Men,3499,Maroon,Black,Textured,Smart Casual,2,Casual Outing,All Season,Cotton,Oversized,VibeWear,4.2,4507,Smart Casual Denim Jacket in Maroon with Black accents. Designed for casual outing occasions and suitable for all season wear. Made from cotton with a textured pattern and oversized fit.
P01984,ClassicEdge Modern Blue Sandals,Footwear,Sandals,Women,1899,Blue,Beige,Textured,Smart Casual,2,Casual Outing,All Season,Leather,Standard,ClassicEdge,4.1,3627,Smart Casual Sandals in Blue with Beige accents. Designed for casual outing occasions and suitable for all season wear. Made from leather with a textured pattern and standard fit.
P00773,StyleCraft Classic Grey Trousers,Bottom,Trousers,Men,2699,Grey,Blue,Solid,Formal,3,Office,All Season,Cotton,Slim,StyleCraft,4.7,4323,Formal Trousers in Grey with Blue accents. Designed for office occasions and suitable for all season wear. Made from cotton with a solid pattern and slim fit.
P01159,CoutureLane Refined Pink Casual Dress,Dress,Casual Dress,Women,2399,Pink,Navy,Solid,Smart Casual,2,College,All Season,Rayon,A-Line,CoutureLane,3.7,658,Smart Casual Casual Dress in Pink with Navy accents. Designed for college occasions and suitable for all season wear. Made from rayon with a solid pattern and a-line fit.
P00820,ClassicEdge Premium Olive Trousers,Bottom,Trousers,Women,1299,Olive,Black,Textured,Formal,3,Office,All Season,Polyester,Regular,ClassicEdge,4.7,2491,Formal Trousers in Olive with Black accents. Designed for office occasions and suitable for all season wear. Made from polyester with a textured pattern and regular fit.
P01863,Northline Premium Pink Formal Shoes,Footwear,Formal Shoes,Men,3099,Pink,Grey,Solid,Formal,3,Office,Summer,Leather,Standard,Northline,4.3,1204,Formal Shoes in Pink with Grey accents. Designed for office occasions and suitable for summer wear. Made from leather with a solid pattern and standard fit.
P01770,Northline Classic Grey Loafers,Footwear,Loafers,Men,4499,Grey,Navy,Textured,Formal,3,Farewell,All Season,Leather,Standard,Northline,4.3,1531,Formal Loafers in Grey with Navy accents. Designed for farewell occasions and suitable for all season wear. Made from leather with a textured pattern and standard fit.
P01065,CoutureLane Modern Brown Striped Casual Dress,Dress,Casual Dress,Women,2999,Brown,White,Striped,Smart Casual,2,Farewell,All Season,Rayon,Regular,CoutureLane,4.4,2485,Smart Casual Casual Dress in Brown with White accents. Designed for farewell occasions and suitable for all season wear. Made from rayon with a striped pattern and regular fit.
P02091,ModaStreet Premium Beige Watch,Accessory,Watch,Unisex,2499,Beige,Navy,Solid,Smart Casual,2,Farewell,All Season,Synthetic,Standard,ModaStreet,4.5,1471,Smart Casual Watch in Beige with Navy accents. Designed for farewell occasions and suitable for all season wear. Made from synthetic with a solid pattern and standard fit.
P00073,CoutureLane Active Beige Printed T-Shirt,Top,T-Shirt,Unisex,1299,Beige,White,Printed,Sporty,1,Casual Outing,Monsoon,Cotton,Oversized,CoutureLane,4.8,150,Sporty T-Shirt in Beige with White accents. Designed for casual outing occasions and suitable for monsoon wear. Made from cotton with a printed pattern and oversized fit.
P01899,MetroFit Stylish Grey Heels,Footwear,Heels,Women,4499,Grey,Navy,Textured,Party,2,Farewell,Summer,Faux Leather,Standard,MetroFit,4.6,1444,Party Heels in Grey with Navy accents. Designed for farewell occasions and suitable for summer wear. Made from faux leather with a textured pattern and standard fit.
P00539,UrbanThread Classic Cream Jeans,Bottom,Jeans,Women,2299,Cream,Maroon,Textured,Casual,1,College,Winter,Cotton,Relaxed,UrbanThread,4.1,1994,Casual Jeans in Cream with Maroon accents. Designed for college occasions and suitable for winter wear. Made from cotton with a textured pattern and relaxed fit.
P00127,ClassicEdge Sport Black Printed T-Shirt,Top,T-Shirt,Women,599,Black,Maroon,Printed,Sporty,1,College,Monsoon,Cotton,Relaxed,ClassicEdge,4.6,3604,Sporty T-Shirt in Black with Maroon accents. Designed for college occasions and suitable for monsoon wear. Made from cotton with a printed pattern and relaxed fit.
P01231,CoutureLane Elegant Green Printed Formal Dress,Dress,Formal Dress,Women,3199,Green,Cream,Printed,Formal,3,Office,Winter,Silk Blend,Slim,CoutureLane,4.5,1814,Formal Dress in Green with Cream accents. Designed for office occasions and suitable for winter wear. Made from silk blend with a printed pattern and slim fit.
P01181,DailyMode Premium Grey Casual Dress,Dress,Casual Dress,Women,2799,Grey,Navy,Solid,Smart Casual,2,College,Summer,Cotton,Relaxed,DailyMode,4.9,3340,Smart Casual Casual Dress in Grey with Navy accents. Designed for college occasions and suitable for summer wear. Made from cotton with a solid pattern and relaxed fit.
P00393,TrendAura Modern Olive Striped Blouse,Top,Blouse,Women,899,Olive,Brown,Striped,Smart Casual,2,College,All Season,Rayon,Slim,TrendAura,4.9,4905,Smart Casual Blouse in Olive with Brown accents. Designed for college occasions and suitable for all season wear. Made from rayon with a striped pattern and slim fit.
P00840,ClassicEdge Premium Cream Trousers,Bottom,Trousers,Women,1699,Cream,Olive,Solid,Formal,3,Farewell,Summer,Wool Blend,Regular,ClassicEdge,3.9,2506,Formal Trousers in Cream with Olive accents. Designed for farewell occasions and suitable for summer wear. Made from wool blend with a solid pattern and regular fit.
P01000,TrendAura Comfort Blue Printed Skirt,Bottom,Skirt,Women,1799,Blue,Beige,Printed,Casual,1,Casual Outing,Winter,Cotton,A-Line,TrendAura,4.4,258,Casual Skirt in Blue with Beige accents. Designed for casual outing occasions and suitable for winter wear. Made from cotton with a printed pattern and a-line fit.
P00281,DailyMode Classic Grey Printed Shirt,Top,Shirt,Men,2999,Grey,Maroon,Printed,Casual,1,Casual Outing,All Season,Cotton,Relaxed,DailyMode,4.8,756,Casual Shirt in Grey with Maroon accents. Designed for casual outing occasions and suitable for all season wear. Made from cotton with a printed pattern and relaxed fit.
P01324,VibeWear Classic Olive Checked Blazer,Outerwear,Blazer,Men,3399,Olive,Brown,Checked,Smart Casual,2,Farewell,All Season,Wool Blend,Regular,VibeWear,4.5,1087,Smart Casual Blazer in Olive with Brown accents. Designed for farewell occasions and suitable for all season wear. Made from wool blend with a checked pattern and regular fit.
P01971,Northline Refined Black Sandals,Footwear,Sandals,Women,999,Black,Grey,Textured,Smart Casual,2,Casual Outing,All Season,Leather,Standard,Northline,3.9,4575,Smart Casual Sandals in Black with Grey accents. Designed for casual outing occasions and suitable for all season wear. Made from leather with a textured pattern and standard fit.
P00444,DailyMode Classic Pink Striped Knit Top,Top,Knit Top,Women,1199,Pink,Black,Striped,Casual,1,College,Winter,Wool Blend,Slim,DailyMode,4.4,663,Casual Knit Top in Pink with Black accents. Designed for college occasions and suitable for winter wear. Made from wool blend with a striped pattern and slim fit.
P00639,VibeWear Refined Grey Jeans,Bottom,Jeans,Women,1599,Grey,Maroon,Solid,Smart Casual,2,Casual Outing,Winter,Cotton,Straight,VibeWear,4.9,4474,Smart Casual Jeans in Grey with Maroon accents. Designed for casual outing occasions and suitable for winter wear. Made from cotton with a solid pattern and straight fit.
P02273,ClassicEdge Sport Brown Printed Backpack,Accessory,Backpack,Women,2099,Brown,Beige,Printed,Sporty,1,College,Summer,Canvas,Standard,ClassicEdge,3.8,2512,Sporty Backpack in Brown with Beige accents. Designed for college occasions and suitable for summer wear. Made from canvas with a printed pattern and standard fit.
P02116,ClassicEdge Refined White Watch,Accessory,Watch,Women,3799,White,Navy,Textured,Smart Casual,2,Casual Outing,All Season,Synthetic,Standard,ClassicEdge,4.6,2291,Smart Casual Watch in White with Navy accents. Designed for casual outing occasions and suitable for all season wear. Made from synthetic with a textured pattern and standard fit.
P02101,UrbanThread Elegant Navy Watch,Accessory,Watch,Women,4399,Navy,Grey,Solid,Formal,3,Farewell,All Season,Leather,Standard,UrbanThread,4.0,4043,Formal Watch in Navy with Grey accents. Designed for farewell occasions and suitable for all season wear. Made from leather with a solid pattern and standard fit.
P02087,TrendAura Classic Brown Belt,Accessory,Belt,Men,1399,Brown,Navy,Solid,Smart Casual,2,College,All Season,Leather,Standard,TrendAura,4.4,3493,Smart Casual Belt in Brown with Navy accents. Designed for college occasions and suitable for all season wear. Made from leather with a solid pattern and standard fit.
P01024,ClassicEdge Elegant White Checked Skirt,Bottom,Skirt,Women,1999,White,Brown,Checked,Party,2,Farewell,All Season,Polyester,A-Line,ClassicEdge,4.7,854,Party Skirt in White with Brown accents. Designed for farewell occasions and suitable for all season wear. Made from polyester with a checked pattern and a-line fit.
P00014,DailyMode Performance Black Printed T-Shirt,Top,T-Shirt,Men,1399,Black,Blue,Printed,Sporty,1,College,Summer,Cotton,Relaxed,DailyMode,3.8,606,Sporty T-Shirt in Black with Blue accents. Designed for college occasions and suitable for summer wear. Made from cotton with a printed pattern and relaxed fit.
P00878,VibeWear Everyday Maroon Chinos,Bottom,Chinos,Men,2199,Maroon,Black,Solid,Casual,1,College,Winter,Cotton Blend,Regular,VibeWear,4.8,2782,Casual Chinos in Maroon with Black accents. Designed for college occasions and suitable for winter wear. Made from cotton blend with a solid pattern and regular fit.
P01362,ClassicEdge Elegant Green Blazer,Outerwear,Blazer,Women,2699,Green,White,Solid,Formal,3,Farewell,All Season,Cotton Blend,Slim,ClassicEdge,3.9,4136,Formal Blazer in Green with White accents. Designed for farewell occasions and suitable for all season wear. Made from cotton blend with a solid pattern and slim fit.
P00435,UrbanThread Premium Maroon Striped Blouse,Top,Blouse,Women,899,Maroon,White,Striped,Smart Casual,2,Casual Outing,All Season,Rayon,Relaxed,UrbanThread,4.5,4893,Smart Casual Blouse in Maroon with White accents. Designed for casual outing occasions and suitable for all season wear. Made from rayon with a striped pattern and relaxed fit.
P01882,VibeWear Executive White Heels,Footwear,Heels,Women,2799,White,Beige,Textured,Formal,3,Office,Summer,Suede,Standard,VibeWear,3.8,2895,Formal Heels in White with Beige accents. Designed for office occasions and suitable for summer wear. Made from suede with a textured pattern and standard fit.
P02234,TrendAura Statement Maroon Shoulder Bag,Accessory,Shoulder Bag,Women,1199,Maroon,White,Textured,Party,2,Farewell,Summer,Leather,Standard,TrendAura,4.7,2774,Party Shoulder Bag in Maroon with White accents. Designed for farewell occasions and suitable for summer wear. Made from leather with a textured pattern and standard fit.
P01612,ClassicEdge Sport Cream Sneakers,Footwear,Sneakers,Men,4199,Cream,Brown,Textured,Sporty,1,College,Winter,Mesh,Standard,ClassicEdge,3.6,2416,Sporty Sneakers in Cream with Brown accents. Designed for college occasions and suitable for winter wear. Made from mesh with a textured pattern and standard fit.
P00682,TrendAura Premium Olive Jeans,Bottom,Jeans,Women,1799,Olive,Beige,Solid,Smart Casual,2,Casual Outing,All Season,Cotton,Straight,TrendAura,4.5,4285,Smart Casual Jeans in Olive with Beige accents. Designed for casual outing occasions and suitable for all season wear. Made from cotton with a solid pattern and straight fit.
P01190,ModaStreet Essential Beige Printed Casual Dress,Dress,Casual Dress,Women,2699,Beige,Maroon,Printed,Casual,1,College,Summer,Linen,Relaxed,ModaStreet,4.0,4193,Casual Dress in Beige with Maroon accents. Designed for college occasions and suitable for summer wear. Made from linen with a printed pattern and relaxed fit.
P01476,ModaStreet Premium Grey Denim Jacket,Outerwear,Denim Jacket,Men,3899,Grey,Blue,Solid,Smart Casual,2,Casual Outing,Winter,Cotton,Oversized,ModaStreet,3.6,4380,Smart Casual Denim Jacket in Grey with Blue accents. Designed for casual outing occasions and suitable for winter wear. Made from cotton with a solid pattern and oversized fit.
P00664,ClassicEdge Refined Brown Jeans,Bottom,Jeans,Men,2599,Brown,Olive,Solid,Smart Casual,2,Casual Outing,Winter,Denim,Relaxed,ClassicEdge,4.4,554,Smart Casual Jeans in Brown with Olive accents. Designed for casual outing occasions and suitable for winter wear. Made from denim with a solid pattern and relaxed fit.
P02192,ModaStreet Elegant Grey Printed Shoulder Bag,Accessory,Shoulder Bag,Unisex,999,Grey,Blue,Printed,Party,2,Farewell,Summer,Canvas,Standard,ModaStreet,4.8,2163,Party Shoulder Bag in Grey with Blue accents. Designed for farewell occasions and suitable for summer wear. Made from canvas with a printed pattern and standard fit.
P00760,MetroFit Classic White Trousers,Bottom,Trousers,Men,1399,White,Black,Solid,Smart Casual,2,College,Summer,Wool Blend,Straight,MetroFit,3.6,788,Smart Casual Trousers in White with Black accents. Designed for college occasions and suitable for summer wear. Made from wool blend with a solid pattern and straight fit.
P00526,VibeWear Essential Pink Knit Top,Top,Knit Top,Women,1799,Pink,Beige,Textured,Casual,1,Casual Outing,All Season,Wool Blend,Relaxed,VibeWear,4.2,4966,Casual Knit Top in Pink with Beige accents. Designed for casual outing occasions and suitable for all season wear. Made from wool blend with a textured pattern and relaxed fit.
P01952,Northline Essential Beige Sandals,Footwear,Sandals,Women,2299,Beige,Olive,Solid,Casual,1,Casual Outing,Summer,Faux Leather,Standard,Northline,3.6,531,Casual Sandals in Beige with Olive accents. Designed for casual outing occasions and suitable for summer wear. Made from faux leather with a solid pattern and standard fit.
P00509,TrendAura Classic Green Striped Knit Top,Top,Knit Top,Women,2199,Green,Black,Striped,Casual,1,College,All Season,Wool Blend,Regular,TrendAura,4.8,2029,Casual Knit Top in Green with Black accents. Designed for college occasions and suitable for all season wear. Made from wool blend with a striped pattern and regular fit.
P01636,TrendAura Active Grey Sneakers,Footwear,Sneakers,Women,2399,Grey,White,Solid,Sporty,1,Casual Outing,Summer,Synthetic,Standard,TrendAura,4.7,2495,Sporty Sneakers in Grey with White accents. Designed for casual outing occasions and suitable for summer wear. Made from synthetic with a solid pattern and standard fit.
P01142,ClassicEdge Classic Green Casual Dress,Dress,Casual Dress,Women,2099,Green,Brown,Solid,Casual,1,Casual Outing,All Season,Linen,Regular,ClassicEdge,4.1,3562,Casual Dress in Green with Brown accents. Designed for casual outing occasions and suitable for all season wear. Made from linen with a solid pattern and regular fit.
P00859,Northline Essential Navy Chinos,Bottom,Chinos,Men,2599,Navy,White,Solid,Casual,1,College,All Season,Cotton,Regular,Northline,4.8,199,Casual Chinos in Navy with White accents. Designed for college occasions and suitable for all season wear. Made from cotton with a solid pattern and regular fit.
P00581,UrbanThread Premium Maroon Jeans,Bottom,Jeans,Men,1999,Maroon,White,Textured,Smart Casual,2,Casual Outing,All Season,Cotton,Slim,UrbanThread,4.0,1324,Smart Casual Jeans in Maroon with White accents. Designed for casual outing occasions and suitable for all season wear. Made from cotton with a textured pattern and slim fit.
P00607,StyleCraft Classic Brown Jeans,Bottom,Jeans,Women,1599,Brown,Black,Solid,Casual,1,College,Summer,Denim,Relaxed,StyleCraft,4.0,1402,Casual Jeans in Brown with Black accents. Designed for college occasions and suitable for summer wear. Made from denim with a solid pattern and relaxed fit.
P00791,MetroFit Executive Black Trousers,Bottom,Trousers,Men,1599,Black,Grey,Solid,Formal,3,Office,All Season,Polyester,Straight,MetroFit,4.9,2865,Formal Trousers in Black with Grey accents. Designed for office occasions and suitable for all season wear. Made from polyester with a solid pattern and straight fit.
P02184,Northline Premium Brown Printed Shoulder Bag,Accessory,Shoulder Bag,Women,2499,Brown,Navy,Printed,Smart Casual,2,Casual Outing,Winter,Canvas,Standard,Northline,4.5,4676,Smart Casual Shoulder Bag in Brown with Navy accents. Designed for casual outing occasions and suitable for winter wear. Made from canvas with a printed pattern and standard fit.
P00055,VibeWear Everyday Maroon Striped T-Shirt,Top,T-Shirt,Unisex,1799,Maroon,Navy,Striped,Casual,1,Casual Outing,All Season,Polyester,Oversized,VibeWear,3.8,1888,Casual T-Shirt in Maroon with Navy accents. Designed for casual outing occasions and suitable for all season wear. Made from polyester with a striped pattern and oversized fit.
P01295,DailyMode Elegant Cream Blazer,Outerwear,Blazer,Men,3599,Cream,Beige,Solid,Formal,3,Office,All Season,Cotton Blend,Regular,DailyMode,3.6,1347,Formal Blazer in Cream with Beige accents. Designed for office occasions and suitable for all season wear. Made from cotton blend with a solid pattern and regular fit.
P01908,UrbanThread Premium Black Heels,Footwear,Heels,Women,3099,Black,Grey,Solid,Formal,3,Farewell,Summer,Synthetic,Standard,UrbanThread,4.2,3134,Formal Heels in Black with Grey accents. Designed for farewell occasions and suitable for summer wear. Made from synthetic with a solid pattern and standard fit.
P01605,StyleCraft Active Brown Printed Sneakers,Footwear,Sneakers,Unisex,2999,Brown,Olive,Printed,Sporty,1,Casual Outing,Summer,Mesh,Standard,StyleCraft,4.4,4052,Sporty Sneakers in Brown with Olive accents. Designed for casual outing occasions and suitable for summer wear. Made from mesh with a printed pattern and standard fit.
P01330,Northline Refined Blue Blazer,Outerwear,Blazer,Women,2599,Blue,Grey,Solid,Smart Casual,2,Casual Outing,All Season,Wool Blend,Slim,Northline,4.0,1438,Smart Casual Blazer in Blue with Grey accents. Designed for casual outing occasions and suitable for all season wear. Made from wool blend with a solid pattern and slim fit.
P01109,ClassicEdge Refined Pink Printed Casual Dress,Dress,Casual Dress,Women,2299,Pink,Black,Printed,Smart Casual,2,College,All Season,Linen,Regular,ClassicEdge,4.8,3241,Smart Casual Casual Dress in Pink with Black accents. Designed for college occasions and suitable for all season wear. Made from linen with a printed pattern and regular fit.
P00307,MetroFit Classic Brown Printed Shirt,Top,Shirt,Women,1699,Brown,Black,Printed,Casual,1,Casual Outing,Winter,Cotton,Relaxed,MetroFit,4.1,2833,Casual Shirt in Brown with Black accents. Designed for casual outing occasions and suitable for winter wear. Made from cotton with a printed pattern and relaxed fit.
P00346,TrendAura Elegant Pink Striped Blouse,Top,Blouse,Women,1099,Pink,Black,Striped,Party,2,Party,Winter,Silk Blend,Slim,TrendAura,4.5,3683,Party Blouse in Pink with Black accents. Designed for party occasions and suitable for winter wear. Made from silk blend with a striped pattern and slim fit.
P00316,ClassicEdge Classic Blue Printed Shirt,Top,Shirt,Men,1999,Blue,Black,Printed,Formal,3,Farewell,Winter,Linen,Slim,ClassicEdge,3.9,4370,Formal Shirt in Blue with Black accents. Designed for farewell occasions and suitable for winter wear. Made from linen with a printed pattern and slim fit.
P00212,UrbanThread Premium Beige Shirt,Top,Shirt,Women,2599,Beige,Olive,Solid,Formal,3,Office,Summer,Rayon,Relaxed,UrbanThread,3.8,3507,Formal Shirt in Beige with Olive accents. Designed for office occasions and suitable for summer wear. Made from rayon with a solid pattern and relaxed fit.
P00830,DailyMode Executive Olive Checked Trousers,Bottom,Trousers,Women,2599,Olive,Beige,Checked,Formal,3,Office,Winter,Polyester,Straight,DailyMode,3.6,1176,Formal Trousers in Olive with Beige accents. Designed for office occasions and suitable for winter wear. Made from polyester with a checked pattern and straight fit.
P00897,UrbanThread Comfort Cream Chinos,Bottom,Chinos,Men,1499,Cream,Black,Solid,Casual,1,Casual Outing,Winter,Cotton Blend,Regular,UrbanThread,4.6,3120,Casual Chinos in Cream with Black accents. Designed for casual outing occasions and suitable for winter wear. Made from cotton blend with a solid pattern and regular fit.
P00061,StyleCraft Performance Cream Striped T-Shirt,Top,T-Shirt,Unisex,899,Cream,Beige,Striped,Sporty,1,College,Summer,Cotton,Relaxed,StyleCraft,4.6,4856,Sporty T-Shirt in Cream with Beige accents. Designed for college occasions and suitable for summer wear. Made from cotton with a striped pattern and relaxed fit.
P01723,VibeWear Modern Beige Loafers,Footwear,Loafers,Men,2599,Beige,Brown,Solid,Smart Casual,2,Farewell,Winter,Leather,Standard,VibeWear,3.7,892,Smart Casual Loafers in Beige with Brown accents. Designed for farewell occasions and suitable for winter wear. Made from leather with a solid pattern and standard fit.
P00858,CoutureLane Premium Cream Chinos,Bottom,Chinos,Men,1399,Cream,Olive,Solid,Smart Casual,2,College,All Season,Cotton,Straight,CoutureLane,3.8,1148,Smart Casual Chinos in Cream with Olive accents. Designed for college occasions and suitable for all season wear. Made from cotton with a solid pattern and straight fit.
P02299,DailyMode Active Maroon Backpack,Accessory,Backpack,Unisex,2299,Maroon,Beige,Textured,Sporty,1,College,All Season,Synthetic,Standard,DailyMode,3.5,2043,Sporty Backpack in Maroon with Beige accents. Designed for college occasions and suitable for all season wear. Made from synthetic with a textured pattern and standard fit.
P01522,CoutureLane Comfort Olive Overshirt,Outerwear,Overshirt,Men,2199,Olive,Beige,Textured,Casual,1,College,Winter,Cotton,Regular,CoutureLane,4.8,4273,Casual Overshirt in Olive with Beige accents. Designed for college occasions and suitable for winter wear. Made from cotton with a textured pattern and regular fit.
P00979,VibeWear Classic Pink Checked Skirt,Bottom,Skirt,Women,1799,Pink,Navy,Checked,Casual,1,Casual Outing,All Season,Rayon,Relaxed,VibeWear,4.2,2512,Casual Skirt in Pink with Navy accents. Designed for casual outing occasions and suitable for all season wear. Made from rayon with a checked pattern and relaxed fit.
P02291,StyleCraft Essential Navy Backpack,Accessory,Backpack,Unisex,899,Navy,Grey,Solid,Casual,1,College,Summer,Polyester,Standard,StyleCraft,3.9,3714,Casual Backpack in Navy with Grey accents. Designed for college occasions and suitable for summer wear. Made from polyester with a solid pattern and standard fit.
P01301,CoutureLane Executive Pink Blazer,Outerwear,Blazer,Men,5999,Pink,Navy,Textured,Formal,3,Farewell,Winter,Wool Blend,Regular,CoutureLane,4.3,2224,Formal Blazer in Pink with Navy accents. Designed for farewell occasions and suitable for winter wear. Made from wool blend with a textured pattern and regular fit.
P00191,VibeWear Elegant White Striped Shirt,Top,Shirt,Men,2099,White,Navy,Striped,Formal,3,Office,Summer,Rayon,Relaxed,VibeWear,4.5,1288,Formal Shirt in White with Navy accents. Designed for office occasions and suitable for summer wear. Made from rayon with a striped pattern and relaxed fit.
P01223,TrendAura Statement Grey Formal Dress,Dress,Formal Dress,Women,4799,Grey,White,Textured,Party,2,Party,Winter,Polyester,Regular,TrendAura,4.6,4363,Party Formal Dress in Grey with White accents. Designed for party occasions and suitable for winter wear. Made from polyester with a textured pattern and regular fit.
P01358,TrendAura Classic Brown Blazer,Outerwear,Blazer,Women,5599,Brown,Navy,Textured,Formal,3,Office,Winter,Polyester,Regular,TrendAura,3.5,1012,Formal Blazer in Brown with Navy accents. Designed for office occasions and suitable for winter wear. Made from polyester with a textured pattern and regular fit.
P02261,VibeWear Comfort Cream Backpack,Accessory,Backpack,Unisex,1099,Cream,Maroon,Textured,Casual,1,College,Summer,Polyester,Standard,VibeWear,4.4,3878,Casual Backpack in Cream with Maroon accents. Designed for college occasions and suitable for summer wear. Made from polyester with a textured pattern and standard fit.
P01410,ModaStreet Everyday Pink Denim Jacket,Outerwear,Denim Jacket,Women,3999,Pink,Grey,Solid,Casual,1,Casual Outing,Winter,Cotton,Regular,ModaStreet,4.3,1762,Casual Denim Jacket in Pink with Grey accents. Designed for casual outing occasions and suitable for winter wear. Made from cotton with a solid pattern and regular fit.
P01129,CoutureLane Essential Grey Printed Casual Dress,Dress,Casual Dress,Women,2999,Grey,Maroon,Printed,Casual,1,College,Summer,Rayon,Regular,CoutureLane,4.6,3487,Casual Dress in Grey with Maroon accents. Designed for college occasions and suitable for summer wear. Made from rayon with a printed pattern and regular fit.
P00221,UrbanThread Everyday Green Checked Shirt,Top,Shirt,Men,1899,Green,Brown,Checked,Casual,1,Casual Outing,Monsoon,Cotton,Relaxed,UrbanThread,4.6,3484,Casual Shirt in Green with Brown accents. Designed for casual outing occasions and suitable for monsoon wear. Made from cotton with a checked pattern and relaxed fit.
P01865,Northline Executive Olive Formal Shoes,Footwear,Formal Shoes,Men,3199,Olive,Brown,Textured,Formal,3,Farewell,Winter,Faux Leather,Standard,Northline,4.7,1811,Formal Shoes in Olive with Brown accents. Designed for farewell occasions and suitable for winter wear. Made from faux leather with a textured pattern and standard fit.
P00228,MetroFit Elegant Maroon Printed Shirt,Top,Shirt,Men,1699,Maroon,Navy,Printed,Formal,3,Office,Monsoon,Linen,Relaxed,MetroFit,3.6,672,Formal Shirt in Maroon with Navy accents. Designed for office occasions and suitable for monsoon wear. Made from linen with a printed pattern and relaxed fit.
P00803,CoutureLane Premium Grey Checked Trousers,Bottom,Trousers,Men,3299,Grey,Maroon,Checked,Formal,3,Farewell,All Season,Polyester,Straight,CoutureLane,4.9,1019,Formal Trousers in Grey with Maroon accents. Designed for farewell occasions and suitable for all season wear. Made from polyester with a checked pattern and straight fit.
P00963,ModaStreet Classic Green Printed Skirt,Bottom,Skirt,Women,2499,Green,Black,Printed,Casual,1,College,All Season,Cotton,A-Line,ModaStreet,3.8,820,Casual Skirt in Green with Black accents. Designed for college occasions and suitable for all season wear. Made from cotton with a printed pattern and a-line fit.
P00562,ModaStreet Everyday Olive Jeans,Bottom,Jeans,Women,2299,Olive,Beige,Textured,Casual,1,College,Summer,Cotton,Straight,ModaStreet,3.6,2352,Casual Jeans in Olive with Beige accents. Designed for college occasions and suitable for summer wear. Made from cotton with a textured pattern and straight fit.
P01751,DailyMode Premium Black Loafers,Footwear,Loafers,Men,2999,Black,Maroon,Textured,Smart Casual,2,Casual Outing,Winter,Faux Leather,Standard,DailyMode,3.6,3747,Smart Casual Loafers in Black with Maroon accents. Designed for casual outing occasions and suitable for winter wear. Made from faux leather with a textured pattern and standard fit.
P00739,Northline Premium Navy Checked Trousers,Bottom,Trousers,Men,1799,Navy,Beige,Checked,Formal,3,Farewell,Winter,Cotton,Straight,Northline,4.4,197,Formal Trousers in Navy with Beige accents. Designed for farewell occasions and suitable for winter wear. Made from cotton with a checked pattern and straight fit.
P00544,TrendAura Classic Beige Jeans,Bottom,Jeans,Men,2499,Beige,Olive,Solid,Casual,1,College,All Season,Denim,Straight,TrendAura,3.8,900,Casual Jeans in Beige with Olive accents. Designed for college occasions and suitable for all season wear. Made from denim with a solid pattern and straight fit.
P01525,DailyMode Classic Brown Overshirt,Outerwear,Overshirt,Women,1899,Brown,Cream,Solid,Smart Casual,2,Casual Outing,Winter,Cotton,Relaxed,DailyMode,4.0,2788,Smart Casual Overshirt in Brown with Cream accents. Designed for casual outing occasions and suitable for winter wear. Made from cotton with a solid pattern and relaxed fit.
P02004,ModaStreet Classic Maroon Sandals,Footwear,Sandals,Women,1799,Maroon,White,Solid,Casual,1,Casual Outing,All Season,Faux Leather,Standard,ModaStreet,4.5,2307,Casual Sandals in Maroon with White accents. Designed for casual outing occasions and suitable for all season wear. Made from faux leather with a solid pattern and standard fit.
P00399,StyleCraft Classic Brown Striped Blouse,Top,Blouse,Women,2399,Brown,Cream,Striped,Smart Casual,2,Casual Outing,Winter,Rayon,Relaxed,StyleCraft,4.1,1093,Smart Casual Blouse in Brown with Cream accents. Designed for casual outing occasions and suitable for winter wear. Made from rayon with a striped pattern and relaxed fit.
P00151,TrendAura Classic Cream Printed T-Shirt,Top,T-Shirt,Unisex,1799,Cream,Olive,Printed,Casual,1,Casual Outing,All Season,Polyester,Oversized,TrendAura,4.5,283,Casual T-Shirt in Cream with Olive accents. Designed for casual outing occasions and suitable for all season wear. Made from polyester with a printed pattern and oversized fit.
P00516,ModaStreet Refined Navy Striped Knit Top,Top,Knit Top,Women,1599,Navy,Blue,Striped,Smart Casual,2,Casual Outing,All Season,Cotton,Regular,ModaStreet,3.7,1091,Smart Casual Knit Top in Navy with Blue accents. Designed for casual outing occasions and suitable for all season wear. Made from cotton with a striped pattern and regular fit.
P01606,MetroFit Performance Cream Printed Sneakers,Footwear,Sneakers,Men,2099,Cream,Olive,Printed,Sporty,1,Casual Outing,Monsoon,Leather,Standard,MetroFit,4.1,4752,Sporty Sneakers in Cream with Olive accents. Designed for casual outing occasions and suitable for monsoon wear. Made from leather with a printed pattern and standard fit.
P00233,CoutureLane Premium Blue Shirt,Top,Shirt,Men,2099,Blue,White,Solid,Smart Casual,2,Casual Outing,Summer,Cotton,Regular,CoutureLane,4.8,1491,Smart Casual Shirt in Blue with White accents. Designed for casual outing occasions and suitable for summer wear. Made from cotton with a solid pattern and regular fit.
P00842,Northline Modern Cream Chinos,Bottom,Chinos,Men,1499,Cream,Black,Solid,Smart Casual,2,College,All Season,Cotton Blend,Slim,Northline,4.2,3927,Smart Casual Chinos in Cream with Black accents. Designed for college occasions and suitable for all season wear. Made from cotton blend with a solid pattern and slim fit.
P00084,MetroFit Performance Maroon T-Shirt,Top,T-Shirt,Men,1499,Maroon,Beige,Textured,Sporty,1,College,Summer,Cotton,Oversized,MetroFit,3.6,3828,Sporty T-Shirt in Maroon with Beige accents. Designed for college occasions and suitable for summer wear. Made from cotton with a textured pattern and oversized fit.
P00076,ClassicEdge Comfort Black T-Shirt,Top,T-Shirt,Men,1099,Black,Beige,Solid,Casual,1,College,Summer,Polyester,Relaxed,ClassicEdge,3.7,4376,Casual T-Shirt in Black with Beige accents. Designed for college occasions and suitable for summer wear. Made from polyester with a solid pattern and relaxed fit.
P01598,ModaStreet Essential Olive Sneakers,Footwear,Sneakers,Men,1899,Olive,Brown,Textured,Casual,1,College,Monsoon,Synthetic,Standard,ModaStreet,4.9,1863,Casual Sneakers in Olive with Brown accents. Designed for college occasions and suitable for monsoon wear. Made from synthetic with a textured pattern and standard fit.
P02244,UrbanThread Active Black Printed Backpack,Accessory,Backpack,Women,1799,Black,Cream,Printed,Sporty,1,Casual Outing,Monsoon,Canvas,Standard,UrbanThread,3.5,564,Sporty Backpack in Black with Cream accents. Designed for casual outing occasions and suitable for monsoon wear. Made from canvas with a printed pattern and standard fit.
P00925,ModaStreet Premium Grey Chinos,Bottom,Chinos,Men,1999,Grey,White,Textured,Smart Casual,2,Casual Outing,All Season,Cotton Blend,Slim,ModaStreet,4.5,2192,Smart Casual Chinos in Grey with White accents. Designed for casual outing occasions and suitable for all season wear. Made from cotton blend with a textured pattern and slim fit.
P01424,ClassicEdge Modern Pink Denim Jacket,Outerwear,Denim Jacket,Men,3199,Pink,Navy,Solid,Smart Casual,2,Casual Outing,Monsoon,Cotton,Regular,ClassicEdge,3.6,2190,Smart Casual Denim Jacket in Pink with Navy accents. Designed for casual outing occasions and suitable for monsoon wear. Made from cotton with a solid pattern and regular fit.
P00706,ModaStreet Premium White Checked Trousers,Bottom,Trousers,Men,3099,White,Navy,Checked,Smart Casual,2,Farewell,Summer,Cotton,Straight,ModaStreet,4.6,4035,Smart Casual Trousers in White with Navy accents. Designed for farewell occasions and suitable for summer wear. Made from cotton with a checked pattern and straight fit.
P01767,UrbanThread Modern Maroon Loafers,Footwear,Loafers,Women,3399,Maroon,Beige,Solid,Smart Casual,2,College,Summer,Suede,Standard,UrbanThread,3.7,4183,Smart Casual Loafers in Maroon with Beige accents. Designed for college occasions and suitable for summer wear. Made from suede with a solid pattern and standard fit.
P01459,DailyMode Essential White Denim Jacket,Outerwear,Denim Jacket,Men,2399,White,Navy,Textured,Casual,1,College,All Season,Denim,Relaxed,DailyMode,4.2,2747,Casual Denim Jacket in White with Navy accents. Designed for college occasions and suitable for all season wear. Made from denim with a textured pattern and relaxed fit.
P02144,TrendAura Modern White Watch,Accessory,Watch,Unisex,3599,White,Grey,Textured,Smart Casual,2,College,All Season,Leather,Standard,TrendAura,4.4,1155,Smart Casual Watch in White with Grey accents. Designed for college occasions and suitable for all season wear. Made from leather with a textured pattern and standard fit.
P01613,MetroFit Classic Brown Printed Sneakers,Footwear,Sneakers,Women,2599,Brown,White,Printed,Smart Casual,2,College,Winter,Canvas,Standard,MetroFit,4.0,972,Smart Casual Sneakers in Brown with White accents. Designed for college occasions and suitable for winter wear. Made from canvas with a printed pattern and standard fit.
P01199,UrbanThread Elegant Grey Formal Dress,Dress,Formal Dress,Women,3399,Grey,Maroon,Solid,Party,2,Party,Winter,Silk Blend,Regular,UrbanThread,4.1,60,Party Formal Dress in Grey with Maroon accents. Designed for party occasions and suitable for winter wear. Made from silk blend with a solid pattern and regular fit.
P00069,CoutureLane Comfort Green T-Shirt,Top,T-Shirt,Women,1299,Green,Beige,Solid,Casual,1,College,Summer,Cotton,Regular,CoutureLane,4.5,3428,Casual T-Shirt in Green with Beige accents. Designed for college occasions and suitable for summer wear. Made from cotton with a solid pattern and regular fit.
P01640,StyleCraft Modern Navy Sneakers,Footwear,Sneakers,Women,3499,Navy,White,Solid,Smart Casual,2,Farewell,Monsoon,Leather,Standard,StyleCraft,4.8,4424,Smart Casual Sneakers in Navy with White accents. Designed for farewell occasions and suitable for monsoon wear. Made from leather with a solid pattern and standard fit.
P01255,VibeWear Executive White Formal Dress,Dress,Formal Dress,Women,4699,White,Beige,Textured,Formal,3,Office,All Season,Polyester,Slim,VibeWear,4.7,3221,Formal Dress in White with Beige accents. Designed for office occasions and suitable for all season wear. Made from polyester with a textured pattern and slim fit.
P00869,Northline Comfort White Chinos,Bottom,Chinos,Men,2999,White,Grey,Textured,Casual,1,College,Summer,Cotton,Regular,Northline,4.0,3432,Casual Chinos in White with Grey accents. Designed for college occasions and suitable for summer wear. Made from cotton with a textured pattern and regular fit.
P02136,StyleCraft Premium Navy Watch,Accessory,Watch,Women,3199,Navy,Blue,Solid,Formal,3,Farewell,All Season,Synthetic,Standard,StyleCraft,4.8,3319,Formal Watch in Navy with Blue accents. Designed for farewell occasions and suitable for all season wear. Made from synthetic with a solid pattern and standard fit.
P00154,Northline Sport Maroon Printed T-Shirt,Top,T-Shirt,Men,1699,Maroon,Beige,Printed,Sporty,1,College,All Season,Polyester,Relaxed,Northline,3.9,1723,Sporty T-Shirt in Maroon with Beige accents. Designed for college occasions and suitable for all season wear. Made from polyester with a printed pattern and relaxed fit.
P00998,ModaStreet Statement Navy Checked Skirt,Bottom,Skirt,Women,1399,Navy,Beige,Checked,Party,2,Farewell,Winter,Cotton,Straight,ModaStreet,4.2,1173,Party Skirt in Navy with Beige accents. Designed for farewell occasions and suitable for winter wear. Made from cotton with a checked pattern and straight fit.
P00988,MetroFit Comfort Olive Skirt,Bottom,Skirt,Women,1199,Olive,Black,Solid,Casual,1,College,Summer,Polyester,Relaxed,MetroFit,4.5,4655,Casual Skirt in Olive with Black accents. Designed for college occasions and suitable for summer wear. Made from polyester with a solid pattern and relaxed fit.
P00549,DailyMode Modern Cream Jeans,Bottom,Jeans,Men,2299,Cream,Navy,Textured,Smart Casual,2,College,All Season,Cotton,Slim,DailyMode,4.1,4511,Smart Casual Jeans in Cream with Navy accents. Designed for college occasions and suitable for all season wear. Made from cotton with a textured pattern and slim fit.
P00504,CoutureLane Comfort Brown Knit Top,Top,Knit Top,Women,799,Brown,White,Textured,Casual,1,Casual Outing,Winter,Wool Blend,Relaxed,CoutureLane,4.8,2982,Casual Knit Top in Brown with White accents. Designed for casual outing occasions and suitable for winter wear. Made from wool blend with a textured pattern and relaxed fit.
P02059,CoutureLane Classic Maroon Belt,Accessory,Belt,Men,499,Maroon,Navy,Textured,Formal,3,Office,All Season,Leather,Standard,CoutureLane,3.7,1170,Formal Belt in Maroon with Navy accents. Designed for office occasions and suitable for all season wear. Made from leather with a textured pattern and standard fit.
P00287,ModaStreet Everyday Pink Shirt,Top,Shirt,Women,999,Pink,Black,Solid,Casual,1,College,All Season,Cotton,Relaxed,ModaStreet,3.9,2407,Casual Shirt in Pink with Black accents. Designed for college occasions and suitable for all season wear. Made from cotton with a solid pattern and relaxed fit.
P01775,CoutureLane Classic Cream Loafers,Footwear,Loafers,Men,2699,Cream,Olive,Solid,Smart Casual,2,Farewell,All Season,Faux Leather,Standard,CoutureLane,4.2,2289,Smart Casual Loafers in Cream with Olive accents. Designed for farewell occasions and suitable for all season wear. Made from faux leather with a solid pattern and standard fit.
P00110,StyleCraft Performance White Printed T-Shirt,Top,T-Shirt,Men,499,White,Brown,Printed,Sporty,1,Casual Outing,Monsoon,Polyester,Relaxed,StyleCraft,3.8,3611,Sporty T-Shirt in White with Brown accents. Designed for casual outing occasions and suitable for monsoon wear. Made from polyester with a printed pattern and relaxed fit.
P02049,VibeWear Executive Green Belt,Accessory,Belt,Unisex,1299,Green,Black,Textured,Formal,3,Farewell,All Season,Faux Leather,Standard,VibeWear,4.5,1222,Formal Belt in Green with Black accents. Designed for farewell occasions and suitable for all season wear. Made from faux leather with a textured pattern and standard fit.
P02135,DailyMode Elegant Cream Watch,Accessory,Watch,Men,1999,Cream,Maroon,Solid,Formal,3,Office,All Season,Synthetic,Standard,DailyMode,4.4,1122,Formal Watch in Cream with Maroon accents. Designed for office occasions and suitable for all season wear. Made from synthetic with a solid pattern and standard fit.
P00538,MetroFit Classic Brown Jeans,Bottom,Jeans,Men,2899,Brown,Cream,Textured,Smart Casual,2,College,Monsoon,Cotton,Straight,MetroFit,3.8,177,Smart Casual Jeans in Brown with Cream accents. Designed for college occasions and suitable for monsoon wear. Made from cotton with a textured pattern and straight fit.
P00320,UrbanThread Elegant White Printed Shirt,Top,Shirt,Women,1699,White,Navy,Printed,Formal,3,Farewell,Winter,Cotton,Regular,UrbanThread,4.3,4735,Formal Shirt in White with Navy accents. Designed for farewell occasions and suitable for winter wear. Made from cotton with a printed pattern and regular fit.
P02272,TrendAura Dynamic Maroon Backpack,Accessory,Backpack,Women,1999,Maroon,Navy,Solid,Sporty,1,College,Monsoon,Synthetic,Standard,TrendAura,3.6,4622,Sporty Backpack in Maroon with Navy accents. Designed for college occasions and suitable for monsoon wear. Made from synthetic with a solid pattern and standard fit.
P01277,MetroFit Elegant Maroon Formal Dress,Dress,Formal Dress,Women,2899,Maroon,Beige,Solid,Formal,3,Farewell,Winter,Silk Blend,Slim,MetroFit,4.7,912,Formal Dress in Maroon with Beige accents. Designed for farewell occasions and suitable for winter wear. Made from silk blend with a solid pattern and slim fit.
P01763,StyleCraft Premium Cream Loafers,Footwear,Loafers,Men,3499,Cream,Olive,Solid,Formal,3,Farewell,Winter,Suede,Standard,StyleCraft,4.2,70,Formal Loafers in Cream with Olive accents. Designed for farewell occasions and suitable for winter wear. Made from suede with a solid pattern and standard fit.
P01891,TrendAura Classic Black Heels,Footwear,Heels,Women,4499,Black,Blue,Solid,Formal,3,Farewell,Summer,Synthetic,Standard,TrendAura,3.9,2733,Formal Heels in Black with Blue accents. Designed for farewell occasions and suitable for summer wear. Made from synthetic with a solid pattern and standard fit.
P01977,TrendAura Everyday Beige Sandals,Footwear,Sandals,Women,2299,Beige,Navy,Solid,Casual,1,Casual Outing,All Season,Leather,Standard,TrendAura,4.0,4371,Casual Sandals in Beige with Navy accents. Designed for casual outing occasions and suitable for all season wear. Made from leather with a solid pattern and standard fit.
P01708,UrbanThread Refined Blue Loafers,Footwear,Loafers,Women,4999,Blue,Navy,Textured,Smart Casual,2,Casual Outing,Summer,Leather,Standard,UrbanThread,4.3,3282,Smart Casual Loafers in Blue with Navy accents. Designed for casual outing occasions and suitable for summer wear. Made from leather with a textured pattern and standard fit.
P01375,DailyMode Premium Grey Checked Blazer,Outerwear,Blazer,Women,3399,Grey,Blue,Checked,Smart Casual,2,College,Winter,Cotton Blend,Slim,DailyMode,3.6,120,Smart Casual Blazer in Grey with Blue accents. Designed for college occasions and suitable for winter wear. Made from cotton blend with a checked pattern and slim fit.
P01423,ModaStreet Comfort Maroon Denim Jacket,Outerwear,Denim Jacket,Men,1999,Maroon,Navy,Solid,Casual,1,College,Monsoon,Cotton,Regular,ModaStreet,4.4,4876,Casual Denim Jacket in Maroon with Navy accents. Designed for college occasions and suitable for monsoon wear. Made from cotton with a solid pattern and regular fit.
P00643,MetroFit Classic Pink Jeans,Bottom,Jeans,Men,2399,Pink,Beige,Solid,Smart Casual,2,Farewell,Summer,Denim,Straight,MetroFit,3.8,3225,Smart Casual Jeans in Pink with Beige accents. Designed for farewell occasions and suitable for summer wear. Made from denim with a solid pattern and straight fit.
P01794,StyleCraft Executive Beige Formal Shoes,Footwear,Formal Shoes,Men,4199,Beige,Olive,Textured,Formal,3,Office,Winter,Leather,Standard,StyleCraft,4.8,3726,Formal Shoes in Beige with Olive accents. Designed for office occasions and suitable for winter wear. Made from leather with a textured pattern and standard fit.
P01687,DailyMode Essential Cream Sneakers,Footwear,Sneakers,Women,3299,Cream,Navy,Solid,Casual,1,Casual Outing,Summer,Leather,Standard,DailyMode,4.1,2032,Casual Sneakers in Cream with Navy accents. Designed for casual outing occasions and suitable for summer wear. Made from leather with a solid pattern and standard fit.
P00325,MetroFit Modern Navy Blouse,Top,Blouse,Women,2499,Navy,Blue,Textured,Smart Casual,2,Casual Outing,Summer,Rayon,Regular,MetroFit,4.1,4527,Smart Casual Blouse in Navy with Blue accents. Designed for casual outing occasions and suitable for summer wear. Made from rayon with a textured pattern and regular fit.
P01689,ClassicEdge Premium Blue Sneakers,Footwear,Sneakers,Women,2199,Blue,Navy,Solid,Smart Casual,2,Casual Outing,All Season,Synthetic,Standard,ClassicEdge,3.7,650,Smart Casual Sneakers in Blue with Navy accents. Designed for casual outing occasions and suitable for all season wear. Made from synthetic with a solid pattern and standard fit.
P00646,ModaStreet Classic Navy Jeans,Bottom,Jeans,Women,2699,Navy,White,Textured,Smart Casual,2,College,Summer,Denim,Straight,ModaStreet,4.5,3211,Smart Casual Jeans in Navy with White accents. Designed for college occasions and suitable for summer wear. Made from denim with a textured pattern and straight fit.
P00805,VibeWear Premium Grey Trousers,Bottom,Trousers,Men,3199,Grey,Black,Solid,Smart Casual,2,College,Summer,Polyester,Slim,VibeWear,4.6,3134,Smart Casual Trousers in Grey with Black accents. Designed for college occasions and suitable for summer wear. Made from polyester with a solid pattern and slim fit.
P01400,CoutureLane Premium Blue Denim Jacket,Outerwear,Denim Jacket,Men,3499,Blue,Black,Solid,Smart Casual,2,College,Winter,Denim,Regular,CoutureLane,4.4,4049,Smart Casual Denim Jacket in Blue with Black accents. Designed for college occasions and suitable for winter wear. Made from denim with a solid pattern and regular fit.
P00284,ModaStreet Premium Olive Striped Shirt,Top,Shirt,Men,2899,Olive,Black,Striped,Smart Casual,2,College,Monsoon,Cotton,Regular,ModaStreet,3.6,3728,Smart Casual Shirt in Olive with Black accents. Designed for college occasions and suitable for monsoon wear. Made from cotton with a striped pattern and regular fit.
P01823,ModaStreet Executive Blue Formal Shoes,Footwear,Formal Shoes,Men,2799,Blue,Brown,Solid,Formal,3,Farewell,Winter,Faux Leather,Standard,ModaStreet,3.9,26,Formal Shoes in Blue with Brown accents. Designed for farewell occasions and suitable for winter wear. Made from faux leather with a solid pattern and standard fit.
P00460,CoutureLane Premium Green Striped Knit Top,Top,Knit Top,Women,1099,Green,Brown,Striped,Smart Casual,2,Farewell,All Season,Rayon,Slim,CoutureLane,4.2,3586,Smart Casual Knit Top in Green with Brown accents. Designed for farewell occasions and suitable for all season wear. Made from rayon with a striped pattern and slim fit.
P00384,VibeWear Elegant Cream Printed Blouse,Top,Blouse,Women,999,Cream,Beige,Printed,Formal,3,Office,Summer,Silk Blend,Slim,VibeWear,4.2,3706,Formal Blouse in Cream with Beige accents. Designed for office occasions and suitable for summer wear. Made from silk blend with a printed pattern and slim fit.
P01585,MetroFit Modern Navy Sneakers,Footwear,Sneakers,Men,3599,Navy,White,Textured,Smart Casual,2,Farewell,Winter,Leather,Standard,MetroFit,3.8,2440,Smart Casual Sneakers in Navy with White accents. Designed for farewell occasions and suitable for winter wear. Made from leather with a textured pattern and standard fit.
P01397,Northline Essential Maroon Denim Jacket,Outerwear,Denim Jacket,Men,2799,Maroon,Beige,Solid,Casual,1,Casual Outing,All Season,Denim,Regular,Northline,3.8,2857,Casual Denim Jacket in Maroon with Beige accents. Designed for casual outing occasions and suitable for all season wear. Made from denim with a solid pattern and regular fit.
P00683,CoutureLane Classic Olive Jeans,Bottom,Jeans,Women,1899,Olive,Beige,Textured,Casual,1,Casual Outing,All Season,Denim,Slim,CoutureLane,3.8,757,Casual Jeans in Olive with Beige accents. Designed for casual outing occasions and suitable for all season wear. Made from denim with a textured pattern and slim fit.
P01136,ClassicEdge Everyday Cream Striped Casual Dress,Dress,Casual Dress,Women,2599,Cream,Olive,Striped,Casual,1,College,All Season,Rayon,Regular,ClassicEdge,4.2,2309,Casual Dress in Cream with Olive accents. Designed for college occasions and suitable for all season wear. Made from rayon with a striped pattern and regular fit.
P01682,CoutureLane Premium Maroon Printed Sneakers,Footwear,Sneakers,Unisex,3999,Maroon,Beige,Printed,Smart Casual,2,College,Summer,Synthetic,Standard,CoutureLane,4.4,188,Smart Casual Sneakers in Maroon with Beige accents. Designed for college occasions and suitable for summer wear. Made from synthetic with a printed pattern and standard fit.
P01833,ModaStreet Premium Pink Formal Shoes,Footwear,Formal Shoes,Men,4899,Pink,Grey,Textured,Formal,3,Farewell,All Season,Faux Leather,Standard,ModaStreet,3.9,1069,Formal Shoes in Pink with Grey accents. Designed for farewell occasions and suitable for all season wear. Made from faux leather with a textured pattern and standard fit.
P01660,MetroFit Essential Blue Sneakers,Footwear,Sneakers,Unisex,1899,Blue,Black,Solid,Casual,1,College,Summer,Canvas,Standard,MetroFit,4.0,1049,Casual Sneakers in Blue with Black accents. Designed for college occasions and suitable for summer wear. Made from canvas with a solid pattern and standard fit.
P01796,UrbanThread Elegant Maroon Formal Shoes,Footwear,Formal Shoes,Men,3099,Maroon,Beige,Textured,Formal,3,Farewell,All Season,Faux Leather,Standard,UrbanThread,3.7,4445,Formal Shoes in Maroon with Beige accents. Designed for farewell occasions and suitable for all season wear. Made from faux leather with a textured pattern and standard fit.
P01192,ModaStreet Executive Olive Formal Dress,Dress,Formal Dress,Women,3599,Olive,White,Solid,Formal,3,Farewell,Summer,Silk Blend,Slim,ModaStreet,4.6,2646,Formal Dress in Olive with White accents. Designed for farewell occasions and suitable for summer wear. Made from silk blend with a solid pattern and slim fit.
P00838,UrbanThread Classic White Trousers,Bottom,Trousers,Women,1399,White,Olive,Solid,Formal,3,Office,Winter,Cotton,Straight,UrbanThread,4.4,3666,Formal Trousers in White with Olive accents. Designed for office occasions and suitable for winter wear. Made from cotton with a solid pattern and straight fit.
P00388,StyleCraft Statement Blue Blouse,Top,Blouse,Women,1399,Blue,Navy,Textured,Party,2,Farewell,All Season,Silk Blend,Slim,StyleCraft,4.4,680,Party Blouse in Blue with Navy accents. Designed for farewell occasions and suitable for all season wear. Made from silk blend with a textured pattern and slim fit.
P00484,Northline Classic Brown Striped Knit Top,Top,Knit Top,Women,1199,Brown,White,Striped,Smart Casual,2,Casual Outing,Winter,Rayon,Regular,Northline,4.0,1142,Smart Casual Knit Top in Brown with White accents. Designed for casual outing occasions and suitable for winter wear. Made from rayon with a striped pattern and regular fit.
P02133,StyleCraft Refined Beige Watch,Accessory,Watch,Men,4799,Beige,Navy,Textured,Smart Casual,2,Farewell,All Season,Synthetic,Standard,StyleCraft,4.3,1183,Smart Casual Watch in Beige with Navy accents. Designed for farewell occasions and suitable for all season wear. Made from synthetic with a textured pattern and standard fit.
P00579,MetroFit Comfort Maroon Jeans,Bottom,Jeans,Women,2599,Maroon,Black,Textured,Casual,1,College,Winter,Cotton,Slim,MetroFit,3.7,2428,Casual Jeans in Maroon with Black accents. Designed for college occasions and suitable for winter wear. Made from cotton with a textured pattern and slim fit.
P00659,UrbanThread Modern Pink Jeans,Bottom,Jeans,Women,1799,Pink,Black,Solid,Smart Casual,2,Casual Outing,All Season,Denim,Relaxed,UrbanThread,4.1,4930,Smart Casual Jeans in Pink with Black accents. Designed for casual outing occasions and suitable for all season wear. Made from denim with a solid pattern and relaxed fit.
P01027,ClassicEdge Festive Navy Skirt,Bottom,Skirt,Women,2199,Navy,Blue,Solid,Party,2,Party,Summer,Cotton,A-Line,ClassicEdge,3.7,3180,Party Skirt in Navy with Blue accents. Designed for party occasions and suitable for summer wear. Made from cotton with a solid pattern and a-line fit.
P01611,TrendAura Classic Blue Printed Sneakers,Footwear,Sneakers,Unisex,4299,Blue,Grey,Printed,Casual,1,College,Summer,Leather,Standard,TrendAura,3.6,2881,Casual Sneakers in Blue with Grey accents. Designed for college occasions and suitable for summer wear. Made from leather with a printed pattern and standard fit.
P01466,ClassicEdge Everyday White Denim Jacket,Outerwear,Denim Jacket,Men,3099,White,Olive,Solid,Casual,1,College,All Season,Denim,Oversized,ClassicEdge,3.9,1639,Casual Denim Jacket in White with Olive accents. Designed for college occasions and suitable for all season wear. Made from denim with a solid pattern and oversized fit.
P01979,DailyMode Modern Beige Sandals,Footwear,Sandals,Women,1599,Beige,Brown,Textured,Smart Casual,2,Farewell,All Season,Faux Leather,Standard,DailyMode,4.2,1804,Smart Casual Sandals in Beige with Brown accents. Designed for farewell occasions and suitable for all season wear. Made from faux leather with a textured pattern and standard fit.
P00391,CoutureLane Classic Pink Striped Blouse,Top,Blouse,Women,1099,Pink,Black,Striped,Smart Casual,2,College,All Season,Silk Blend,Relaxed,CoutureLane,3.7,1502,Smart Casual Blouse in Pink with Black accents. Designed for college occasions and suitable for all season wear. Made from silk blend with a striped pattern and relaxed fit.
P02179,TrendAura Classic Olive Shoulder Bag,Accessory,Shoulder Bag,Women,2799,Olive,Beige,Textured,Smart Casual,2,College,All Season,Leather,Standard,TrendAura,4.6,2234,Smart Casual Shoulder Bag in Olive with Beige accents. Designed for college occasions and suitable for all season wear. Made from leather with a textured pattern and standard fit.
P00321,TrendAura Modern Beige Striped Blouse,Top,Blouse,Women,2499,Beige,White,Striped,Smart Casual,2,Farewell,Winter,Cotton,Slim,TrendAura,3.5,543,Smart Casual Blouse in Beige with White accents. Designed for farewell occasions and suitable for winter wear. Made from cotton with a striped pattern and slim fit.
P01196,ClassicEdge Festive Black Formal Dress,Dress,Formal Dress,Women,4099,Black,Cream,Solid,Party,2,Farewell,Summer,Silk Blend,Slim,ClassicEdge,4.0,881,Party Formal Dress in Black with Cream accents. Designed for farewell occasions and suitable for summer wear. Made from silk blend with a solid pattern and slim fit.
P01754,StyleCraft Modern Pink Loafers,Footwear,Loafers,Women,4399,Pink,Black,Textured,Smart Casual,2,Casual Outing,All Season,Leather,Standard,StyleCraft,4.2,4187,Smart Casual Loafers in Pink with Black accents. Designed for casual outing occasions and suitable for all season wear. Made from leather with a textured pattern and standard fit.
P01580,UrbanThread Comfort Black Sneakers,Footwear,Sneakers,Men,3899,Black,Grey,Textured,Casual,1,Casual Outing,Winter,Synthetic,Standard,UrbanThread,4.6,3328,Casual Sneakers in Black with Grey accents. Designed for casual outing occasions and suitable for winter wear. Made from synthetic with a textured pattern and standard fit.
P01095,CoutureLane Modern Olive Striped Casual Dress,Dress,Casual Dress,Women,2299,Olive,Cream,Striped,Smart Casual,2,College,Summer,Linen,Regular,CoutureLane,4.2,808,Smart Casual Casual Dress in Olive with Cream accents. Designed for college occasions and suitable for summer wear. Made from linen with a striped pattern and regular fit.
P01041,ClassicEdge Elegant Navy Checked Skirt,Bottom,Skirt,Women,2399,Navy,Cream,Checked,Party,2,Farewell,Summer,Rayon,Relaxed,ClassicEdge,4.5,1479,Party Skirt in Navy with Cream accents. Designed for farewell occasions and suitable for summer wear. Made from rayon with a checked pattern and relaxed fit.
P01008,ClassicEdge Classic Grey Skirt,Bottom,Skirt,Women,999,Grey,Black,Solid,Smart Casual,2,Farewell,Winter,Polyester,Relaxed,ClassicEdge,4.9,1059,Smart Casual Skirt in Grey with Black accents. Designed for farewell occasions and suitable for winter wear. Made from polyester with a solid pattern and relaxed fit.
P01991,VibeWear Essential Grey Sandals,Footwear,Sandals,Women,1399,Grey,Maroon,Textured,Casual,1,Casual Outing,Summer,Leather,Standard,VibeWear,4.7,449,Casual Sandals in Grey with Maroon accents. Designed for casual outing occasions and suitable for summer wear. Made from leather with a textured pattern and standard fit.
P02193,ModaStreet Stylish White Printed Shoulder Bag,Accessory,Shoulder Bag,Unisex,1499,White,Navy,Printed,Party,2,Party,Summer,Leather,Standard,ModaStreet,4.3,3213,Party Shoulder Bag in White with Navy accents. Designed for party occasions and suitable for summer wear. Made from leather with a printed pattern and standard fit.
P02196,VibeWear Stylish Navy Shoulder Bag,Accessory,Shoulder Bag,Women,2699,Navy,White,Solid,Party,2,Party,All Season,Faux Leather,Standard,VibeWear,3.6,2480,Party Shoulder Bag in Navy with White accents. Designed for party occasions and suitable for all season wear. Made from faux leather with a solid pattern and standard fit.
P00053,DailyMode Sport Beige Striped T-Shirt,Top,T-Shirt,Unisex,1099,Beige,Black,Striped,Sporty,1,Casual Outing,Monsoon,Cotton,Oversized,DailyMode,4.9,4533,Sporty T-Shirt in Beige with Black accents. Designed for casual outing occasions and suitable for monsoon wear. Made from cotton with a striped pattern and oversized fit.
P01347,VibeWear Refined White Blazer,Outerwear,Blazer,Men,5199,White,Blue,Solid,Smart Casual,2,Casual Outing,All Season,Wool Blend,Regular,VibeWear,4.8,4528,Smart Casual Blazer in White with Blue accents. Designed for casual outing occasions and suitable for all season wear. Made from wool blend with a solid pattern and regular fit.
P00648,DailyMode Premium Pink Jeans,Bottom,Jeans,Men,2999,Pink,Grey,Textured,Smart Casual,2,Casual Outing,Summer,Denim,Straight,DailyMode,4.7,3794,Smart Casual Jeans in Pink with Grey accents. Designed for casual outing occasions and suitable for summer wear. Made from denim with a textured pattern and straight fit.
P01851,CoutureLane Premium Pink Formal Shoes,Footwear,Formal Shoes,Men,3999,Pink,Navy,Solid,Formal,3,Farewell,Summer,Leather,Standard,CoutureLane,4.2,3795,Formal Shoes in Pink with Navy accents. Designed for farewell occasions and suitable for summer wear. Made from leather with a solid pattern and standard fit.
P01551,ClassicEdge Essential White Sneakers,Footwear,Sneakers,Unisex,2799,White,Navy,Solid,Casual,1,Casual Outing,Monsoon,Mesh,Standard,ClassicEdge,3.6,4869,Casual Sneakers in White with Navy accents. Designed for casual outing occasions and suitable for monsoon wear. Made from mesh with a solid pattern and standard fit.
P01406,UrbanThread Premium Maroon Denim Jacket,Outerwear,Denim Jacket,Women,2499,Maroon,White,Solid,Smart Casual,2,College,Winter,Cotton,Oversized,UrbanThread,4.4,1035,Smart Casual Denim Jacket in Maroon with White accents. Designed for college occasions and suitable for winter wear. Made from cotton with a solid pattern and oversized fit.
P02278,TrendAura Everyday Navy Printed Backpack,Accessory,Backpack,Men,2099,Navy,Grey,Printed,Casual,1,College,All Season,Synthetic,Standard,TrendAura,3.8,1681,Casual Backpack in Navy with Grey accents. Designed for college occasions and suitable for all season wear. Made from synthetic with a printed pattern and standard fit.
P00795,TrendAura Premium Cream Checked Trousers,Bottom,Trousers,Men,2599,Cream,Beige,Checked,Formal,3,Farewell,All Season,Wool Blend,Slim,TrendAura,4.3,2250,Formal Trousers in Cream with Beige accents. Designed for farewell occasions and suitable for all season wear. Made from wool blend with a checked pattern and slim fit.
P00954,MetroFit Comfort Blue Chinos,Bottom,Chinos,Men,1699,Blue,White,Solid,Casual,1,College,All Season,Cotton,Slim,MetroFit,4.7,3310,Casual Chinos in Blue with White accents. Designed for college occasions and suitable for all season wear. Made from cotton with a solid pattern and slim fit.
P00955,ClassicEdge Classic Green Chinos,Bottom,Chinos,Men,1899,Green,White,Textured,Smart Casual,2,Farewell,Summer,Cotton Blend,Straight,ClassicEdge,4.7,4078,Smart Casual Chinos in Green with White accents. Designed for farewell occasions and suitable for summer wear. Made from cotton blend with a textured pattern and straight fit.
P01671,UrbanThread Comfort Brown Printed Sneakers,Footwear,Sneakers,Men,2099,Brown,Cream,Printed,Casual,1,Casual Outing,Monsoon,Synthetic,Standard,UrbanThread,4.6,383,Casual Sneakers in Brown with Cream accents. Designed for casual outing occasions and suitable for monsoon wear. Made from synthetic with a printed pattern and standard fit.
P00201,Northline Classic White Printed Shirt,Top,Shirt,Men,2299,White,Beige,Printed,Casual,1,Casual Outing,Monsoon,Linen,Regular,Northline,4.0,3818,Casual Shirt in White with Beige accents. Designed for casual outing occasions and suitable for monsoon wear. Made from linen with a printed pattern and regular fit.
P01373,ModaStreet Premium Maroon Checked Blazer,Outerwear,Blazer,Men,4299,Maroon,Black,Checked,Formal,3,Office,Winter,Polyester,Regular,ModaStreet,4.4,4556,Formal Blazer in Maroon with Black accents. Designed for office occasions and suitable for winter wear. Made from polyester with a checked pattern and regular fit.
P01558,ModaStreet Performance Pink Printed Sneakers,Footwear,Sneakers,Women,3299,Pink,Navy,Printed,Sporty,1,College,Monsoon,Synthetic,Standard,ModaStreet,4.4,940,Sporty Sneakers in Pink with Navy accents. Designed for college occasions and suitable for monsoon wear. Made from synthetic with a printed pattern and standard fit.
P00907,MetroFit Premium Maroon Chinos,Bottom,Chinos,Men,2799,Maroon,Black,Solid,Smart Casual,2,College,Winter,Cotton Blend,Straight,MetroFit,4.3,3892,Smart Casual Chinos in Maroon with Black accents. Designed for college occasions and suitable for winter wear. Made from cotton blend with a solid pattern and straight fit.
P00117,TrendAura Classic Maroon T-Shirt,Top,T-Shirt,Women,1799,Maroon,Navy,Textured,Casual,1,College,All Season,Polyester,Relaxed,TrendAura,3.8,4978,Casual T-Shirt in Maroon with Navy accents. Designed for college occasions and suitable for all season wear. Made from polyester with a textured pattern and relaxed fit.
P00432,VibeWear Classic Pink Printed Blouse,Top,Blouse,Women,899,Pink,White,Printed,Formal,3,Office,All Season,Silk Blend,Regular,VibeWear,3.9,736,Formal Blouse in Pink with White accents. Designed for office occasions and suitable for all season wear. Made from silk blend with a printed pattern and regular fit.
P01421,DailyMode Classic Beige Denim Jacket,Outerwear,Denim Jacket,Women,2999,Beige,Black,Solid,Casual,1,Casual Outing,Winter,Denim,Oversized,DailyMode,3.5,669,Casual Denim Jacket in Beige with Black accents. Designed for casual outing occasions and suitable for winter wear. Made from denim with a solid pattern and oversized fit.
P01002,CoutureLane Classic Brown Skirt,Bottom,Skirt,Women,999,Brown,Olive,Solid,Casual,1,Casual Outing,Winter,Cotton,A-Line,CoutureLane,3.9,3871,Casual Skirt in Brown with Olive accents. Designed for casual outing occasions and suitable for winter wear. Made from cotton with a solid pattern and a-line fit.
P01812,ClassicEdge Elegant Navy Formal Shoes,Footwear,Formal Shoes,Men,2899,Navy,Cream,Textured,Formal,3,Office,Summer,Faux Leather,Standard,ClassicEdge,4.2,4080,Formal Shoes in Navy with Cream accents. Designed for office occasions and suitable for summer wear. Made from faux leather with a textured pattern and standard fit.
P01642,DailyMode Sport Black Sneakers,Footwear,Sneakers,Women,3399,Black,Blue,Textured,Sporty,1,College,Winter,Mesh,Standard,DailyMode,4.1,218,Sporty Sneakers in Black with Blue accents. Designed for college occasions and suitable for winter wear. Made from mesh with a textured pattern and standard fit.
P00628,TrendAura Refined Brown Jeans,Bottom,Jeans,Women,1199,Brown,White,Textured,Smart Casual,2,College,Winter,Denim,Relaxed,TrendAura,4.0,629,Smart Casual Jeans in Brown with White accents. Designed for college occasions and suitable for winter wear. Made from denim with a textured pattern and relaxed fit.
P00447,TrendAura Premium Pink Knit Top,Top,Knit Top,Women,899,Pink,Black,Solid,Smart Casual,2,Farewell,All Season,Cotton,Slim,TrendAura,4.3,4206,Smart Casual Knit Top in Pink with Black accents. Designed for farewell occasions and suitable for all season wear. Made from cotton with a solid pattern and slim fit.
P01773,VibeWear Elegant Black Loafers,Footwear,Loafers,Women,3199,Black,Grey,Solid,Formal,3,Office,All Season,Leather,Standard,VibeWear,3.9,2550,Formal Loafers in Black with Grey accents. Designed for office occasions and suitable for all season wear. Made from leather with a solid pattern and standard fit.
P01078,CoutureLane Modern Grey Casual Dress,Dress,Casual Dress,Women,3399,Grey,Black,Solid,Smart Casual,2,College,All Season,Linen,Relaxed,CoutureLane,4.8,4193,Smart Casual Casual Dress in Grey with Black accents. Designed for college occasions and suitable for all season wear. Made from linen with a solid pattern and relaxed fit.
P00977,ModaStreet Refined Green Skirt,Bottom,Skirt,Women,1299,Green,Cream,Textured,Smart Casual,2,College,Winter,Cotton,Relaxed,ModaStreet,4.6,1771,Smart Casual Skirt in Green with Cream accents. Designed for college occasions and suitable for winter wear. Made from cotton with a textured pattern and relaxed fit.
P00775,Northline Executive Maroon Checked Trousers,Bottom,Trousers,Women,3099,Maroon,Navy,Checked,Formal,3,Farewell,All Season,Polyester,Slim,Northline,4.4,2677,Formal Trousers in Maroon with Navy accents. Designed for farewell occasions and suitable for all season wear. Made from polyester with a checked pattern and slim fit.
P00148,CoutureLane Performance Olive Printed T-Shirt,Top,T-Shirt,Unisex,1399,Olive,Cream,Printed,Sporty,1,Casual Outing,Summer,Cotton,Relaxed,CoutureLane,4.8,1170,Sporty T-Shirt in Olive with Cream accents. Designed for casual outing occasions and suitable for summer wear. Made from cotton with a printed pattern and relaxed fit.
P01806,Northline Executive Black Formal Shoes,Footwear,Formal Shoes,Men,4699,Black,Navy,Textured,Formal,3,Farewell,Winter,Faux Leather,Standard,Northline,4.1,3580,Formal Shoes in Black with Navy accents. Designed for farewell occasions and suitable for winter wear. Made from faux leather with a textured pattern and standard fit.
P01364,CoutureLane Premium Navy Checked Blazer,Outerwear,Blazer,Women,2799,Navy,Beige,Checked,Smart Casual,2,Farewell,All Season,Wool Blend,Slim,CoutureLane,4.2,4702,Smart Casual Blazer in Navy with Beige accents. Designed for farewell occasions and suitable for all season wear. Made from wool blend with a checked pattern and slim fit.
P00854,UrbanThread Classic Beige Chinos,Bottom,Chinos,Men,1899,Beige,Black,Textured,Casual,1,Casual Outing,Winter,Cotton,Slim,UrbanThread,3.6,107,Casual Chinos in Beige with Black accents. Designed for casual outing occasions and suitable for winter wear. Made from cotton with a textured pattern and slim fit.
P01821,ModaStreet Elegant Blue Formal Shoes,Footwear,Formal Shoes,Men,4699,Blue,Brown,Solid,Formal,3,Office,Winter,Leather,Standard,ModaStreet,3.9,352,Formal Shoes in Blue with Brown accents. Designed for office occasions and suitable for winter wear. Made from leather with a solid pattern and standard fit.
P01836,DailyMode Premium Cream Formal Shoes,Footwear,Formal Shoes,Men,2599,Cream,Beige,Solid,Formal,3,Office,Summer,Leather,Standard,DailyMode,4.7,4130,Formal Shoes in Cream with Beige accents. Designed for office occasions and suitable for summer wear. Made from leather with a solid pattern and standard fit.
P01377,VibeWear Premium Brown Blazer,Outerwear,Blazer,Men,5499,Brown,White,Textured,Formal,3,Office,All Season,Cotton Blend,Slim,VibeWear,3.7,4343,Formal Blazer in Brown with White accents. Designed for office occasions and suitable for all season wear. Made from cotton blend with a textured pattern and slim fit.
P00457,StyleCraft Classic Grey Knit Top,Top,Knit Top,Women,1099,Grey,Black,Solid,Casual,1,Casual Outing,All Season,Rayon,Slim,StyleCraft,4.4,3054,Casual Knit Top in Grey with Black accents. Designed for casual outing occasions and suitable for all season wear. Made from rayon with a solid pattern and slim fit.
P01680,ClassicEdge Sport Green Sneakers,Footwear,Sneakers,Unisex,4399,Green,Cream,Textured,Sporty,1,Casual Outing,Summer,Mesh,Standard,ClassicEdge,4.7,4125,Sporty Sneakers in Green with Cream accents. Designed for casual outing occasions and suitable for summer wear. Made from mesh with a textured pattern and standard fit.
P02212,ClassicEdge Stylish White Shoulder Bag,Accessory,Shoulder Bag,Unisex,999,White,Navy,Textured,Party,2,Party,All Season,Faux Leather,Standard,ClassicEdge,4.7,2396,Party Shoulder Bag in White with Navy accents. Designed for party occasions and suitable for all season wear. Made from faux leather with a textured pattern and standard fit.
P00644,StyleCraft Classic Olive Jeans,Bottom,Jeans,Women,1499,Olive,Black,Solid,Casual,1,College,Winter,Cotton,Relaxed,StyleCraft,4.4,1480,Casual Jeans in Olive with Black accents. Designed for college occasions and suitable for winter wear. Made from cotton with a solid pattern and relaxed fit.
P01037,MetroFit Essential White Skirt,Bottom,Skirt,Women,2299,White,Olive,Solid,Casual,1,Casual Outing,All Season,Polyester,Straight,MetroFit,4.0,3911,Casual Skirt in White with Olive accents. Designed for casual outing occasions and suitable for all season wear. Made from polyester with a solid pattern and straight fit.
P01827,Northline Elegant Olive Formal Shoes,Footwear,Formal Shoes,Men,2599,Olive,Brown,Solid,Formal,3,Office,All Season,Leather,Standard,Northline,4.1,4172,Formal Shoes in Olive with Brown accents. Designed for office occasions and suitable for all season wear. Made from leather with a solid pattern and standard fit.
P00879,VibeWear Essential Olive Chinos,Bottom,Chinos,Men,1599,Olive,Brown,Textured,Casual,1,Casual Outing,Summer,Cotton Blend,Regular,VibeWear,4.5,4854,Casual Chinos in Olive with Brown accents. Designed for casual outing occasions and suitable for summer wear. Made from cotton blend with a textured pattern and regular fit.
P01173,CoutureLane Essential Black Casual Dress,Dress,Casual Dress,Women,3299,Black,Beige,Solid,Casual,1,Casual Outing,Summer,Linen,Relaxed,CoutureLane,4.7,664,Casual Dress in Black with Beige accents. Designed for casual outing occasions and suitable for summer wear. Made from linen with a solid pattern and relaxed fit.
P01442,ClassicEdge Everyday Beige Denim Jacket,Outerwear,Denim Jacket,Men,1799,Beige,Olive,Solid,Casual,1,Casual Outing,Winter,Denim,Relaxed,ClassicEdge,3.7,3446,Casual Denim Jacket in Beige with Olive accents. Designed for casual outing occasions and suitable for winter wear. Made from denim with a solid pattern and relaxed fit.
P01963,MetroFit Modern Brown Sandals,Footwear,Sandals,Women,1799,Brown,Cream,Textured,Smart Casual,2,College,All Season,Leather,Standard,MetroFit,4.8,4315,Smart Casual Sandals in Brown with Cream accents. Designed for college occasions and suitable for all season wear. Made from leather with a textured pattern and standard fit.
P02280,MetroFit Essential Olive Backpack,Accessory,Backpack,Women,1899,Olive,Cream,Textured,Casual,1,Casual Outing,All Season,Synthetic,Standard,MetroFit,4.9,3410,Casual Backpack in Olive with Cream accents. Designed for casual outing occasions and suitable for all season wear. Made from synthetic with a textured pattern and standard fit.
P00111,MetroFit Active Beige Striped T-Shirt,Top,T-Shirt,Women,1699,Beige,Maroon,Striped,Sporty,1,Casual Outing,Monsoon,Polyester,Relaxed,MetroFit,4.4,2766,Sporty T-Shirt in Beige with Maroon accents. Designed for casual outing occasions and suitable for monsoon wear. Made from polyester with a striped pattern and relaxed fit.
P01518,VibeWear Premium Brown Checked Overshirt,Outerwear,Overshirt,Women,2099,Brown,White,Checked,Smart Casual,2,College,Monsoon,Linen,Oversized,VibeWear,4.7,2418,Smart Casual Overshirt in Brown with White accents. Designed for college occasions and suitable for monsoon wear. Made from linen with a checked pattern and oversized fit.
P01163,StyleCraft Everyday Cream Casual Dress,Dress,Casual Dress,Women,2099,Cream,Black,Solid,Casual,1,Casual Outing,All Season,Rayon,Regular,StyleCraft,3.6,2115,Casual Dress in Cream with Black accents. Designed for casual outing occasions and suitable for all season wear. Made from rayon with a solid pattern and regular fit.
P01456,UrbanThread Refined Green Denim Jacket,Outerwear,Denim Jacket,Men,3199,Green,Beige,Solid,Smart Casual,2,Casual Outing,Monsoon,Denim,Relaxed,UrbanThread,4.0,4290,Smart Casual Denim Jacket in Green with Beige accents. Designed for casual outing occasions and suitable for monsoon wear. Made from denim with a solid pattern and relaxed fit.
P01305,CoutureLane Premium Cream Checked Blazer,Outerwear,Blazer,Men,6399,Cream,Maroon,Checked,Formal,3,Farewell,All Season,Polyester,Slim,CoutureLane,4.2,3174,Formal Blazer in Cream with Maroon accents. Designed for farewell occasions and suitable for all season wear. Made from polyester with a checked pattern and slim fit.
P01284,DailyMode Stylish Black Formal Dress,Dress,Formal Dress,Women,4299,Black,Cream,Textured,Party,2,Party,Summer,Polyester,Slim,DailyMode,4.8,3214,Party Formal Dress in Black with Cream accents. Designed for party occasions and suitable for summer wear. Made from polyester with a textured pattern and slim fit.
P02258,StyleCraft Everyday Navy Backpack,Accessory,Backpack,Men,2399,Navy,Grey,Solid,Casual,1,College,Summer,Polyester,Standard,StyleCraft,4.5,3020,Casual Backpack in Navy with Grey accents. Designed for college occasions and suitable for summer wear. Made from polyester with a solid pattern and standard fit.
P02102,Northline Premium Green Watch,Accessory,Watch,Unisex,4599,Green,Brown,Textured,Smart Casual,2,College,All Season,Leather,Standard,Northline,3.8,3360,Smart Casual Watch in Green with Brown accents. Designed for college occasions and suitable for all season wear. Made from leather with a textured pattern and standard fit.
P01252,DailyMode Executive Brown Formal Dress,Dress,Formal Dress,Women,1799,Brown,Cream,Textured,Formal,3,Farewell,Summer,Polyester,Slim,DailyMode,3.9,2143,Formal Dress in Brown with Cream accents. Designed for farewell occasions and suitable for summer wear. Made from polyester with a textured pattern and slim fit.
P02045,CoutureLane Classic Blue Belt,Accessory,Belt,Women,1199,Blue,Brown,Solid,Smart Casual,2,Casual Outing,All Season,Faux Leather,Standard,CoutureLane,3.7,245,Smart Casual Belt in Blue with Brown accents. Designed for casual outing occasions and suitable for all season wear. Made from faux leather with a solid pattern and standard fit.
P01056,UrbanThread Stylish Olive Checked Skirt,Bottom,Skirt,Women,2199,Olive,White,Checked,Party,2,Party,Summer,Denim,A-Line,UrbanThread,3.7,2415,Party Skirt in Olive with White accents. Designed for party occasions and suitable for summer wear. Made from denim with a checked pattern and a-line fit.
P01753,UrbanThread Premium Green Loafers,Footwear,Loafers,Women,3499,Green,Beige,Textured,Formal,3,Farewell,Winter,Leather,Standard,UrbanThread,4.5,1010,Formal Loafers in Green with Beige accents. Designed for farewell occasions and suitable for winter wear. Made from leather with a textured pattern and standard fit.
P01188,Northline Refined Black Casual Dress,Dress,Casual Dress,Women,2499,Black,Maroon,Solid,Smart Casual,2,Casual Outing,Summer,Linen,A-Line,Northline,4.7,4042,Smart Casual Casual Dress in Black with Maroon accents. Designed for casual outing occasions and suitable for summer wear. Made from linen with a solid pattern and a-line fit.
P00699,ModaStreet Refined White Trousers,Bottom,Trousers,Women,3299,White,Black,Solid,Smart Casual,2,College,All Season,Cotton,Straight,ModaStreet,3.7,4632,Smart Casual Trousers in White with Black accents. Designed for college occasions and suitable for all season wear. Made from cotton with a solid pattern and straight fit.
P00511,ModaStreet Premium Beige Knit Top,Top,Knit Top,Women,1199,Beige,Black,Solid,Smart Casual,2,College,Winter,Rayon,Regular,ModaStreet,3.6,2983,Smart Casual Knit Top in Beige with Black accents. Designed for college occasions and suitable for winter wear. Made from rayon with a solid pattern and regular fit.
P00531,DailyMode Classic Pink Jeans,Bottom,Jeans,Women,2699,Pink,Navy,Textured,Smart Casual,2,Farewell,Winter,Cotton,Slim,DailyMode,4.3,1305,Smart Casual Jeans in Pink with Navy accents. Designed for farewell occasions and suitable for winter wear. Made from cotton with a textured pattern and slim fit.
P01632,CoutureLane Dynamic Black Printed Sneakers,Footwear,Sneakers,Unisex,3499,Black,Beige,Printed,Sporty,1,College,Winter,Synthetic,Standard,CoutureLane,3.5,809,Sporty Sneakers in Black with Beige accents. Designed for college occasions and suitable for winter wear. Made from synthetic with a printed pattern and standard fit.
P00064,MetroFit Active Green T-Shirt,Top,T-Shirt,Men,1699,Green,Cream,Solid,Sporty,1,College,All Season,Polyester,Regular,MetroFit,4.4,2232,Sporty T-Shirt in Green with Cream accents. Designed for college occasions and suitable for all season wear. Made from polyester with a solid pattern and regular fit.
P01926,CoutureLane Festive Olive Heels,Footwear,Heels,Women,3999,Olive,Beige,Solid,Party,2,Farewell,Summer,Faux Leather,Standard,CoutureLane,4.1,4977,Party Heels in Olive with Beige accents. Designed for farewell occasions and suitable for summer wear. Made from faux leather with a solid pattern and standard fit.
P02130,VibeWear Essential White Watch,Accessory,Watch,Men,1499,White,Navy,Textured,Casual,1,Casual Outing,All Season,Stainless Steel,Standard,VibeWear,3.8,711,Casual Watch in White with Navy accents. Designed for casual outing occasions and suitable for all season wear. Made from stainless steel with a textured pattern and standard fit.
P01707,ModaStreet Premium Brown Loafers,Footwear,Loafers,Men,4899,Brown,Black,Solid,Smart Casual,2,Casual Outing,Summer,Suede,Standard,ModaStreet,3.9,4756,Smart Casual Loafers in Brown with Black accents. Designed for casual outing occasions and suitable for summer wear. Made from suede with a solid pattern and standard fit.
P01164,VibeWear Refined Blue Printed Casual Dress,Dress,Casual Dress,Women,2899,Blue,Grey,Printed,Smart Casual,2,Casual Outing,All Season,Cotton,Regular,VibeWear,3.6,780,Smart Casual Casual Dress in Blue with Grey accents. Designed for casual outing occasions and suitable for all season wear. Made from cotton with a printed pattern and regular fit.
P00727,CoutureLane Classic Navy Checked Trousers,Bottom,Trousers,Men,2299,Navy,Grey,Checked,Formal,3,Farewell,Winter,Polyester,Straight,CoutureLane,3.9,818,Formal Trousers in Navy with Grey accents. Designed for farewell occasions and suitable for winter wear. Made from polyester with a checked pattern and straight fit.
P01622,MetroFit Everyday Grey Printed Sneakers,Footwear,Sneakers,Men,4699,Grey,White,Printed,Casual,1,Casual Outing,All Season,Leather,Standard,MetroFit,4.2,4517,Casual Sneakers in Grey with White accents. Designed for casual outing occasions and suitable for all season wear. Made from leather with a printed pattern and standard fit.
P00610,ClassicEdge Comfort Pink Jeans,Bottom,Jeans,Women,1999,Pink,Beige,Textured,Casual,1,College,Summer,Denim,Slim,ClassicEdge,4.9,3733,Casual Jeans in Pink with Beige accents. Designed for college occasions and suitable for summer wear. Made from denim with a textured pattern and slim fit.
P02180,StyleCraft Stylish Beige Printed Shoulder Bag,Accessory,Shoulder Bag,Women,1399,Beige,Maroon,Printed,Party,2,Party,Winter,Canvas,Standard,StyleCraft,3.7,3016,Party Shoulder Bag in Beige with Maroon accents. Designed for party occasions and suitable for winter wear. Made from canvas with a printed pattern and standard fit.
P01885,UrbanThread Elegant Maroon Heels,Footwear,Heels,Women,3899,Maroon,Beige,Solid,Party,2,Party,Winter,Suede,Standard,UrbanThread,4.0,1731,Party Heels in Maroon with Beige accents. Designed for party occasions and suitable for winter wear. Made from suede with a solid pattern and standard fit.
P00584,CoutureLane Everyday Olive Jeans,Bottom,Jeans,Women,1599,Olive,Cream,Solid,Casual,1,Casual Outing,Winter,Cotton,Relaxed,CoutureLane,4.4,2766,Casual Jeans in Olive with Cream accents. Designed for casual outing occasions and suitable for winter wear. Made from cotton with a solid pattern and relaxed fit.
P02072,Northline Refined White Belt,Accessory,Belt,Unisex,1099,White,Olive,Solid,Smart Casual,2,Farewell,All Season,Faux Leather,Standard,Northline,4.8,2008,Smart Casual Belt in White with Olive accents. Designed for farewell occasions and suitable for all season wear. Made from faux leather with a solid pattern and standard fit.
P01312,UrbanThread Premium Beige Blazer,Outerwear,Blazer,Men,5799,Beige,Navy,Solid,Formal,3,Office,All Season,Wool Blend,Regular,UrbanThread,3.9,3189,Formal Blazer in Beige with Navy accents. Designed for office occasions and suitable for all season wear. Made from wool blend with a solid pattern and regular fit.
P01949,ModaStreet Executive Pink Heels,Footwear,Heels,Women,3699,Pink,Grey,Textured,Formal,3,Office,Summer,Faux Leather,Standard,ModaStreet,3.6,3826,Formal Heels in Pink with Grey accents. Designed for office occasions and suitable for summer wear. Made from faux leather with a textured pattern and standard fit.
P02211,ClassicEdge Statement Olive Shoulder Bag,Accessory,Shoulder Bag,Unisex,999,Olive,Black,Textured,Party,2,Farewell,All Season,Canvas,Standard,ClassicEdge,3.9,2326,Party Shoulder Bag in Olive with Black accents. Designed for farewell occasions and suitable for all season wear. Made from canvas with a textured pattern and standard fit.
P00873,Northline Comfort Pink Chinos,Bottom,Chinos,Men,1899,Pink,Black,Textured,Casual,1,College,All Season,Cotton Blend,Slim,Northline,4.6,2990,Casual Chinos in Pink with Black accents. Designed for college occasions and suitable for all season wear. Made from cotton blend with a textured pattern and slim fit.
P01524,MetroFit Classic White Checked Overshirt,Outerwear,Overshirt,Women,1399,White,Blue,Checked,Casual,1,College,Monsoon,Denim,Relaxed,MetroFit,4.7,1183,Casual Overshirt in White with Blue accents. Designed for college occasions and suitable for monsoon wear. Made from denim with a checked pattern and relaxed fit.
P01898,MetroFit Festive Blue Heels,Footwear,Heels,Women,3899,Blue,Brown,Solid,Party,2,Party,All Season,Synthetic,Standard,MetroFit,4.7,3397,Party Heels in Blue with Brown accents. Designed for party occasions and suitable for all season wear. Made from synthetic with a solid pattern and standard fit.
P02067,MetroFit Classic Grey Belt,Accessory,Belt,Unisex,1399,Grey,Beige,Textured,Smart Casual,2,Farewell,All Season,Faux Leather,Standard,MetroFit,4.3,2611,Smart Casual Belt in Grey with Beige accents. Designed for farewell occasions and suitable for all season wear. Made from faux leather with a textured pattern and standard fit.
P00826,DailyMode Elegant Beige Trousers,Bottom,Trousers,Women,1499,Beige,Navy,Solid,Formal,3,Office,All Season,Cotton,Slim,DailyMode,4.5,1193,Formal Trousers in Beige with Navy accents. Designed for office occasions and suitable for all season wear. Made from cotton with a solid pattern and slim fit.
P02002,UrbanThread Refined Green Sandals,Footwear,Sandals,Women,1499,Green,Beige,Textured,Smart Casual,2,Farewell,Summer,Leather,Standard,UrbanThread,3.9,3472,Smart Casual Sandals in Green with Beige accents. Designed for farewell occasions and suitable for summer wear. Made from leather with a textured pattern and standard fit.
P00089,ModaStreet Comfort Grey Printed T-Shirt,Top,T-Shirt,Unisex,1699,Grey,White,Printed,Casual,1,Casual Outing,Summer,Polyester,Regular,ModaStreet,3.7,236,Casual T-Shirt in Grey with White accents. Designed for casual outing occasions and suitable for summer wear. Made from polyester with a printed pattern and regular fit.
P00226,ClassicEdge Refined Black Printed Shirt,Top,Shirt,Men,2099,Black,Beige,Printed,Smart Casual,2,Farewell,Summer,Cotton,Relaxed,ClassicEdge,4.7,4681,Smart Casual Shirt in Black with Beige accents. Designed for farewell occasions and suitable for summer wear. Made from cotton with a printed pattern and relaxed fit.
P02251,UrbanThread Active Pink Backpack,Accessory,Backpack,Men,999,Pink,Beige,Textured,Sporty,1,College,Summer,Canvas,Standard,UrbanThread,4.1,3738,Sporty Backpack in Pink with Beige accents. Designed for college occasions and suitable for summer wear. Made from canvas with a textured pattern and standard fit.
P00635,Northline Premium Blue Jeans,Bottom,Jeans,Men,2499,Blue,Grey,Solid,Smart Casual,2,College,Summer,Denim,Straight,Northline,4.7,4705,Smart Casual Jeans in Blue with Grey accents. Designed for college occasions and suitable for summer wear. Made from denim with a solid pattern and straight fit.
P02075,StyleCraft Refined Olive Belt,Accessory,Belt,Women,999,Olive,Black,Textured,Smart Casual,2,College,All Season,Leather,Standard,StyleCraft,4.3,571,Smart Casual Belt in Olive with Black accents. Designed for college occasions and suitable for all season wear. Made from leather with a textured pattern and standard fit.
P01705,TrendAura Premium Grey Loafers,Footwear,Loafers,Men,3499,Grey,White,Textured,Smart Casual,2,Casual Outing,Winter,Leather,Standard,TrendAura,4.7,521,Smart Casual Loafers in Grey with White accents. Designed for casual outing occasions and suitable for winter wear. Made from leather with a textured pattern and standard fit.
P01316,ClassicEdge Modern Brown Checked Blazer,Outerwear,Blazer,Men,2599,Brown,Black,Checked,Smart Casual,2,College,Winter,Polyester,Slim,ClassicEdge,4.8,2202,Smart Casual Blazer in Brown with Black accents. Designed for college occasions and suitable for winter wear. Made from polyester with a checked pattern and slim fit.
P01401,ModaStreet Essential Grey Denim Jacket,Outerwear,Denim Jacket,Men,2299,Grey,Maroon,Solid,Casual,1,College,Monsoon,Cotton,Oversized,ModaStreet,3.5,4572,Casual Denim Jacket in Grey with Maroon accents. Designed for college occasions and suitable for monsoon wear. Made from cotton with a solid pattern and oversized fit.
P00948,VibeWear Premium Brown Chinos,Bottom,Chinos,Men,1199,Brown,White,Textured,Smart Casual,2,Farewell,All Season,Cotton,Regular,VibeWear,4.1,178,Smart Casual Chinos in Brown with White accents. Designed for farewell occasions and suitable for all season wear. Made from cotton with a textured pattern and regular fit.
P00641,TrendAura Refined Blue Jeans,Bottom,Jeans,Men,2599,Blue,Grey,Textured,Smart Casual,2,Casual Outing,All Season,Cotton,Straight,TrendAura,4.1,4599,Smart Casual Jeans in Blue with Grey accents. Designed for casual outing occasions and suitable for all season wear. Made from cotton with a textured pattern and straight fit.
P00567,CoutureLane Classic Blue Jeans,Bottom,Jeans,Women,2699,Blue,Grey,Solid,Smart Casual,2,College,Winter,Cotton,Relaxed,CoutureLane,3.9,4942,Smart Casual Jeans in Blue with Grey accents. Designed for college occasions and suitable for winter wear. Made from cotton with a solid pattern and relaxed fit.
P00609,UrbanThread Refined Maroon Jeans,Bottom,Jeans,Men,2899,Maroon,Beige,Textured,Smart Casual,2,College,Monsoon,Cotton,Relaxed,UrbanThread,4.3,2487,Smart Casual Jeans in Maroon with Beige accents. Designed for college occasions and suitable for monsoon wear. Made from cotton with a textured pattern and relaxed fit.
P02293,VibeWear Sport Beige Backpack,Accessory,Backpack,Men,2399,Beige,Black,Solid,Sporty,1,Casual Outing,Summer,Canvas,Standard,VibeWear,3.7,1274,Sporty Backpack in Beige with Black accents. Designed for casual outing occasions and suitable for summer wear. Made from canvas with a solid pattern and standard fit.
P01491,ClassicEdge Comfort Brown Overshirt,Outerwear,Overshirt,Men,1699,Brown,Olive,Solid,Casual,1,College,Winter,Cotton,Regular,ClassicEdge,4.2,3226,Casual Overshirt in Brown with Olive accents. Designed for college occasions and suitable for winter wear. Made from cotton with a solid pattern and regular fit.
P01253,DailyMode Executive Cream Printed Formal Dress,Dress,Formal Dress,Women,4299,Cream,Black,Printed,Formal,3,Office,Winter,Polyester,Regular,DailyMode,3.9,1293,Formal Dress in Cream with Black accents. Designed for office occasions and suitable for winter wear. Made from polyester with a printed pattern and regular fit.
P01193,UrbanThread Classic Blue Formal Dress,Dress,Formal Dress,Women,2799,Blue,Grey,Solid,Formal,3,Office,Winter,Rayon,A-Line,UrbanThread,4.0,2851,Formal Dress in Blue with Grey accents. Designed for office occasions and suitable for winter wear. Made from rayon with a solid pattern and a-line fit.
P01881,ClassicEdge Statement Brown Heels,Footwear,Heels,Women,2399,Brown,Black,Textured,Party,2,Party,Summer,Faux Leather,Standard,ClassicEdge,4.2,3730,Party Heels in Brown with Black accents. Designed for party occasions and suitable for summer wear. Made from faux leather with a textured pattern and standard fit.
P00583,StyleCraft Modern Olive Jeans,Bottom,Jeans,Men,2899,Olive,Beige,Solid,Smart Casual,2,Casual Outing,Monsoon,Denim,Straight,StyleCraft,3.6,888,Smart Casual Jeans in Olive with Beige accents. Designed for casual outing occasions and suitable for monsoon wear. Made from denim with a solid pattern and straight fit.
P01203,VibeWear Statement White Printed Formal Dress,Dress,Formal Dress,Women,2199,White,Beige,Printed,Party,2,Party,Winter,Polyester,Regular,VibeWear,4.9,1019,Party Formal Dress in White with Beige accents. Designed for party occasions and suitable for winter wear. Made from polyester with a printed pattern and regular fit.
P01017,CoutureLane Premium Pink Skirt,Bottom,Skirt,Women,1699,Pink,Grey,Solid,Smart Casual,2,Casual Outing,Winter,Denim,A-Line,CoutureLane,4.2,750,Smart Casual Skirt in Pink with Grey accents. Designed for casual outing occasions and suitable for winter wear. Made from denim with a solid pattern and a-line fit.
P00486,MetroFit Refined Navy Knit Top,Top,Knit Top,Women,1399,Navy,Blue,Solid,Smart Casual,2,Farewell,Winter,Rayon,Relaxed,MetroFit,3.6,4299,Smart Casual Knit Top in Navy with Blue accents. Designed for farewell occasions and suitable for winter wear. Made from rayon with a solid pattern and relaxed fit.
P00964,VibeWear Classic Grey Skirt,Bottom,Skirt,Women,1999,Grey,Navy,Textured,Smart Casual,2,College,All Season,Cotton,Straight,VibeWear,4.6,2137,Smart Casual Skirt in Grey with Navy accents. Designed for college occasions and suitable for all season wear. Made from cotton with a textured pattern and straight fit.
P01922,DailyMode Festive Brown Heels,Footwear,Heels,Women,4899,Brown,Black,Textured,Party,2,Farewell,Winter,Faux Leather,Standard,DailyMode,4.0,3536,Party Heels in Brown with Black accents. Designed for farewell occasions and suitable for winter wear. Made from faux leather with a textured pattern and standard fit.
P01322,StyleCraft Premium Blue Blazer,Outerwear,Blazer,Men,4499,Blue,Black,Textured,Smart Casual,2,College,Winter,Cotton Blend,Slim,StyleCraft,3.6,70,Smart Casual Blazer in Blue with Black accents. Designed for college occasions and suitable for winter wear. Made from cotton blend with a textured pattern and slim fit.
P00018,Northline Classic Black T-Shirt,Top,T-Shirt,Unisex,1099,Black,White,Solid,Casual,1,Casual Outing,Monsoon,Cotton,Oversized,Northline,4.2,1776,Casual T-Shirt in Black with White accents. Designed for casual outing occasions and suitable for monsoon wear. Made from cotton with a solid pattern and oversized fit.
P01165,Northline Everyday Blue Printed Casual Dress,Dress,Casual Dress,Women,1499,Blue,White,Printed,Casual,1,Casual Outing,All Season,Linen,Regular,Northline,4.6,2229,Casual Dress in Blue with White accents. Designed for casual outing occasions and suitable for all season wear. Made from linen with a printed pattern and regular fit.
P01458,StyleCraft Classic Cream Denim Jacket,Outerwear,Denim Jacket,Men,1999,Cream,Black,Solid,Casual,1,Casual Outing,All Season,Denim,Relaxed,StyleCraft,4.0,4321,Casual Denim Jacket in Cream with Black accents. Designed for casual outing occasions and suitable for all season wear. Made from denim with a solid pattern and relaxed fit.
P00105,MetroFit Essential Blue T-Shirt,Top,T-Shirt,Women,1299,Blue,Grey,Solid,Casual,1,College,All Season,Polyester,Regular,MetroFit,3.6,2566,Casual T-Shirt in Blue with Grey accents. Designed for college occasions and suitable for all season wear. Made from polyester with a solid pattern and regular fit.
P02237,Northline Classic Navy Shoulder Bag,Accessory,Shoulder Bag,Women,2799,Navy,Beige,Textured,Casual,1,Casual Outing,Summer,Leather,Standard,Northline,4.1,55,Casual Shoulder Bag in Navy with Beige accents. Designed for casual outing occasions and suitable for summer wear. Made from leather with a textured pattern and standard fit.
P01862,DailyMode Elegant Green Formal Shoes,Footwear,Formal Shoes,Men,2299,Green,White,Solid,Formal,3,Office,All Season,Leather,Standard,DailyMode,4.4,4026,Formal Shoes in Green with White accents. Designed for office occasions and suitable for all season wear. Made from leather with a solid pattern and standard fit.
P02043,TrendAura Classic Pink Belt,Accessory,Belt,Unisex,599,Pink,Grey,Solid,Formal,3,Farewell,All Season,Leather,Standard,TrendAura,4.8,1775,Formal Belt in Pink with Grey accents. Designed for farewell occasions and suitable for all season wear. Made from leather with a solid pattern and standard fit.
P01774,CoutureLane Premium Cream Loafers,Footwear,Loafers,Women,4399,Cream,Olive,Textured,Smart Casual,2,Farewell,Summer,Leather,Standard,CoutureLane,4.8,158,Smart Casual Loafers in Cream with Olive accents. Designed for farewell occasions and suitable for summer wear. Made from leather with a textured pattern and standard fit.
P01179,ModaStreet Essential Blue Printed Casual Dress,Dress,Casual Dress,Women,1599,Blue,Grey,Printed,Casual,1,Casual Outing,Summer,Cotton,Regular,ModaStreet,3.6,3790,Casual Dress in Blue with Grey accents. Designed for casual outing occasions and suitable for summer wear. Made from cotton with a printed pattern and regular fit.
P00481,VibeWear Classic Green Knit Top,Top,Knit Top,Women,1999,Green,Black,Solid,Casual,1,College,All Season,Cotton,Regular,VibeWear,3.9,3737,Casual Knit Top in Green with Black accents. Designed for college occasions and suitable for all season wear. Made from cotton with a solid pattern and regular fit.
P01820,MetroFit Elegant Green Formal Shoes,Footwear,Formal Shoes,Men,3199,Green,White,Textured,Formal,3,Office,Summer,Leather,Standard,MetroFit,3.5,2973,Formal Shoes in Green with White accents. Designed for office occasions and suitable for summer wear. Made from leather with a textured pattern and standard fit.
P00529,DailyMode Premium Maroon Striped Knit Top,Top,Knit Top,Women,699,Maroon,Beige,Striped,Smart Casual,2,Farewell,Winter,Rayon,Slim,DailyMode,4.8,283,Smart Casual Knit Top in Maroon with Beige accents. Designed for farewell occasions and suitable for winter wear. Made from rayon with a striped pattern and slim fit.
P01722,StyleCraft Refined Grey Loafers,Footwear,Loafers,Men,4199,Grey,Blue,Textured,Smart Casual,2,Farewell,Summer,Faux Leather,Standard,StyleCraft,3.5,3512,Smart Casual Loafers in Grey with Blue accents. Designed for farewell occasions and suitable for summer wear. Made from faux leather with a textured pattern and standard fit.
P01584,ModaStreet Modern Brown Sneakers,Footwear,Sneakers,Women,3499,Brown,White,Solid,Smart Casual,2,College,All Season,Leather,Standard,ModaStreet,4.8,4918,Smart Casual Sneakers in Brown with White accents. Designed for college occasions and suitable for all season wear. Made from leather with a solid pattern and standard fit.
P01119,CoutureLane Classic Brown Striped Casual Dress,Dress,Casual Dress,Women,3499,Brown,Olive,Striped,Casual,1,Casual Outing,All Season,Cotton,A-Line,CoutureLane,4.7,412,Casual Dress in Brown with Olive accents. Designed for casual outing occasions and suitable for all season wear. Made from cotton with a striped pattern and a-line fit.
P00215,VibeWear Elegant Brown Striped Shirt,Top,Shirt,Men,1299,Brown,Beige,Striped,Formal,3,Office,All Season,Rayon,Regular,VibeWear,3.8,2663,Formal Shirt in Brown with Beige accents. Designed for office occasions and suitable for all season wear. Made from rayon with a striped pattern and regular fit.
P01336,UrbanThread Classic Navy Blazer,Outerwear,Blazer,Men,5999,Navy,White,Textured,Formal,3,Office,All Season,Cotton Blend,Slim,UrbanThread,4.2,3839,Formal Blazer in Navy with White accents. Designed for office occasions and suitable for all season wear. Made from cotton blend with a textured pattern and slim fit.
P01050,Northline Comfort Navy Skirt,Bottom,Skirt,Women,2299,Navy,Cream,Textured,Casual,1,College,Summer,Denim,Straight,Northline,4.5,2562,Casual Skirt in Navy with Cream accents. Designed for college occasions and suitable for summer wear. Made from denim with a textured pattern and straight fit.
P00813,TrendAura Refined Brown Trousers,Bottom,Trousers,Men,2199,Brown,Navy,Solid,Smart Casual,2,Farewell,Winter,Polyester,Regular,TrendAura,3.8,1472,Smart Casual Trousers in Brown with Navy accents. Designed for farewell occasions and suitable for winter wear. Made from polyester with a solid pattern and regular fit.
P01049,VibeWear Modern Cream Skirt,Bottom,Skirt,Women,1699,Cream,Brown,Solid,Smart Casual,2,Casual Outing,All Season,Cotton,Straight,VibeWear,4.4,2734,Smart Casual Skirt in Cream with Brown accents. Designed for casual outing occasions and suitable for all season wear. Made from cotton with a solid pattern and straight fit.
P01260,Northline Elegant White Printed Formal Dress,Dress,Formal Dress,Women,2399,White,Olive,Printed,Party,2,Party,All Season,Rayon,A-Line,Northline,3.6,4939,Party Formal Dress in White with Olive accents. Designed for party occasions and suitable for all season wear. Made from rayon with a printed pattern and a-line fit.
P01149,VibeWear Refined Cream Striped Casual Dress,Dress,Casual Dress,Women,1899,Cream,Maroon,Striped,Smart Casual,2,Casual Outing,All Season,Linen,Regular,VibeWear,4.3,2788,Smart Casual Casual Dress in Cream with Maroon accents. Designed for casual outing occasions and suitable for all season wear. Made from linen with a striped pattern and regular fit.
P01317,MetroFit Executive Olive Blazer,Outerwear,Blazer,Women,6899,Olive,Brown,Solid,Formal,3,Farewell,All Season,Wool Blend,Slim,MetroFit,4.3,3898,Formal Blazer in Olive with Brown accents. Designed for farewell occasions and suitable for all season wear. Made from wool blend with a solid pattern and slim fit.
P01503,MetroFit Everyday Beige Checked Overshirt,Outerwear,Overshirt,Men,1799,Beige,Navy,Checked,Casual,1,College,All Season,Linen,Relaxed,MetroFit,4.8,576,Casual Overshirt in Beige with Navy accents. Designed for college occasions and suitable for all season wear. Made from linen with a checked pattern and relaxed fit.
P00749,MetroFit Premium Cream Checked Trousers,Bottom,Trousers,Women,1699,Cream,Beige,Checked,Smart Casual,2,Farewell,Winter,Polyester,Straight,MetroFit,4.6,2039,Smart Casual Trousers in Cream with Beige accents. Designed for farewell occasions and suitable for winter wear. Made from polyester with a checked pattern and straight fit.
P02259,ModaStreet Sport Grey Backpack,Accessory,Backpack,Women,1899,Grey,White,Textured,Sporty,1,College,All Season,Canvas,Standard,ModaStreet,4.1,608,Sporty Backpack in Grey with White accents. Designed for college occasions and suitable for all season wear. Made from canvas with a textured pattern and standard fit.
P00299,CoutureLane Comfort Cream Shirt,Top,Shirt,Women,2999,Cream,Black,Solid,Casual,1,Casual Outing,All Season,Rayon,Relaxed,CoutureLane,4.4,3177,Casual Shirt in Cream with Black accents. Designed for casual outing occasions and suitable for all season wear. Made from rayon with a solid pattern and relaxed fit.
P01752,UrbanThread Elegant Black Loafers,Footwear,Loafers,Women,4199,Black,Beige,Textured,Formal,3,Farewell,Summer,Leather,Standard,UrbanThread,3.8,2212,Formal Loafers in Black with Beige accents. Designed for farewell occasions and suitable for summer wear. Made from leather with a textured pattern and standard fit.
P01830,TrendAura Elegant Brown Formal Shoes,Footwear,Formal Shoes,Men,4499,Brown,Black,Textured,Formal,3,Farewell,All Season,Faux Leather,Standard,TrendAura,4.3,44,Formal Shoes in Brown with Black accents. Designed for farewell occasions and suitable for all season wear. Made from faux leather with a textured pattern and standard fit.
P01064,Northline Refined Maroon Printed Casual Dress,Dress,Casual Dress,Women,3499,Maroon,Black,Printed,Smart Casual,2,Farewell,All Season,Linen,A-Line,Northline,3.8,1619,Smart Casual Casual Dress in Maroon with Black accents. Designed for farewell occasions and suitable for all season wear. Made from linen with a printed pattern and a-line fit.
P01108,DailyMode Everyday Blue Printed Casual Dress,Dress,Casual Dress,Women,3299,Blue,Black,Printed,Casual,1,College,Summer,Linen,Relaxed,DailyMode,4.5,2330,Casual Dress in Blue with Black accents. Designed for college occasions and suitable for summer wear. Made from linen with a printed pattern and relaxed fit.
P01684,Northline Premium Black Sneakers,Footwear,Sneakers,Men,1699,Black,Grey,Solid,Smart Casual,2,Farewell,Winter,Synthetic,Standard,Northline,4.9,4306,Smart Casual Sneakers in Black with Grey accents. Designed for farewell occasions and suitable for winter wear. Made from synthetic with a solid pattern and standard fit.
P00995,StyleCraft Classic Pink Skirt,Bottom,Skirt,Women,1599,Pink,Beige,Solid,Casual,1,Casual Outing,Winter,Cotton,Relaxed,StyleCraft,3.7,4031,Casual Skirt in Pink with Beige accents. Designed for casual outing occasions and suitable for winter wear. Made from cotton with a solid pattern and relaxed fit.
P01387,ModaStreet Executive Cream Checked Blazer,Outerwear,Blazer,Men,5699,Cream,Maroon,Checked,Formal,3,Office,Winter,Polyester,Regular,ModaStreet,4.3,2709,Formal Blazer in Cream with Maroon accents. Designed for office occasions and suitable for winter wear. Made from polyester with a checked pattern and regular fit.
P01067,Northline Refined Brown Striped Casual Dress,Dress,Casual Dress,Women,2599,Brown,Olive,Striped,Smart Casual,2,College,Summer,Rayon,A-Line,Northline,3.9,2037,Smart Casual Casual Dress in Brown with Olive accents. Designed for college occasions and suitable for summer wear. Made from rayon with a striped pattern and a-line fit.
P00433,StyleCraft Festive Grey Blouse,Top,Blouse,Women,899,Grey,White,Textured,Party,2,Party,Winter,Cotton,Relaxed,StyleCraft,4.6,783,Party Blouse in Grey with White accents. Designed for party occasions and suitable for winter wear. Made from cotton with a textured pattern and relaxed fit.
P00452,TrendAura Comfort Maroon Knit Top,Top,Knit Top,Women,799,Maroon,Beige,Textured,Casual,1,College,Winter,Wool Blend,Relaxed,TrendAura,4.9,4679,Casual Knit Top in Maroon with Beige accents. Designed for college occasions and suitable for winter wear. Made from wool blend with a textured pattern and relaxed fit.
P02110,VibeWear Executive Cream Watch,Accessory,Watch,Men,2499,Cream,Beige,Textured,Formal,3,Office,All Season,Synthetic,Standard,VibeWear,4.2,3840,Formal Watch in Cream with Beige accents. Designed for office occasions and suitable for all season wear. Made from synthetic with a textured pattern and standard fit.
P02172,TrendAura Festive Maroon Printed Shoulder Bag,Accessory,Shoulder Bag,Unisex,1299,Maroon,Beige,Printed,Party,2,Farewell,Summer,Leather,Standard,TrendAura,3.8,2239,Party Shoulder Bag in Maroon with Beige accents. Designed for farewell occasions and suitable for summer wear. Made from leather with a printed pattern and standard fit.
P00807,Northline Modern Cream Checked Trousers,Bottom,Trousers,Women,2099,Cream,Beige,Checked,Smart Casual,2,College,Winter,Wool Blend,Straight,Northline,4.6,703,Smart Casual Trousers in Cream with Beige accents. Designed for college occasions and suitable for winter wear. Made from wool blend with a checked pattern and straight fit.
P01426,TrendAura Classic Black Denim Jacket,Outerwear,Denim Jacket,Men,3999,Black,White,Solid,Casual,1,Casual Outing,Monsoon,Cotton,Oversized,TrendAura,4.8,3383,Casual Denim Jacket in Black with White accents. Designed for casual outing occasions and suitable for monsoon wear. Made from cotton with a solid pattern and oversized fit.
P01765,StyleCraft Classic Olive Loafers,Footwear,Loafers,Men,2099,Olive,Beige,Textured,Smart Casual,2,College,All Season,Leather,Standard,StyleCraft,4.8,1303,Smart Casual Loafers in Olive with Beige accents. Designed for college occasions and suitable for all season wear. Made from leather with a textured pattern and standard fit.
P02221,TrendAura Premium Green Shoulder Bag,Accessory,Shoulder Bag,Unisex,2999,Green,White,Textured,Smart Casual,2,College,Summer,Faux Leather,Standard,TrendAura,3.7,2818,Smart Casual Shoulder Bag in Green with White accents. Designed for college occasions and suitable for summer wear. Made from faux leather with a textured pattern and standard fit.
P00216,StyleCraft Essential Olive Striped Shirt,Top,Shirt,Women,2499,Olive,Beige,Striped,Casual,1,College,Monsoon,Cotton,Slim,StyleCraft,4.5,3048,Casual Shirt in Olive with Beige accents. Designed for college occasions and suitable for monsoon wear. Made from cotton with a striped pattern and slim fit.
P00956,ClassicEdge Classic Black Chinos,Bottom,Chinos,Men,1699,Black,Blue,Solid,Smart Casual,2,Farewell,Winter,Cotton,Straight,ClassicEdge,4.5,830,Smart Casual Chinos in Black with Blue accents. Designed for farewell occasions and suitable for winter wear. Made from cotton with a solid pattern and straight fit.
P00260,TrendAura Refined Navy Shirt,Top,Shirt,Women,999,Navy,Cream,Solid,Smart Casual,2,College,Monsoon,Rayon,Relaxed,TrendAura,3.6,1708,Smart Casual Shirt in Navy with Cream accents. Designed for college occasions and suitable for monsoon wear. Made from rayon with a solid pattern and relaxed fit.
P01218,ModaStreet Elegant Grey Printed Formal Dress,Dress,Formal Dress,Women,2499,Grey,Maroon,Printed,Party,2,Party,Summer,Rayon,A-Line,ModaStreet,4.9,2063,Party Formal Dress in Grey with Maroon accents. Designed for party occasions and suitable for summer wear. Made from rayon with a printed pattern and a-line fit.
P01183,ModaStreet Classic White Striped Casual Dress,Dress,Casual Dress,Women,3399,White,Grey,Striped,Smart Casual,2,College,All Season,Rayon,Relaxed,ModaStreet,3.6,2596,Smart Casual Casual Dress in White with Grey accents. Designed for college occasions and suitable for all season wear. Made from rayon with a striped pattern and relaxed fit.
P00982,VibeWear Modern Maroon Printed Skirt,Bottom,Skirt,Women,1199,Maroon,Grey,Printed,Smart Casual,2,Farewell,Winter,Denim,Relaxed,VibeWear,3.8,2691,Smart Casual Skirt in Maroon with Grey accents. Designed for farewell occasions and suitable for winter wear. Made from denim with a printed pattern and relaxed fit.
P02187,TrendAura Essential Maroon Shoulder Bag,Accessory,Shoulder Bag,Women,2799,Maroon,Navy,Textured,Casual,1,College,All Season,Faux Leather,Standard,TrendAura,3.6,1059,Casual Shoulder Bag in Maroon with Navy accents. Designed for college occasions and suitable for all season wear. Made from faux leather with a textured pattern and standard fit.
P01547,ClassicEdge Modern Pink Overshirt,Outerwear,Overshirt,Women,2099,Pink,Beige,Textured,Smart Casual,2,Farewell,Winter,Linen,Oversized,ClassicEdge,4.2,1386,Smart Casual Overshirt in Pink with Beige accents. Designed for farewell occasions and suitable for winter wear. Made from linen with a textured pattern and oversized fit.
P01238,TrendAura Elegant Brown Formal Dress,Dress,Formal Dress,Women,2799,Brown,Beige,Solid,Party,2,Party,Summer,Polyester,Slim,TrendAura,3.9,4286,Party Formal Dress in Brown with Beige accents. Designed for party occasions and suitable for summer wear. Made from polyester with a solid pattern and slim fit.
P01172,CoutureLane Comfort Brown Printed Casual Dress,Dress,Casual Dress,Women,1899,Brown,Black,Printed,Casual,1,Casual Outing,Summer,Cotton,Relaxed,CoutureLane,4.1,3431,Casual Dress in Brown with Black accents. Designed for casual outing occasions and suitable for summer wear. Made from cotton with a printed pattern and relaxed fit.
P01760,Northline Elegant Navy Loafers,Footwear,Loafers,Women,4799,Navy,White,Solid,Formal,3,Office,All Season,Faux Leather,Standard,Northline,3.6,1969,Formal Loafers in Navy with White accents. Designed for office occasions and suitable for all season wear. Made from faux leather with a solid pattern and standard fit.
P00505,ClassicEdge Premium Grey Knit Top,Top,Knit Top,Women,2099,Grey,Navy,Textured,Smart Casual,2,Casual Outing,All Season,Rayon,Regular,ClassicEdge,4.7,742,Smart Casual Knit Top in Grey with Navy accents. Designed for casual outing occasions and suitable for all season wear. Made from rayon with a textured pattern and regular fit.
P01532,ModaStreet Essential Brown Overshirt,Outerwear,Overshirt,Women,2299,Brown,Cream,Textured,Casual,1,Casual Outing,Winter,Denim,Relaxed,ModaStreet,4.5,1331,Casual Overshirt in Brown with Cream accents. Designed for casual outing occasions and suitable for winter wear. Made from denim with a textured pattern and relaxed fit.
P00240,ModaStreet Modern White Printed Shirt,Top,Shirt,Women,1299,White,Grey,Printed,Smart Casual,2,College,All Season,Linen,Regular,ModaStreet,3.6,3707,Smart Casual Shirt in White with Grey accents. Designed for college occasions and suitable for all season wear. Made from linen with a printed pattern and regular fit.
P01517,ClassicEdge Comfort Blue Overshirt,Outerwear,Overshirt,Women,2899,Blue,White,Solid,Casual,1,College,Monsoon,Denim,Relaxed,ClassicEdge,4.4,4609,Casual Overshirt in Blue with White accents. Designed for college occasions and suitable for monsoon wear. Made from denim with a solid pattern and relaxed fit.
P00217,StyleCraft Classic Olive Shirt,Top,Shirt,Men,1499,Olive,Black,Solid,Smart Casual,2,Farewell,All Season,Rayon,Relaxed,StyleCraft,4.9,1760,Smart Casual Shirt in Olive with Black accents. Designed for farewell occasions and suitable for all season wear. Made from rayon with a solid pattern and relaxed fit.
P00800,UrbanThread Classic Olive Trousers,Bottom,Trousers,Men,2599,Olive,Brown,Solid,Formal,3,Office,Winter,Polyester,Slim,UrbanThread,3.7,3734,Formal Trousers in Olive with Brown accents. Designed for office occasions and suitable for winter wear. Made from polyester with a solid pattern and slim fit.
P00576,UrbanThread Premium Pink Jeans,Bottom,Jeans,Men,1199,Pink,Navy,Solid,Smart Casual,2,Farewell,Summer,Cotton,Straight,UrbanThread,3.6,3562,Smart Casual Jeans in Pink with Navy accents. Designed for farewell occasions and suitable for summer wear. Made from cotton with a solid pattern and straight fit.
P02174,VibeWear Stylish Olive Shoulder Bag,Accessory,Shoulder Bag,Women,2099,Olive,Cream,Textured,Party,2,Farewell,Winter,Faux Leather,Standard,VibeWear,4.8,825,Party Shoulder Bag in Olive with Cream accents. Designed for farewell occasions and suitable for winter wear. Made from faux leather with a textured pattern and standard fit.
P02208,Northline Premium Grey Printed Shoulder Bag,Accessory,Shoulder Bag,Women,1599,Grey,Beige,Printed,Smart Casual,2,College,Winter,Leather,Standard,Northline,3.8,3180,Smart Casual Shoulder Bag in Grey with Beige accents. Designed for college occasions and suitable for winter wear. Made from leather with a printed pattern and standard fit.
P01786,UrbanThread Executive Maroon Loafers,Footwear,Loafers,Women,3499,Maroon,Black,Solid,Formal,3,Office,Winter,Suede,Standard,UrbanThread,4.4,2040,Formal Loafers in Maroon with Black accents. Designed for office occasions and suitable for winter wear. Made from suede with a solid pattern and standard fit.
P00466,VibeWear Premium Beige Knit Top,Top,Knit Top,Women,1199,Beige,White,Solid,Smart Casual,2,Casual Outing,Winter,Rayon,Slim,VibeWear,4.1,4053,Smart Casual Knit Top in Beige with White accents. Designed for casual outing occasions and suitable for winter wear. Made from rayon with a solid pattern and slim fit.
P01478,MetroFit Comfort Brown Denim Jacket,Outerwear,Denim Jacket,Women,3299,Brown,Navy,Textured,Casual,1,College,All Season,Cotton,Oversized,MetroFit,4.0,3740,Casual Denim Jacket in Brown with Navy accents. Designed for college occasions and suitable for all season wear. Made from cotton with a textured pattern and oversized fit.
P01265,ClassicEdge Elegant Beige Printed Formal Dress,Dress,Formal Dress,Women,2099,Beige,Olive,Printed,Formal,3,Office,Summer,Silk Blend,Regular,ClassicEdge,3.6,4970,Formal Dress in Beige with Olive accents. Designed for office occasions and suitable for summer wear. Made from silk blend with a printed pattern and regular fit.
P01202,ModaStreet Classic Black Printed Formal Dress,Dress,Formal Dress,Women,2799,Black,White,Printed,Formal,3,Office,Summer,Rayon,Regular,ModaStreet,4.4,2131,Formal Dress in Black with White accents. Designed for office occasions and suitable for summer wear. Made from rayon with a printed pattern and regular fit.
P02189,VibeWear Stylish Olive Printed Shoulder Bag,Accessory,Shoulder Bag,Unisex,2099,Olive,Black,Printed,Party,2,Party,Winter,Canvas,Standard,VibeWear,4.5,1506,Party Shoulder Bag in Olive with Black accents. Designed for party occasions and suitable for winter wear. Made from canvas with a printed pattern and standard fit.
P01184,ClassicEdge Everyday Black Casual Dress,Dress,Casual Dress,Women,2199,Black,Beige,Solid,Casual,1,College,All Season,Rayon,Relaxed,ClassicEdge,3.8,4054,Casual Dress in Black with Beige accents. Designed for college occasions and suitable for all season wear. Made from rayon with a solid pattern and relaxed fit.
P01302,ClassicEdge Executive Black Blazer,Outerwear,Blazer,Men,6299,Black,Maroon,Solid,Formal,3,Office,All Season,Cotton Blend,Slim,ClassicEdge,4.5,1907,Formal Blazer in Black with Maroon accents. Designed for office occasions and suitable for all season wear. Made from cotton blend with a solid pattern and slim fit.
P01787,CoutureLane Refined Pink Loafers,Footwear,Loafers,Men,4399,Pink,Black,Textured,Smart Casual,2,Farewell,All Season,Faux Leather,Standard,CoutureLane,4.6,2403,Smart Casual Loafers in Pink with Black accents. Designed for farewell occasions and suitable for all season wear. Made from faux leather with a textured pattern and standard fit.
P01376,TrendAura Classic Pink Blazer,Outerwear,Blazer,Men,5899,Pink,Grey,Solid,Formal,3,Office,Winter,Polyester,Regular,TrendAura,4.3,27,Formal Blazer in Pink with Grey accents. Designed for office occasions and suitable for winter wear. Made from polyester with a solid pattern and regular fit.
P00267,DailyMode Comfort Maroon Shirt,Top,Shirt,Men,1699,Maroon,Grey,Solid,Casual,1,Casual Outing,All Season,Linen,Slim,DailyMode,4.2,126,Casual Shirt in Maroon with Grey accents. Designed for casual outing occasions and suitable for all season wear. Made from linen with a solid pattern and slim fit.
P00145,CoutureLane Sport Olive T-Shirt,Top,T-Shirt,Men,1299,Olive,Cream,Solid,Sporty,1,Casual Outing,Summer,Polyester,Relaxed,CoutureLane,3.5,905,Sporty T-Shirt in Olive with Cream accents. Designed for casual outing occasions and suitable for summer wear. Made from polyester with a solid pattern and relaxed fit.
P01533,ModaStreet Comfort Navy Overshirt,Outerwear,Overshirt,Men,2499,Navy,White,Solid,Casual,1,Casual Outing,Winter,Denim,Regular,ModaStreet,4.3,908,Casual Overshirt in Navy with White accents. Designed for casual outing occasions and suitable for winter wear. Made from denim with a solid pattern and regular fit.
P01395,CoutureLane Classic Black Denim Jacket,Outerwear,Denim Jacket,Men,3299,Black,White,Solid,Smart Casual,2,College,All Season,Cotton,Oversized,CoutureLane,4.5,4602,Smart Casual Denim Jacket in Black with White accents. Designed for college occasions and suitable for all season wear. Made from cotton with a solid pattern and oversized fit.
P02140,DailyMode Essential Cream Watch,Accessory,Watch,Women,1099,Cream,Black,Solid,Casual,1,College,All Season,Stainless Steel,Standard,DailyMode,4.6,384,Casual Watch in Cream with Black accents. Designed for college occasions and suitable for all season wear. Made from stainless steel with a solid pattern and standard fit.
P00940,TrendAura Premium Black Chinos,Bottom,Chinos,Men,1499,Black,Beige,Textured,Smart Casual,2,College,Winter,Cotton,Straight,TrendAura,4.3,3713,Smart Casual Chinos in Black with Beige accents. Designed for college occasions and suitable for winter wear. Made from cotton with a textured pattern and straight fit.
P02246,VibeWear Everyday Pink Backpack,Accessory,Backpack,Men,1199,Pink,White,Textured,Casual,1,Casual Outing,Winter,Polyester,Standard,VibeWear,4.5,1239,Casual Backpack in Pink with White accents. Designed for casual outing occasions and suitable for winter wear. Made from polyester with a textured pattern and standard fit.
P00401,ClassicEdge Classic Beige Striped Blouse,Top,Blouse,Women,799,Beige,Brown,Striped,Formal,3,Farewell,Summer,Silk Blend,Slim,ClassicEdge,4.6,1411,Formal Blouse in Beige with Brown accents. Designed for farewell occasions and suitable for summer wear. Made from silk blend with a striped pattern and slim fit.
P01053,Northline Statement White Checked Skirt,Bottom,Skirt,Women,2699,White,Olive,Checked,Party,2,Farewell,Winter,Denim,Straight,Northline,4.7,1669,Party Skirt in White with Olive accents. Designed for farewell occasions and suitable for winter wear. Made from denim with a checked pattern and straight fit.
P00016,ClassicEdge Dynamic Green Printed T-Shirt,Top,T-Shirt,Men,1099,Green,Brown,Printed,Sporty,1,Casual Outing,Monsoon,Polyester,Regular,ClassicEdge,4.2,468,Sporty T-Shirt in Green with Brown accents. Designed for casual outing occasions and suitable for monsoon wear. Made from polyester with a printed pattern and regular fit.
P00125,ClassicEdge Performance Beige Striped T-Shirt,Top,T-Shirt,Men,1799,Beige,Olive,Striped,Sporty,1,Casual Outing,All Season,Cotton,Regular,ClassicEdge,4.6,3831,Sporty T-Shirt in Beige with Olive accents. Designed for casual outing occasions and suitable for all season wear. Made from cotton with a striped pattern and regular fit.
P00770,ClassicEdge Modern Blue Trousers,Bottom,Trousers,Women,2299,Blue,Grey,Solid,Smart Casual,2,Casual Outing,Summer,Wool Blend,Straight,ClassicEdge,4.0,4975,Smart Casual Trousers in Blue with Grey accents. Designed for casual outing occasions and suitable for summer wear. Made from wool blend with a solid pattern and straight fit.
P01900,ClassicEdge Elegant Cream Heels,Footwear,Heels,Women,4499,Cream,Olive,Textured,Party,2,Farewell,Winter,Faux Leather,Standard,ClassicEdge,4.6,3904,Party Heels in Cream with Olive accents. Designed for farewell occasions and suitable for winter wear. Made from faux leather with a textured pattern and standard fit.
P01219,ModaStreet Elegant White Printed Formal Dress,Dress,Formal Dress,Women,3499,White,Olive,Printed,Formal,3,Farewell,Summer,Polyester,A-Line,ModaStreet,4.8,4731,Formal Dress in White with Olive accents. Designed for farewell occasions and suitable for summer wear. Made from polyester with a printed pattern and a-line fit.
P01069,ClassicEdge Premium Grey Casual Dress,Dress,Casual Dress,Women,3099,Grey,Black,Solid,Smart Casual,2,Casual Outing,All Season,Rayon,Regular,ClassicEdge,4.8,3683,Smart Casual Casual Dress in Grey with Black accents. Designed for casual outing occasions and suitable for all season wear. Made from rayon with a solid pattern and regular fit.
P02269,DailyMode Everyday Black Backpack,Accessory,Backpack,Women,1799,Black,Cream,Textured,Casual,1,Casual Outing,All Season,Canvas,Standard,DailyMode,4.1,1607,Casual Backpack in Black with Cream accents. Designed for casual outing occasions and suitable for all season wear. Made from canvas with a textured pattern and standard fit.
P02230,UrbanThread Modern Green Shoulder Bag,Accessory,Shoulder Bag,Women,2499,Green,Beige,Solid,Smart Casual,2,Farewell,All Season,Leather,Standard,UrbanThread,4.0,3027,Smart Casual Shoulder Bag in Green with Beige accents. Designed for farewell occasions and suitable for all season wear. Made from leather with a solid pattern and standard fit.
P00413,ClassicEdge Classic Pink Striped Blouse,Top,Blouse,Women,1999,Pink,Navy,Striped,Casual,1,College,Summer,Silk Blend,Relaxed,ClassicEdge,4.2,1151,Casual Blouse in Pink with Navy accents. Designed for college occasions and suitable for summer wear. Made from silk blend with a striped pattern and relaxed fit.
P00421,ModaStreet Elegant Navy Striped Blouse,Top,Blouse,Women,799,Navy,White,Striped,Party,2,Farewell,Winter,Silk Blend,Relaxed,ModaStreet,4.4,2098,Party Blouse in Navy with White accents. Designed for farewell occasions and suitable for winter wear. Made from silk blend with a striped pattern and relaxed fit.
P01591,ClassicEdge Active White Printed Sneakers,Footwear,Sneakers,Men,4799,White,Black,Printed,Sporty,1,College,All Season,Leather,Standard,ClassicEdge,4.7,411,Sporty Sneakers in White with Black accents. Designed for college occasions and suitable for all season wear. Made from leather with a printed pattern and standard fit.
P00239,TrendAura Elegant Pink Printed Shirt,Top,Shirt,Men,1599,Pink,White,Printed,Formal,3,Farewell,Winter,Rayon,Relaxed,TrendAura,3.9,2605,Formal Shirt in Pink with White accents. Designed for farewell occasions and suitable for winter wear. Made from rayon with a printed pattern and relaxed fit.
P01811,StyleCraft Premium Green Formal Shoes,Footwear,Formal Shoes,Men,4399,Green,Cream,Solid,Formal,3,Office,Summer,Leather,Standard,StyleCraft,4.4,4361,Formal Shoes in Green with Cream accents. Designed for office occasions and suitable for summer wear. Made from leather with a solid pattern and standard fit.
P00344,Northline Festive Black Blouse,Top,Blouse,Women,2099,Black,Navy,Solid,Party,2,Farewell,Summer,Rayon,Relaxed,Northline,4.0,1292,Party Blouse in Black with Navy accents. Designed for farewell occasions and suitable for summer wear. Made from rayon with a solid pattern and relaxed fit.
P01351,VibeWear Modern Cream Blazer,Outerwear,Blazer,Men,3999,Cream,Maroon,Textured,Smart Casual,2,Farewell,All Season,Wool Blend,Slim,VibeWear,3.6,163,Smart Casual Blazer in Cream with Maroon accents. Designed for farewell occasions and suitable for all season wear. Made from wool blend with a textured pattern and slim fit.
P00714,Northline Executive White Checked Trousers,Bottom,Trousers,Men,2199,White,Brown,Checked,Formal,3,Farewell,Winter,Polyester,Straight,Northline,3.9,2429,Formal Trousers in White with Brown accents. Designed for farewell occasions and suitable for winter wear. Made from polyester with a checked pattern and straight fit.
P00224,ModaStreet Classic Brown Shirt,Top,Shirt,Women,1699,Brown,Cream,Solid,Casual,1,Casual Outing,Summer,Cotton,Slim,ModaStreet,4.4,2057,Casual Shirt in Brown with Cream accents. Designed for casual outing occasions and suitable for summer wear. Made from cotton with a solid pattern and slim fit.
P01550,TrendAura Premium Brown Checked Overshirt,Outerwear,Overshirt,Men,2999,Brown,Beige,Checked,Smart Casual,2,Farewell,Winter,Cotton,Regular,TrendAura,3.6,4977,Smart Casual Overshirt in Brown with Beige accents. Designed for farewell occasions and suitable for winter wear. Made from cotton with a checked pattern and regular fit.
P01635,VibeWear Dynamic Grey Sneakers,Footwear,Sneakers,Men,2199,Grey,Navy,Solid,Sporty,1,College,All Season,Mesh,Standard,VibeWear,4.9,933,Sporty Sneakers in Grey with Navy accents. Designed for college occasions and suitable for all season wear. Made from mesh with a solid pattern and standard fit.
P00080,Northline Comfort Olive T-Shirt,Top,T-Shirt,Unisex,799,Olive,Black,Solid,Casual,1,College,Monsoon,Cotton,Oversized,Northline,4.4,2078,Casual T-Shirt in Olive with Black accents. Designed for college occasions and suitable for monsoon wear. Made from cotton with a solid pattern and oversized fit.
P00952,VibeWear Comfort Maroon Chinos,Bottom,Chinos,Men,2199,Maroon,Beige,Solid,Casual,1,College,All Season,Cotton Blend,Regular,VibeWear,4.1,3853,Casual Chinos in Maroon with Beige accents. Designed for college occasions and suitable for all season wear. Made from cotton blend with a solid pattern and regular fit.
P01169,ClassicEdge Classic Olive Printed Casual Dress,Dress,Casual Dress,Women,2099,Olive,Cream,Printed,Smart Casual,2,College,All Season,Linen,A-Line,ClassicEdge,4.2,3364,Smart Casual Casual Dress in Olive with Cream accents. Designed for college occasions and suitable for all season wear. Made from linen with a printed pattern and a-line fit.
P01087,UrbanThread Premium Pink Printed Casual Dress,Dress,Casual Dress,Women,2599,Pink,Grey,Printed,Smart Casual,2,Farewell,All Season,Rayon,Regular,UrbanThread,4.2,3806,Smart Casual Casual Dress in Pink with Grey accents. Designed for farewell occasions and suitable for all season wear. Made from rayon with a printed pattern and regular fit.
P00731,ModaStreet Classic Maroon Checked Trousers,Bottom,Trousers,Women,1699,Maroon,White,Checked,Formal,3,Farewell,Winter,Cotton,Regular,ModaStreet,3.9,4663,Formal Trousers in Maroon with White accents. Designed for farewell occasions and suitable for winter wear. Made from cotton with a checked pattern and regular fit.
P01168,UrbanThread Everyday Green Casual Dress,Dress,Casual Dress,Women,2499,Green,Cream,Solid,Casual,1,College,Summer,Linen,Regular,UrbanThread,3.7,2377,Casual Dress in Green with Cream accents. Designed for college occasions and suitable for summer wear. Made from linen with a solid pattern and regular fit.
P01126,TrendAura Comfort Grey Casual Dress,Dress,Casual Dress,Women,1899,Grey,White,Solid,Casual,1,Casual Outing,Summer,Rayon,A-Line,TrendAura,4.3,816,Casual Dress in Grey with White accents. Designed for casual outing occasions and suitable for summer wear. Made from rayon with a solid pattern and a-line fit.
P00002,TrendAura Classic Cream Printed T-Shirt,Top,T-Shirt,Unisex,1199,Cream,Olive,Printed,Casual,1,Casual Outing,Summer,Cotton,Oversized,TrendAura,4.3,78,Casual T-Shirt in Cream with Olive accents. Designed for casual outing occasions and suitable for summer wear. Made from cotton with a printed pattern and oversized fit.
P00797,ModaStreet Classic Black Trousers,Bottom,Trousers,Women,2599,Black,White,Textured,Formal,3,Office,Winter,Wool Blend,Straight,ModaStreet,4.6,2955,Formal Trousers in Black with White accents. Designed for office occasions and suitable for winter wear. Made from wool blend with a textured pattern and straight fit.
P00180,MetroFit Classic Grey Checked Shirt,Top,Shirt,Men,1799,Grey,Beige,Checked,Smart Casual,2,Farewell,Summer,Rayon,Regular,MetroFit,3.7,2727,Smart Casual Shirt in Grey with Beige accents. Designed for farewell occasions and suitable for summer wear. Made from rayon with a checked pattern and regular fit.
P02157,MetroFit Premium White Watch,Accessory,Watch,Men,4999,White,Brown,Textured,Formal,3,Farewell,All Season,Stainless Steel,Standard,MetroFit,3.7,2325,Formal Watch in White with Brown accents. Designed for farewell occasions and suitable for all season wear. Made from stainless steel with a textured pattern and standard fit.
P01985,TrendAura Essential Grey Sandals,Footwear,Sandals,Women,1199,Grey,White,Solid,Casual,1,College,Summer,Synthetic,Standard,TrendAura,3.6,3973,Casual Sandals in Grey with White accents. Designed for college occasions and suitable for summer wear. Made from synthetic with a solid pattern and standard fit.
P01571,ModaStreet Sport Maroon Sneakers,Footwear,Sneakers,Unisex,2099,Maroon,Grey,Textured,Sporty,1,Casual Outing,All Season,Synthetic,Standard,ModaStreet,3.7,3696,Sporty Sneakers in Maroon with Grey accents. Designed for casual outing occasions and suitable for all season wear. Made from synthetic with a textured pattern and standard fit.
P00666,VibeWear Premium Pink Jeans,Bottom,Jeans,Women,2999,Pink,Grey,Solid,Smart Casual,2,Farewell,Winter,Denim,Slim,VibeWear,4.1,1674,Smart Casual Jeans in Pink with Grey accents. Designed for farewell occasions and suitable for winter wear. Made from denim with a solid pattern and slim fit.
P00513,ClassicEdge Everyday Cream Knit Top,Top,Knit Top,Women,1799,Cream,Maroon,Textured,Casual,1,College,All Season,Wool Blend,Relaxed,ClassicEdge,4.7,130,Casual Knit Top in Cream with Maroon accents. Designed for college occasions and suitable for all season wear. Made from wool blend with a textured pattern and relaxed fit.
P00906,TrendAura Everyday Maroon Chinos,Bottom,Chinos,Men,2099,Maroon,Grey,Textured,Casual,1,College,Winter,Cotton,Regular,TrendAura,3.7,2435,Casual Chinos in Maroon with Grey accents. Designed for college occasions and suitable for winter wear. Made from cotton with a textured pattern and regular fit.
P01903,MetroFit Festive Blue Heels,Footwear,Heels,Women,2799,Blue,Grey,Textured,Party,2,Farewell,Summer,Synthetic,Standard,MetroFit,3.9,3642,Party Heels in Blue with Grey accents. Designed for farewell occasions and suitable for summer wear. Made from synthetic with a textured pattern and standard fit.
P00844,TrendAura Refined Cream Chinos,Bottom,Chinos,Men,2999,Cream,Beige,Solid,Smart Casual,2,Farewell,All Season,Cotton,Slim,TrendAura,4.3,1628,Smart Casual Chinos in Cream with Beige accents. Designed for farewell occasions and suitable for all season wear. Made from cotton with a solid pattern and slim fit.
P00958,StyleCraft Comfort Green Chinos,Bottom,Chinos,Men,1199,Green,Brown,Solid,Casual,1,College,Summer,Cotton Blend,Regular,StyleCraft,4.5,3214,Casual Chinos in Green with Brown accents. Designed for college occasions and suitable for summer wear. Made from cotton blend with a solid pattern and regular fit.
P01867,DailyMode Elegant Beige Formal Shoes,Footwear,Formal Shoes,Men,2799,Beige,Olive,Textured,Formal,3,Office,All Season,Faux Leather,Standard,DailyMode,4.9,2575,Formal Shoes in Beige with Olive accents. Designed for office occasions and suitable for all season wear. Made from faux leather with a textured pattern and standard fit.
P01554,StyleCraft Everyday Cream Printed Sneakers,Footwear,Sneakers,Unisex,2599,Cream,Black,Printed,Casual,1,Casual Outing,Summer,Leather,Standard,StyleCraft,4.7,798,Casual Sneakers in Cream with Black accents. Designed for casual outing occasions and suitable for summer wear. Made from leather with a printed pattern and standard fit.
P01943,MetroFit Elegant Olive Heels,Footwear,Heels,Women,4299,Olive,Brown,Solid,Formal,3,Farewell,Winter,Faux Leather,Standard,MetroFit,3.9,2493,Formal Heels in Olive with Brown accents. Designed for farewell occasions and suitable for winter wear. Made from faux leather with a solid pattern and standard fit.
P01452,MetroFit Refined Navy Denim Jacket,Outerwear,Denim Jacket,Men,2499,Navy,Blue,Solid,Smart Casual,2,Casual Outing,Monsoon,Cotton,Oversized,MetroFit,4.6,2545,Smart Casual Denim Jacket in Navy with Blue accents. Designed for casual outing occasions and suitable for monsoon wear. Made from cotton with a solid pattern and oversized fit.
P01886,DailyMode Elegant Navy Heels,Footwear,Heels,Women,1799,Navy,Cream,Textured,Party,2,Farewell,All Season,Synthetic,Standard,DailyMode,3.9,2000,Party Heels in Navy with Cream accents. Designed for farewell occasions and suitable for all season wear. Made from synthetic with a textured pattern and standard fit.
P00458,MetroFit Classic White Knit Top,Top,Knit Top,Women,2199,White,Blue,Solid,Casual,1,College,Winter,Rayon,Slim,MetroFit,4.6,3407,Casual Knit Top in White with Blue accents. Designed for college occasions and suitable for winter wear. Made from rayon with a solid pattern and slim fit.
P01852,ModaStreet Elegant Green Formal Shoes,Footwear,Formal Shoes,Men,2199,Green,Cream,Solid,Formal,3,Office,Winter,Faux Leather,Standard,ModaStreet,4.2,1082,Formal Shoes in Green with Cream accents. Designed for office occasions and suitable for winter wear. Made from faux leather with a solid pattern and standard fit.
P02226,MetroFit Comfort Black Shoulder Bag,Accessory,Shoulder Bag,Women,2699,Black,White,Solid,Casual,1,Casual Outing,Summer,Leather,Standard,MetroFit,4.1,3422,Casual Shoulder Bag in Black with White accents. Designed for casual outing occasions and suitable for summer wear. Made from leather with a solid pattern and standard fit.
P01214,StyleCraft Premium White Formal Dress,Dress,Formal Dress,Women,1999,White,Black,Solid,Formal,3,Office,Winter,Silk Blend,Slim,StyleCraft,4.2,2983,Formal Dress in White with Black accents. Designed for office occasions and suitable for winter wear. Made from silk blend with a solid pattern and slim fit.
P00920,ModaStreet Premium Green Chinos,Bottom,Chinos,Men,2799,Green,Black,Solid,Smart Casual,2,Casual Outing,All Season,Cotton Blend,Straight,ModaStreet,3.5,3327,Smart Casual Chinos in Green with Black accents. Designed for casual outing occasions and suitable for all season wear. Made from cotton blend with a solid pattern and straight fit.
P01609,ClassicEdge Sport Grey Printed Sneakers,Footwear,Sneakers,Men,2199,Grey,White,Printed,Sporty,1,Casual Outing,Summer,Mesh,Standard,ClassicEdge,3.8,3519,Sporty Sneakers in Grey with White accents. Designed for casual outing occasions and suitable for summer wear. Made from mesh with a printed pattern and standard fit.
P00386,DailyMode Elegant Green Striped Blouse,Top,Blouse,Women,1699,Green,Brown,Striped,Formal,3,Farewell,All Season,Silk Blend,Relaxed,DailyMode,4.0,2663,Formal Blouse in Green with Brown accents. Designed for farewell occasions and suitable for all season wear. Made from silk blend with a striped pattern and relaxed fit.
P01394,VibeWear Modern White Denim Jacket,Outerwear,Denim Jacket,Men,1999,White,Blue,Textured,Smart Casual,2,Casual Outing,Monsoon,Denim,Regular,VibeWear,4.0,4148,Smart Casual Denim Jacket in White with Blue accents. Designed for casual outing occasions and suitable for monsoon wear. Made from denim with a textured pattern and regular fit.
P02300,CoutureLane Performance White Printed Backpack,Accessory,Backpack,Women,2399,White,Maroon,Printed,Sporty,1,Casual Outing,Summer,Canvas,Standard,CoutureLane,3.9,2564,Sporty Backpack in White with Maroon accents. Designed for casual outing occasions and suitable for summer wear. Made from canvas with a printed pattern and standard fit.
P00181,CoutureLane Essential Cream Striped Shirt,Top,Shirt,Women,1399,Cream,Maroon,Striped,Casual,1,College,Winter,Linen,Slim,CoutureLane,4.5,2910,Casual Shirt in Cream with Maroon accents. Designed for college occasions and suitable for winter wear. Made from linen with a striped pattern and slim fit.
P01244,UrbanThread Executive Black Printed Formal Dress,Dress,Formal Dress,Women,1899,Black,White,Printed,Formal,3,Office,Winter,Polyester,Regular,UrbanThread,4.7,273,Formal Dress in Black with White accents. Designed for office occasions and suitable for winter wear. Made from polyester with a printed pattern and regular fit.
P01228,MetroFit Elegant Cream Printed Formal Dress,Dress,Formal Dress,Women,4299,Cream,Navy,Printed,Formal,3,Farewell,All Season,Rayon,Regular,MetroFit,4.4,4953,Formal Dress in Cream with Navy accents. Designed for farewell occasions and suitable for all season wear. Made from rayon with a printed pattern and regular fit.
P01016,CoutureLane Refined Cream Checked Skirt,Bottom,Skirt,Women,1199,Cream,Olive,Checked,Smart Casual,2,Casual Outing,All Season,Polyester,Relaxed,CoutureLane,4.7,2821,Smart Casual Skirt in Cream with Olive accents. Designed for casual outing occasions and suitable for all season wear. Made from polyester with a checked pattern and relaxed fit.
P01799,UrbanThread Executive Grey Formal Shoes,Footwear,Formal Shoes,Men,4899,Grey,Navy,Solid,Formal,3,Office,Winter,Leather,Standard,UrbanThread,4.2,4166,Formal Shoes in Grey with Navy accents. Designed for office occasions and suitable for winter wear. Made from leather with a solid pattern and standard fit.
P00658,ModaStreet Everyday Beige Jeans,Bottom,Jeans,Men,2399,Beige,Navy,Solid,Casual,1,College,All Season,Denim,Slim,ModaStreet,4.4,123,Casual Jeans in Beige with Navy accents. Designed for college occasions and suitable for all season wear. Made from denim with a solid pattern and slim fit.
P00908,ModaStreet Refined Beige Chinos,Bottom,Chinos,Men,2699,Beige,Black,Solid,Smart Casual,2,Casual Outing,Winter,Cotton,Slim,ModaStreet,3.6,70,Smart Casual Chinos in Beige with Black accents. Designed for casual outing occasions and suitable for winter wear. Made from cotton with a solid pattern and slim fit.
P01905,VibeWear Statement Pink Heels,Footwear,Heels,Women,3899,Pink,Grey,Solid,Party,2,Party,Summer,Synthetic,Standard,VibeWear,4.2,1308,Party Heels in Pink with Grey accents. Designed for party occasions and suitable for summer wear. Made from synthetic with a solid pattern and standard fit.
P01155,Northline Refined Pink Casual Dress,Dress,Casual Dress,Women,2499,Pink,Black,Solid,Smart Casual,2,College,All Season,Cotton,A-Line,Northline,3.8,167,Smart Casual Casual Dress in Pink with Black accents. Designed for college occasions and suitable for all season wear. Made from cotton with a solid pattern and a-line fit.
P00723,DailyMode Refined Olive Trousers,Bottom,Trousers,Women,1899,Olive,Beige,Textured,Smart Casual,2,Farewell,All Season,Cotton,Slim,DailyMode,4.9,4868,Smart Casual Trousers in Olive with Beige accents. Designed for farewell occasions and suitable for all season wear. Made from cotton with a textured pattern and slim fit.
P01858,StyleCraft Premium Cream Formal Shoes,Footwear,Formal Shoes,Men,4799,Cream,Navy,Textured,Formal,3,Farewell,All Season,Faux Leather,Standard,StyleCraft,4.2,2596,Formal Shoes in Cream with Navy accents. Designed for farewell occasions and suitable for all season wear. Made from faux leather with a textured pattern and standard fit.
P01509,ClassicEdge Classic Maroon Overshirt,Outerwear,Overshirt,Women,1899,Maroon,Grey,Textured,Casual,1,College,Monsoon,Denim,Oversized,ClassicEdge,4.8,4708,Casual Overshirt in Maroon with Grey accents. Designed for college occasions and suitable for monsoon wear. Made from denim with a textured pattern and oversized fit.
P00668,VibeWear Essential Cream Jeans,Bottom,Jeans,Men,2599,Cream,Black,Textured,Casual,1,College,All Season,Denim,Relaxed,VibeWear,3.9,2345,Casual Jeans in Cream with Black accents. Designed for college occasions and suitable for all season wear. Made from denim with a textured pattern and relaxed fit.
P02057,CoutureLane Premium White Belt,Accessory,Belt,Women,1499,White,Grey,Textured,Formal,3,Office,All Season,Leather,Standard,CoutureLane,4.6,4129,Formal Belt in White with Grey accents. Designed for office occasions and suitable for all season wear. Made from leather with a textured pattern and standard fit.
P00371,TrendAura Classic Grey Printed Blouse,Top,Blouse,Women,1199,Grey,Navy,Printed,Formal,3,Office,Winter,Silk Blend,Slim,TrendAura,3.9,25,Formal Blouse in Grey with Navy accents. Designed for office occasions and suitable for winter wear. Made from silk blend with a printed pattern and slim fit.
P01222,ModaStreet Statement Brown Formal Dress,Dress,Formal Dress,Women,2099,Brown,Black,Solid,Party,2,Farewell,Winter,Rayon,Slim,ModaStreet,4.5,4319,Party Formal Dress in Brown with Black accents. Designed for farewell occasions and suitable for winter wear. Made from rayon with a solid pattern and slim fit.
P00747,UrbanThread Elegant Cream Checked Trousers,Bottom,Trousers,Women,3299,Cream,Brown,Checked,Formal,3,Office,Summer,Polyester,Straight,UrbanThread,3.7,1235,Formal Trousers in Cream with Brown accents. Designed for office occasions and suitable for summer wear. Made from polyester with a checked pattern and straight fit.
P01876,DailyMode Statement Navy Heels,Footwear,Heels,Women,4299,Navy,White,Textured,Party,2,Party,Winter,Faux Leather,Standard,DailyMode,4.3,613,Party Heels in Navy with White accents. Designed for party occasions and suitable for winter wear. Made from faux leather with a textured pattern and standard fit.
P01859,ClassicEdge Executive Maroon Formal Shoes,Footwear,Formal Shoes,Men,4199,Maroon,White,Textured,Formal,3,Farewell,All Season,Leather,Standard,ClassicEdge,4.2,500,Formal Shoes in Maroon with White accents. Designed for farewell occasions and suitable for all season wear. Made from leather with a textured pattern and standard fit.
P00605,StyleCraft Modern Grey Jeans,Bottom,Jeans,Women,1799,Grey,Blue,Solid,Smart Casual,2,Farewell,Summer,Cotton,Straight,StyleCraft,3.8,4915,Smart Casual Jeans in Grey with Blue accents. Designed for farewell occasions and suitable for summer wear. Made from cotton with a solid pattern and straight fit.
P01574,CoutureLane Sport Grey Printed Sneakers,Footwear,Sneakers,Men,4999,Grey,Maroon,Printed,Sporty,1,College,All Season,Canvas,Standard,CoutureLane,4.0,4702,Sporty Sneakers in Grey with Maroon accents. Designed for college occasions and suitable for all season wear. Made from canvas with a printed pattern and standard fit.
P01418,TrendAura Refined Blue Denim Jacket,Outerwear,Denim Jacket,Women,2699,Blue,Grey,Solid,Smart Casual,2,College,Monsoon,Denim,Oversized,TrendAura,4.3,3120,Smart Casual Denim Jacket in Blue with Grey accents. Designed for college occasions and suitable for monsoon wear. Made from denim with a solid pattern and oversized fit.
P00673,DailyMode Classic Pink Jeans,Bottom,Jeans,Women,2499,Pink,White,Textured,Casual,1,Casual Outing,Summer,Denim,Relaxed,DailyMode,3.7,3521,Casual Jeans in Pink with White accents. Designed for casual outing occasions and suitable for summer wear. Made from denim with a textured pattern and relaxed fit.
P01439,VibeWear Everyday Black Denim Jacket,Outerwear,Denim Jacket,Women,3899,Black,Navy,Textured,Casual,1,Casual Outing,All Season,Denim,Regular,VibeWear,4.9,858,Casual Denim Jacket in Black with Navy accents. Designed for casual outing occasions and suitable for all season wear. Made from denim with a textured pattern and regular fit.
P02064,StyleCraft Elegant Cream Belt,Accessory,Belt,Unisex,1199,Cream,Olive,Solid,Formal,3,Farewell,All Season,Faux Leather,Standard,StyleCraft,4.8,3165,Formal Belt in Cream with Olive accents. Designed for farewell occasions and suitable for all season wear. Made from faux leather with a solid pattern and standard fit.
P00451,DailyMode Essential Navy Striped Knit Top,Top,Knit Top,Women,2099,Navy,Brown,Striped,Casual,1,Casual Outing,All Season,Rayon,Relaxed,DailyMode,4.0,1874,Casual Knit Top in Navy with Brown accents. Designed for casual outing occasions and suitable for all season wear. Made from rayon with a striped pattern and relaxed fit.
P01248,UrbanThread Premium Brown Printed Formal Dress,Dress,Formal Dress,Women,4699,Brown,Black,Printed,Formal,3,Farewell,Winter,Silk Blend,Regular,UrbanThread,3.5,4933,Formal Dress in Brown with Black accents. Designed for farewell occasions and suitable for winter wear. Made from silk blend with a printed pattern and regular fit.
P00365,VibeWear Classic Brown Striped Blouse,Top,Blouse,Women,1199,Brown,Olive,Striped,Smart Casual,2,Farewell,Winter,Cotton,Regular,VibeWear,4.7,2788,Smart Casual Blouse in Brown with Olive accents. Designed for farewell occasions and suitable for winter wear. Made from cotton with a striped pattern and regular fit.
P00269,UrbanThread Elegant Pink Printed Shirt,Top,Shirt,Women,1699,Pink,Navy,Printed,Formal,3,Office,Monsoon,Linen,Relaxed,UrbanThread,4.1,3315,Formal Shirt in Pink with Navy accents. Designed for office occasions and suitable for monsoon wear. Made from linen with a printed pattern and relaxed fit.
P02229,ClassicEdge Everyday Black Shoulder Bag,Accessory,Shoulder Bag,Women,1099,Black,White,Textured,Casual,1,Casual Outing,Summer,Canvas,Standard,ClassicEdge,3.8,4019,Casual Shoulder Bag in Black with White accents. Designed for casual outing occasions and suitable for summer wear. Made from canvas with a textured pattern and standard fit.
P00634,ClassicEdge Essential Beige Jeans,Bottom,Jeans,Women,2699,Beige,Maroon,Textured,Casual,1,Casual Outing,All Season,Cotton,Slim,ClassicEdge,4.2,4786,Casual Jeans in Beige with Maroon accents. Designed for casual outing occasions and suitable for all season wear. Made from cotton with a textured pattern and slim fit.
P01728,VibeWear Premium Olive Loafers,Footwear,Loafers,Men,2799,Olive,Cream,Solid,Formal,3,Office,Winter,Faux Leather,Standard,VibeWear,3.6,4282,Formal Loafers in Olive with Cream accents. Designed for office occasions and suitable for winter wear. Made from faux leather with a solid pattern and standard fit.
P01968,TrendAura Refined Green Sandals,Footwear,Sandals,Women,2199,Green,White,Textured,Smart Casual,2,Farewell,All Season,Faux Leather,Standard,TrendAura,4.7,4057,Smart Casual Sandals in Green with White accents. Designed for farewell occasions and suitable for all season wear. Made from faux leather with a textured pattern and standard fit.
P01637,ClassicEdge Refined Black Sneakers,Footwear,Sneakers,Men,2799,Black,Grey,Solid,Smart Casual,2,Casual Outing,Winter,Leather,Standard,ClassicEdge,4.8,2235,Smart Casual Sneakers in Black with Grey accents. Designed for casual outing occasions and suitable for winter wear. Made from leather with a solid pattern and standard fit.
P00139,StyleCraft Performance Pink Printed T-Shirt,Top,T-Shirt,Unisex,1399,Pink,Beige,Printed,Sporty,1,Casual Outing,All Season,Polyester,Relaxed,StyleCraft,4.8,1288,Sporty T-Shirt in Pink with Beige accents. Designed for casual outing occasions and suitable for all season wear. Made from polyester with a printed pattern and relaxed fit.
P00885,StyleCraft Comfort Grey Chinos,Bottom,Chinos,Men,1399,Grey,Maroon,Textured,Casual,1,College,Winter,Cotton Blend,Slim,StyleCraft,4.5,1847,Casual Chinos in Grey with Maroon accents. Designed for college occasions and suitable for winter wear. Made from cotton blend with a textured pattern and slim fit.
P01114,Northline Refined Black Striped Casual Dress,Dress,Casual Dress,Women,2599,Black,Beige,Striped,Smart Casual,2,Farewell,All Season,Linen,Regular,Northline,4.5,3079,Smart Casual Casual Dress in Black with Beige accents. Designed for farewell occasions and suitable for all season wear. Made from linen with a striped pattern and regular fit.
P01870,UrbanThread Elegant Pink Formal Shoes,Footwear,Formal Shoes,Men,4899,Pink,Black,Textured,Formal,3,Office,Summer,Faux Leather,Standard,UrbanThread,4.5,3525,Formal Shoes in Pink with Black accents. Designed for office occasions and suitable for summer wear. Made from faux leather with a textured pattern and standard fit.
P00242,TrendAura Executive Blue Checked Shirt,Top,Shirt,Men,2999,Blue,Beige,Checked,Formal,3,Farewell,Winter,Linen,Relaxed,TrendAura,3.9,1449,Formal Shirt in Blue with Beige accents. Designed for farewell occasions and suitable for winter wear. Made from linen with a checked pattern and relaxed fit.
P02149,ModaStreet Refined Beige Watch,Accessory,Watch,Unisex,3299,Beige,Black,Textured,Smart Casual,2,Casual Outing,All Season,Synthetic,Standard,ModaStreet,4.6,4406,Smart Casual Watch in Beige with Black accents. Designed for casual outing occasions and suitable for all season wear. Made from synthetic with a textured pattern and standard fit.
P01215,ModaStreet Statement Beige Printed Formal Dress,Dress,Formal Dress,Women,1899,Beige,Brown,Printed,Party,2,Party,Winter,Polyester,Slim,ModaStreet,4.2,1062,Party Formal Dress in Beige with Brown accents. Designed for party occasions and suitable for winter wear. Made from polyester with a printed pattern and slim fit.
P01555,DailyMode Classic Cream Printed Sneakers,Footwear,Sneakers,Unisex,4199,Cream,Navy,Printed,Casual,1,Casual Outing,Monsoon,Leather,Standard,DailyMode,4.3,4414,Casual Sneakers in Cream with Navy accents. Designed for casual outing occasions and suitable for monsoon wear. Made from leather with a printed pattern and standard fit.
P01448,MetroFit Essential Black Denim Jacket,Outerwear,Denim Jacket,Men,3499,Black,Navy,Textured,Casual,1,Casual Outing,Winter,Cotton,Oversized,MetroFit,3.6,4503,Casual Denim Jacket in Black with Navy accents. Designed for casual outing occasions and suitable for winter wear. Made from cotton with a textured pattern and oversized fit.
P00015,CoutureLane Classic Blue Striped T-Shirt,Top,T-Shirt,Men,1299,Blue,Beige,Striped,Casual,1,Casual Outing,Summer,Cotton,Oversized,CoutureLane,3.7,4702,Casual T-Shirt in Blue with Beige accents. Designed for casual outing occasions and suitable for summer wear. Made from cotton with a striped pattern and oversized fit.
P01040,MetroFit Comfort Grey Skirt,Bottom,Skirt,Women,1199,Grey,Black,Solid,Casual,1,Casual Outing,Summer,Cotton,A-Line,MetroFit,4.8,1569,Casual Skirt in Grey with Black accents. Designed for casual outing occasions and suitable for summer wear. Made from cotton with a solid pattern and a-line fit.
P01634,MetroFit Active Maroon Sneakers,Footwear,Sneakers,Men,4699,Maroon,Grey,Solid,Sporty,1,College,Winter,Mesh,Standard,MetroFit,4.2,644,Sporty Sneakers in Maroon with Grey accents. Designed for college occasions and suitable for winter wear. Made from mesh with a solid pattern and standard fit.
P01093,UrbanThread Classic Olive Casual Dress,Dress,Casual Dress,Women,2399,Olive,Beige,Solid,Smart Casual,2,Farewell,All Season,Linen,A-Line,UrbanThread,4.1,1740,Smart Casual Casual Dress in Olive with Beige accents. Designed for farewell occasions and suitable for all season wear. Made from linen with a solid pattern and a-line fit.
P01644,Northline Comfort Blue Printed Sneakers,Footwear,Sneakers,Unisex,4899,Blue,Beige,Printed,Casual,1,College,Winter,Synthetic,Standard,Northline,3.9,3605,Casual Sneakers in Blue with Beige accents. Designed for college occasions and suitable for winter wear. Made from synthetic with a printed pattern and standard fit.
P01890,VibeWear Elegant White Heels,Footwear,Heels,Women,4499,White,Navy,Solid,Party,2,Party,Summer,Synthetic,Standard,VibeWear,4.2,3404,Party Heels in White with Navy accents. Designed for party occasions and suitable for summer wear. Made from synthetic with a solid pattern and standard fit.
P00522,DailyMode Everyday Cream Knit Top,Top,Knit Top,Women,899,Cream,Navy,Solid,Casual,1,College,Winter,Wool Blend,Slim,DailyMode,4.0,972,Casual Knit Top in Cream with Navy accents. Designed for college occasions and suitable for winter wear. Made from wool blend with a solid pattern and slim fit.
P00041,TrendAura Everyday Blue T-Shirt,Top,T-Shirt,Women,1799,Blue,Grey,Textured,Casual,1,College,Monsoon,Polyester,Regular,TrendAura,4.7,4741,Casual T-Shirt in Blue with Grey accents. Designed for college occasions and suitable for monsoon wear. Made from polyester with a textured pattern and regular fit.
P00488,TrendAura Essential Maroon Knit Top,Top,Knit Top,Women,2199,Maroon,White,Solid,Casual,1,Casual Outing,All Season,Cotton,Relaxed,TrendAura,4.6,827,Casual Knit Top in Maroon with White accents. Designed for casual outing occasions and suitable for all season wear. Made from cotton with a solid pattern and relaxed fit.
P01930,TrendAura Stylish Black Heels,Footwear,Heels,Women,2099,Black,Cream,Textured,Party,2,Party,Winter,Faux Leather,Standard,TrendAura,4.4,846,Party Heels in Black with Cream accents. Designed for party occasions and suitable for winter wear. Made from faux leather with a textured pattern and standard fit.
P01204,DailyMode Premium Beige Formal Dress,Dress,Formal Dress,Women,4999,Beige,White,Solid,Formal,3,Farewell,Summer,Rayon,Regular,DailyMode,3.7,2304,Formal Dress in Beige with White accents. Designed for farewell occasions and suitable for summer wear. Made from rayon with a solid pattern and regular fit.
P01089,Northline Everyday Pink Printed Casual Dress,Dress,Casual Dress,Women,1299,Pink,Grey,Printed,Casual,1,College,All Season,Cotton,Regular,Northline,4.0,1252,Casual Dress in Pink with Grey accents. Designed for college occasions and suitable for all season wear. Made from cotton with a printed pattern and regular fit.
P00566,ModaStreet Everyday Brown Jeans,Bottom,Jeans,Men,2099,Brown,Cream,Solid,Casual,1,College,Summer,Denim,Straight,ModaStreet,4.2,3566,Casual Jeans in Brown with Cream accents. Designed for college occasions and suitable for summer wear. Made from denim with a solid pattern and straight fit.
P01848,ClassicEdge Premium Olive Formal Shoes,Footwear,Formal Shoes,Men,5299,Olive,White,Textured,Formal,3,Office,All Season,Leather,Standard,ClassicEdge,3.9,4198,Formal Shoes in Olive with White accents. Designed for office occasions and suitable for all season wear. Made from leather with a textured pattern and standard fit.
P00169,ClassicEdge Essential Green Printed Shirt,Top,Shirt,Men,2299,Green,Brown,Printed,Casual,1,College,Summer,Linen,Regular,ClassicEdge,4.7,3117,Casual Shirt in Green with Brown accents. Designed for college occasions and suitable for summer wear. Made from linen with a printed pattern and regular fit.
P01957,TrendAura Modern Green Sandals,Footwear,Sandals,Unisex,1199,Green,Brown,Solid,Smart Casual,2,Farewell,All Season,Synthetic,Standard,TrendAura,3.5,4739,Smart Casual Sandals in Green with Brown accents. Designed for farewell occasions and suitable for all season wear. Made from synthetic with a solid pattern and standard fit.
P00083,StyleCraft Essential Grey T-Shirt,Top,T-Shirt,Women,999,Grey,Beige,Solid,Casual,1,College,All Season,Polyester,Regular,StyleCraft,4.4,2172,Casual T-Shirt in Grey with Beige accents. Designed for college occasions and suitable for all season wear. Made from polyester with a solid pattern and regular fit.
P00824,DailyMode Classic Green Checked Trousers,Bottom,Trousers,Men,3199,Green,Beige,Checked,Formal,3,Office,Summer,Cotton,Straight,DailyMode,4.3,1357,Formal Trousers in Green with Beige accents. Designed for office occasions and suitable for summer wear. Made from cotton with a checked pattern and straight fit.
P00363,UrbanThread Elegant Cream Blouse,Top,Blouse,Women,1599,Cream,Black,Solid,Formal,3,Office,Winter,Cotton,Regular,UrbanThread,4.2,813,Formal Blouse in Cream with Black accents. Designed for office occasions and suitable for winter wear. Made from cotton with a solid pattern and regular fit.
P01103,ModaStreet Refined White Casual Dress,Dress,Casual Dress,Women,1599,White,Navy,Solid,Smart Casual,2,Farewell,Summer,Linen,Relaxed,ModaStreet,4.2,1950,Smart Casual Casual Dress in White with Navy accents. Designed for farewell occasions and suitable for summer wear. Made from linen with a solid pattern and relaxed fit.
P01131,DailyMode Classic Beige Striped Casual Dress,Dress,Casual Dress,Women,1899,Beige,Navy,Striped,Smart Casual,2,Farewell,All Season,Cotton,Regular,DailyMode,4.4,802,Smart Casual Casual Dress in Beige with Navy accents. Designed for farewell occasions and suitable for all season wear. Made from cotton with a striped pattern and regular fit.
P01113,UrbanThread Modern White Casual Dress,Dress,Casual Dress,Women,1299,White,Black,Solid,Smart Casual,2,Farewell,All Season,Linen,A-Line,UrbanThread,4.8,25,Smart Casual Casual Dress in White with Black accents. Designed for farewell occasions and suitable for all season wear. Made from linen with a solid pattern and a-line fit.
P01443,MetroFit Comfort Navy Denim Jacket,Outerwear,Denim Jacket,Men,3199,Navy,Grey,Textured,Casual,1,Casual Outing,Monsoon,Denim,Oversized,MetroFit,4.4,2808,Casual Denim Jacket in Navy with Grey accents. Designed for casual outing occasions and suitable for monsoon wear. Made from denim with a textured pattern and oversized fit.
P00913,CoutureLane Essential Navy Chinos,Bottom,Chinos,Men,2699,Navy,Cream,Textured,Casual,1,Casual Outing,Winter,Cotton,Slim,CoutureLane,4.0,4124,Casual Chinos in Navy with Cream accents. Designed for casual outing occasions and suitable for winter wear. Made from cotton with a textured pattern and slim fit.
P00949,StyleCraft Refined Green Chinos,Bottom,Chinos,Men,1899,Green,Black,Textured,Smart Casual,2,College,Summer,Cotton Blend,Regular,StyleCraft,3.5,2684,Smart Casual Chinos in Green with Black accents. Designed for college occasions and suitable for summer wear. Made from cotton blend with a textured pattern and regular fit.
P00372,TrendAura Premium Grey Blouse,Top,Blouse,Women,1499,Grey,Black,Solid,Smart Casual,2,Farewell,Winter,Cotton,Slim,TrendAura,4.6,4515,Smart Casual Blouse in Grey with Black accents. Designed for farewell occasions and suitable for winter wear. Made from cotton with a solid pattern and slim fit.
P01710,UrbanThread Classic Blue Loafers,Footwear,Loafers,Men,4399,Blue,Beige,Solid,Formal,3,Farewell,All Season,Leather,Standard,UrbanThread,4.3,3541,Formal Loafers in Blue with Beige accents. Designed for farewell occasions and suitable for all season wear. Made from leather with a solid pattern and standard fit.
P00892,TrendAura Modern Maroon Chinos,Bottom,Chinos,Men,2899,Maroon,Black,Solid,Smart Casual,2,College,Winter,Cotton,Straight,TrendAura,4.6,2168,Smart Casual Chinos in Maroon with Black accents. Designed for college occasions and suitable for winter wear. Made from cotton with a solid pattern and straight fit.
P01920,StyleCraft Premium Olive Heels,Footwear,Heels,Women,2499,Olive,Beige,Solid,Formal,3,Farewell,All Season,Synthetic,Standard,StyleCraft,3.8,1132,Formal Heels in Olive with Beige accents. Designed for farewell occasions and suitable for all season wear. Made from synthetic with a solid pattern and standard fit.
P02053,MetroFit Premium Olive Belt,Accessory,Belt,Unisex,1499,Olive,Cream,Textured,Smart Casual,2,College,All Season,Leather,Standard,MetroFit,4.2,3974,Smart Casual Belt in Olive with Cream accents. Designed for college occasions and suitable for all season wear. Made from leather with a textured pattern and standard fit.
P00655,DailyMode Modern Cream Jeans,Bottom,Jeans,Men,2399,Cream,Brown,Solid,Smart Casual,2,Farewell,Winter,Denim,Straight,DailyMode,4.5,3662,Smart Casual Jeans in Cream with Brown accents. Designed for farewell occasions and suitable for winter wear. Made from denim with a solid pattern and straight fit.
P01855,CoutureLane Elegant Maroon Formal Shoes,Footwear,Formal Shoes,Men,3999,Maroon,White,Solid,Formal,3,Farewell,All Season,Leather,Standard,CoutureLane,4.6,3150,Formal Shoes in Maroon with White accents. Designed for farewell occasions and suitable for all season wear. Made from leather with a solid pattern and standard fit.
P01674,VibeWear Essential Black Sneakers,Footwear,Sneakers,Women,2199,Black,Grey,Solid,Casual,1,College,Summer,Canvas,Standard,VibeWear,3.8,4091,Casual Sneakers in Black with Grey accents. Designed for college occasions and suitable for summer wear. Made from canvas with a solid pattern and standard fit.
P00326,CoutureLane Comfort Cream Blouse,Top,Blouse,Women,1899,Cream,Olive,Textured,Casual,1,College,All Season,Rayon,Regular,CoutureLane,3.7,1946,Casual Blouse in Cream with Olive accents. Designed for college occasions and suitable for all season wear. Made from rayon with a textured pattern and regular fit.
P01590,ClassicEdge Performance Navy Printed Sneakers,Footwear,Sneakers,Unisex,3499,Navy,Blue,Printed,Sporty,1,College,Winter,Mesh,Standard,ClassicEdge,3.6,972,Sporty Sneakers in Navy with Blue accents. Designed for college occasions and suitable for winter wear. Made from mesh with a printed pattern and standard fit.
P01871,CoutureLane Elegant Olive Heels,Footwear,Heels,Women,2499,Olive,White,Solid,Party,2,Party,Summer,Synthetic,Standard,CoutureLane,4.0,4106,Party Heels in Olive with White accents. Designed for party occasions and suitable for summer wear. Made from synthetic with a solid pattern and standard fit.
P00238,TrendAura Premium Blue Striped Shirt,Top,Shirt,Men,2299,Blue,Navy,Striped,Smart Casual,2,Casual Outing,Winter,Rayon,Regular,TrendAura,4.9,720,Smart Casual Shirt in Blue with Navy accents. Designed for casual outing occasions and suitable for winter wear. Made from rayon with a striped pattern and regular fit.
P00179,StyleCraft Classic Olive Striped Shirt,Top,Shirt,Women,1899,Olive,Brown,Striped,Smart Casual,2,Farewell,All Season,Linen,Relaxed,StyleCraft,4.8,3061,Smart Casual Shirt in Olive with Brown accents. Designed for farewell occasions and suitable for all season wear. Made from linen with a striped pattern and relaxed fit.
P00219,ModaStreet Comfort Blue Printed Shirt,Top,Shirt,Men,1399,Blue,Brown,Printed,Casual,1,Casual Outing,Winter,Linen,Slim,ModaStreet,4.7,2269,Casual Shirt in Blue with Brown accents. Designed for casual outing occasions and suitable for winter wear. Made from linen with a printed pattern and slim fit.
P01581,MetroFit Classic White Sneakers,Footwear,Sneakers,Women,4299,White,Beige,Textured,Casual,1,College,Winter,Canvas,Standard,MetroFit,4.9,2435,Casual Sneakers in White with Beige accents. Designed for college occasions and suitable for winter wear. Made from canvas with a textured pattern and standard fit.
P00096,VibeWear Sport Grey T-Shirt,Top,T-Shirt,Unisex,599,Grey,Beige,Textured,Sporty,1,Casual Outing,Monsoon,Polyester,Regular,VibeWear,4.3,1767,Sporty T-Shirt in Grey with Beige accents. Designed for casual outing occasions and suitable for monsoon wear. Made from polyester with a textured pattern and regular fit.
P00746,ClassicEdge Refined Brown Trousers,Bottom,Trousers,Men,2599,Brown,Olive,Textured,Smart Casual,2,Farewell,Summer,Cotton,Slim,ClassicEdge,3.7,2495,Smart Casual Trousers in Brown with Olive accents. Designed for farewell occasions and suitable for summer wear. Made from cotton with a textured pattern and slim fit.
P01221,ModaStreet Elegant Green Printed Formal Dress,Dress,Formal Dress,Women,4199,Green,Beige,Printed,Party,2,Farewell,Winter,Rayon,Regular,ModaStreet,4.0,2013,Party Formal Dress in Green with Beige accents. Designed for farewell occasions and suitable for winter wear. Made from rayon with a printed pattern and regular fit.
P00407,ModaStreet Statement Brown Blouse,Top,Blouse,Women,1899,Brown,Navy,Textured,Party,2,Party,Summer,Rayon,Slim,ModaStreet,4.5,2936,Party Blouse in Brown with Navy accents. Designed for party occasions and suitable for summer wear. Made from rayon with a textured pattern and slim fit.
P01386,StyleCraft Premium Beige Blazer,Outerwear,Blazer,Women,2999,Beige,White,Solid,Formal,3,Farewell,All Season,Polyester,Slim,StyleCraft,4.1,531,Formal Blazer in Beige with White accents. Designed for farewell occasions and suitable for all season wear. Made from polyester with a solid pattern and slim fit.
P01783,Northline Premium White Loafers,Footwear,Loafers,Men,2999,White,Black,Solid,Formal,3,Farewell,Winter,Faux Leather,Standard,Northline,3.7,4477,Formal Loafers in White with Black accents. Designed for farewell occasions and suitable for winter wear. Made from faux leather with a solid pattern and standard fit.
P01529,DailyMode Essential Pink Overshirt,Outerwear,Overshirt,Women,2999,Pink,Navy,Textured,Casual,1,Casual Outing,Monsoon,Cotton,Oversized,DailyMode,4.7,292,Casual Overshirt in Pink with Navy accents. Designed for casual outing occasions and suitable for monsoon wear. Made from cotton with a textured pattern and oversized fit.
P00697,VibeWear Elegant Olive Trousers,Bottom,Trousers,Men,1599,Olive,Brown,Solid,Formal,3,Office,All Season,Wool Blend,Straight,VibeWear,4.0,4428,Formal Trousers in Olive with Brown accents. Designed for office occasions and suitable for all season wear. Made from wool blend with a solid pattern and straight fit.
P00358,UrbanThread Stylish Pink Blouse,Top,Blouse,Women,2299,Pink,Grey,Textured,Party,2,Farewell,Winter,Rayon,Regular,UrbanThread,4.8,291,Party Blouse in Pink with Grey accents. Designed for farewell occasions and suitable for winter wear. Made from rayon with a textured pattern and regular fit.
P00829,TrendAura Modern Navy Checked Trousers,Bottom,Trousers,Women,1699,Navy,Brown,Checked,Smart Casual,2,Farewell,Winter,Cotton,Regular,TrendAura,4.2,2591,Smart Casual Trousers in Navy with Brown accents. Designed for farewell occasions and suitable for winter wear. Made from cotton with a checked pattern and regular fit.
P02185,UrbanThread Modern Cream Printed Shoulder Bag,Accessory,Shoulder Bag,Women,2399,Cream,Maroon,Printed,Smart Casual,2,Farewell,Summer,Canvas,Standard,UrbanThread,4.4,1895,Smart Casual Shoulder Bag in Cream with Maroon accents. Designed for farewell occasions and suitable for summer wear. Made from canvas with a printed pattern and standard fit.
P00627,CoutureLane Refined Olive Jeans,Bottom,Jeans,Men,1199,Olive,Beige,Textured,Smart Casual,2,College,Monsoon,Cotton,Slim,CoutureLane,4.4,1911,Smart Casual Jeans in Olive with Beige accents. Designed for college occasions and suitable for monsoon wear. Made from cotton with a textured pattern and slim fit.
P01461,MetroFit Essential Navy Denim Jacket,Outerwear,Denim Jacket,Women,2299,Navy,Cream,Solid,Casual,1,College,All Season,Denim,Oversized,MetroFit,4.6,2286,Casual Denim Jacket in Navy with Cream accents. Designed for college occasions and suitable for all season wear. Made from denim with a solid pattern and oversized fit.
P01743,Northline Classic Grey Loafers,Footwear,Loafers,Men,2899,Grey,Beige,Solid,Smart Casual,2,Casual Outing,Summer,Suede,Standard,Northline,3.9,2214,Smart Casual Loafers in Grey with Beige accents. Designed for casual outing occasions and suitable for summer wear. Made from suede with a solid pattern and standard fit.
P01433,StyleCraft Classic White Denim Jacket,Outerwear,Denim Jacket,Women,3299,White,Olive,Textured,Casual,1,College,Monsoon,Denim,Relaxed,StyleCraft,3.8,2571,Casual Denim Jacket in White with Olive accents. Designed for college occasions and suitable for monsoon wear. Made from denim with a textured pattern and relaxed fit.
P00118,StyleCraft Comfort Cream Striped T-Shirt,Top,T-Shirt,Unisex,599,Cream,Olive,Striped,Casual,1,College,Summer,Polyester,Regular,StyleCraft,4.6,2259,Casual T-Shirt in Cream with Olive accents. Designed for college occasions and suitable for summer wear. Made from polyester with a striped pattern and regular fit.
P01516,ModaStreet Comfort Olive Overshirt,Outerwear,Overshirt,Women,2399,Olive,Beige,Textured,Casual,1,College,Winter,Cotton,Oversized,ModaStreet,3.7,4358,Casual Overshirt in Olive with Beige accents. Designed for college occasions and suitable for winter wear. Made from cotton with a textured pattern and oversized fit.
P00556,StyleCraft Modern Green Jeans,Bottom,Jeans,Women,2699,Green,Brown,Solid,Smart Casual,2,Farewell,Winter,Cotton,Relaxed,StyleCraft,3.7,2673,Smart Casual Jeans in Green with Brown accents. Designed for farewell occasions and suitable for winter wear. Made from cotton with a solid pattern and relaxed fit.
P02201,Northline Statement White Printed Shoulder Bag,Accessory,Shoulder Bag,Unisex,2899,White,Brown,Printed,Party,2,Farewell,Winter,Leather,Standard,Northline,3.8,3285,Party Shoulder Bag in White with Brown accents. Designed for farewell occasions and suitable for winter wear. Made from leather with a printed pattern and standard fit.
P00482,StyleCraft Everyday Olive Knit Top,Top,Knit Top,Women,1399,Olive,Cream,Solid,Casual,1,Casual Outing,Winter,Wool Blend,Regular,StyleCraft,4.5,4880,Casual Knit Top in Olive with Cream accents. Designed for casual outing occasions and suitable for winter wear. Made from wool blend with a solid pattern and regular fit.
P02153,MetroFit Refined Green Watch,Accessory,Watch,Women,4199,Green,Black,Textured,Smart Casual,2,College,All Season,Stainless Steel,Standard,MetroFit,4.5,4027,Smart Casual Watch in Green with Black accents. Designed for college occasions and suitable for all season wear. Made from stainless steel with a textured pattern and standard fit.
P01303,MetroFit Modern Pink Checked Blazer,Outerwear,Blazer,Men,6599,Pink,Black,Checked,Smart Casual,2,College,All Season,Cotton Blend,Regular,MetroFit,3.6,2865,Smart Casual Blazer in Pink with Black accents. Designed for college occasions and suitable for all season wear. Made from cotton blend with a checked pattern and regular fit.
P02177,ClassicEdge Festive Maroon Shoulder Bag,Accessory,Shoulder Bag,Unisex,1099,Maroon,Beige,Solid,Party,2,Farewell,All Season,Canvas,Standard,ClassicEdge,4.2,1800,Party Shoulder Bag in Maroon with Beige accents. Designed for farewell occasions and suitable for all season wear. Made from canvas with a solid pattern and standard fit.
P01327,ModaStreet Classic Black Blazer,Outerwear,Blazer,Women,4999,Black,Blue,Textured,Smart Casual,2,Casual Outing,Winter,Cotton Blend,Regular,ModaStreet,4.2,738,Smart Casual Blazer in Black with Blue accents. Designed for casual outing occasions and suitable for winter wear. Made from cotton blend with a textured pattern and regular fit.
P00934,ClassicEdge Everyday Green Chinos,Bottom,Chinos,Men,2699,Green,Cream,Solid,Casual,1,Casual Outing,Summer,Cotton Blend,Slim,ClassicEdge,3.7,843,Casual Chinos in Green with Cream accents. Designed for casual outing occasions and suitable for summer wear. Made from cotton blend with a solid pattern and slim fit.
P00396,TrendAura Statement Cream Blouse,Top,Blouse,Women,899,Cream,Olive,Solid,Party,2,Party,Winter,Silk Blend,Regular,TrendAura,4.8,2764,Party Blouse in Cream with Olive accents. Designed for party occasions and suitable for winter wear. Made from silk blend with a solid pattern and regular fit.
P01123,TrendAura Modern Brown Casual Dress,Dress,Casual Dress,Women,2899,Brown,Beige,Solid,Smart Casual,2,College,Summer,Linen,A-Line,TrendAura,4.3,4281,Smart Casual Casual Dress in Brown with Beige accents. Designed for college occasions and suitable for summer wear. Made from linen with a solid pattern and a-line fit.
P01716,UrbanThread Elegant Beige Loafers,Footwear,Loafers,Women,4699,Beige,Maroon,Solid,Formal,3,Farewell,Winter,Suede,Standard,UrbanThread,4.1,4156,Formal Loafers in Beige with Maroon accents. Designed for farewell occasions and suitable for winter wear. Made from suede with a solid pattern and standard fit.
P01031,MetroFit Refined Blue Printed Skirt,Bottom,Skirt,Women,1299,Blue,Navy,Printed,Smart Casual,2,College,Winter,Cotton,Relaxed,MetroFit,4.9,4182,Smart Casual Skirt in Blue with Navy accents. Designed for college occasions and suitable for winter wear. Made from cotton with a printed pattern and relaxed fit.
P00665,MetroFit Refined White Jeans,Bottom,Jeans,Men,1899,White,Blue,Solid,Smart Casual,2,Casual Outing,Winter,Denim,Slim,MetroFit,4.2,3516,Smart Casual Jeans in White with Blue accents. Designed for casual outing occasions and suitable for winter wear. Made from denim with a solid pattern and slim fit.
P00099,TrendAura Essential Blue T-Shirt,Top,T-Shirt,Unisex,999,Blue,Grey,Solid,Casual,1,Casual Outing,All Season,Cotton,Oversized,TrendAura,3.7,2577,Casual T-Shirt in Blue with Grey accents. Designed for casual outing occasions and suitable for all season wear. Made from cotton with a solid pattern and oversized fit.
P01913,MetroFit Statement Beige Heels,Footwear,Heels,Women,1999,Beige,Brown,Textured,Party,2,Farewell,All Season,Faux Leather,Standard,MetroFit,3.6,3216,Party Heels in Beige with Brown accents. Designed for farewell occasions and suitable for all season wear. Made from faux leather with a textured pattern and standard fit.
P01625,ClassicEdge Essential White Printed Sneakers,Footwear,Sneakers,Men,4399,White,Black,Printed,Casual,1,Casual Outing,Monsoon,Canvas,Standard,ClassicEdge,3.7,2224,Casual Sneakers in White with Black accents. Designed for casual outing occasions and suitable for monsoon wear. Made from canvas with a printed pattern and standard fit.
P01354,StyleCraft Premium Maroon Blazer,Outerwear,Blazer,Men,4999,Maroon,Black,Solid,Formal,3,Farewell,Winter,Wool Blend,Regular,StyleCraft,3.9,762,Formal Blazer in Maroon with Black accents. Designed for farewell occasions and suitable for winter wear. Made from wool blend with a solid pattern and regular fit.
P00273,Northline Modern Blue Shirt,Top,Shirt,Men,2299,Blue,White,Solid,Smart Casual,2,College,Monsoon,Cotton,Regular,Northline,3.6,2977,Smart Casual Shirt in Blue with White accents. Designed for college occasions and suitable for monsoon wear. Made from cotton with a solid pattern and regular fit.
P00334,DailyMode Classic Grey Blouse,Top,Blouse,Women,1999,Grey,Beige,Solid,Casual,1,Casual Outing,All Season,Cotton,Relaxed,DailyMode,4.4,3017,Casual Blouse in Grey with Beige accents. Designed for casual outing occasions and suitable for all season wear. Made from cotton with a solid pattern and relaxed fit.
P01427,DailyMode Refined Olive Denim Jacket,Outerwear,Denim Jacket,Men,3499,Olive,White,Solid,Smart Casual,2,Casual Outing,Monsoon,Denim,Relaxed,DailyMode,4.4,2318,Smart Casual Denim Jacket in Olive with White accents. Designed for casual outing occasions and suitable for monsoon wear. Made from denim with a solid pattern and relaxed fit.
P00501,ModaStreet Everyday Olive Knit Top,Top,Knit Top,Women,1699,Olive,Black,Textured,Casual,1,College,Winter,Cotton,Regular,ModaStreet,4.4,2446,Casual Knit Top in Olive with Black accents. Designed for college occasions and suitable for winter wear. Made from cotton with a textured pattern and regular fit.
P02066,DailyMode Modern Black Belt,Accessory,Belt,Men,1199,Black,White,Textured,Smart Casual,2,College,All Season,Faux Leather,Standard,DailyMode,4.5,3305,Smart Casual Belt in Black with White accents. Designed for college occasions and suitable for all season wear. Made from faux leather with a textured pattern and standard fit.
P00328,TrendAura Classic Cream Blouse,Top,Blouse,Women,1899,Cream,Maroon,Textured,Formal,3,Office,Summer,Rayon,Regular,TrendAura,3.7,2741,Formal Blouse in Cream with Maroon accents. Designed for office occasions and suitable for summer wear. Made from rayon with a textured pattern and regular fit.
P00763,DailyMode Premium Navy Trousers,Bottom,Trousers,Men,2699,Navy,Cream,Textured,Smart Casual,2,College,Summer,Cotton,Regular,DailyMode,4.6,2802,Smart Casual Trousers in Navy with Cream accents. Designed for college occasions and suitable for summer wear. Made from cotton with a textured pattern and regular fit.
P01914,MetroFit Classic Cream Heels,Footwear,Heels,Women,1999,Cream,Black,Solid,Formal,3,Farewell,Winter,Suede,Standard,MetroFit,4.6,691,Formal Heels in Cream with Black accents. Designed for farewell occasions and suitable for winter wear. Made from suede with a solid pattern and standard fit.
P01451,ClassicEdge Comfort Blue Denim Jacket,Outerwear,Denim Jacket,Men,2199,Blue,Grey,Solid,Casual,1,Casual Outing,All Season,Cotton,Relaxed,ClassicEdge,4.8,1529,Casual Denim Jacket in Blue with Grey accents. Designed for casual outing occasions and suitable for all season wear. Made from cotton with a solid pattern and relaxed fit.
P00333,Northline Premium Black Blouse,Top,Blouse,Women,1999,Black,Cream,Textured,Smart Casual,2,Farewell,Summer,Rayon,Regular,Northline,4.2,3749,Smart Casual Blouse in Black with Cream accents. Designed for farewell occasions and suitable for summer wear. Made from rayon with a textured pattern and regular fit.
P01714,UrbanThread Refined Maroon Loafers,Footwear,Loafers,Women,2499,Maroon,Navy,Solid,Smart Casual,2,Farewell,Summer,Leather,Standard,UrbanThread,4.8,2879,Smart Casual Loafers in Maroon with Navy accents. Designed for farewell occasions and suitable for summer wear. Made from leather with a solid pattern and standard fit.
P00676,CoutureLane Classic Maroon Jeans,Bottom,Jeans,Women,1699,Maroon,White,Solid,Casual,1,College,Winter,Denim,Slim,CoutureLane,3.8,1521,Casual Jeans in Maroon with White accents. Designed for college occasions and suitable for winter wear. Made from denim with a solid pattern and slim fit.
P00251,CoutureLane Executive Grey Checked Shirt,Top,Shirt,Women,1099,Grey,White,Checked,Formal,3,Office,Winter,Rayon,Relaxed,CoutureLane,3.6,4953,Formal Shirt in Grey with White accents. Designed for office occasions and suitable for winter wear. Made from rayon with a checked pattern and relaxed fit.
P00400,DailyMode Refined Pink Striped Blouse,Top,Blouse,Women,1499,Pink,Grey,Striped,Smart Casual,2,Farewell,All Season,Rayon,Relaxed,DailyMode,3.6,3548,Smart Casual Blouse in Pink with Grey accents. Designed for farewell occasions and suitable for all season wear. Made from rayon with a striped pattern and relaxed fit.
P01583,ModaStreet Modern Grey Sneakers,Footwear,Sneakers,Women,3999,Grey,Navy,Solid,Smart Casual,2,Farewell,Summer,Canvas,Standard,ModaStreet,4.2,2834,Smart Casual Sneakers in Grey with Navy accents. Designed for farewell occasions and suitable for summer wear. Made from canvas with a solid pattern and standard fit.
P01473,TrendAura Refined Navy Denim Jacket,Outerwear,Denim Jacket,Women,3099,Navy,Beige,Solid,Smart Casual,2,Casual Outing,Monsoon,Cotton,Regular,TrendAura,4.7,987,Smart Casual Denim Jacket in Navy with Beige accents. Designed for casual outing occasions and suitable for monsoon wear. Made from cotton with a solid pattern and regular fit.
P02037,ClassicEdge Elegant Black Belt,Accessory,Belt,Women,699,Black,Cream,Solid,Formal,3,Farewell,All Season,Faux Leather,Standard,ClassicEdge,4.8,3455,Formal Belt in Black with Cream accents. Designed for farewell occasions and suitable for all season wear. Made from faux leather with a solid pattern and standard fit.
P00203,ClassicEdge Everyday Cream Shirt,Top,Shirt,Women,1799,Cream,Beige,Solid,Casual,1,College,All Season,Linen,Relaxed,ClassicEdge,3.6,967,Casual Shirt in Cream with Beige accents. Designed for college occasions and suitable for all season wear. Made from linen with a solid pattern and relaxed fit.
P01967,ClassicEdge Modern Green Sandals,Footwear,Sandals,Unisex,2099,Green,Beige,Solid,Smart Casual,2,College,All Season,Leather,Standard,ClassicEdge,4.3,4673,Smart Casual Sandals in Green with Beige accents. Designed for college occasions and suitable for all season wear. Made from leather with a solid pattern and standard fit.
P01990,MetroFit Modern Black Sandals,Footwear,Sandals,Unisex,799,Black,Maroon,Textured,Smart Casual,2,Casual Outing,All Season,Leather,Standard,MetroFit,4.1,704,Smart Casual Sandals in Black with Maroon accents. Designed for casual outing occasions and suitable for all season wear. Made from leather with a textured pattern and standard fit.
P01970,CoutureLane Modern Grey Sandals,Footwear,Sandals,Women,1699,Grey,Blue,Solid,Smart Casual,2,Farewell,All Season,Leather,Standard,CoutureLane,4.8,4061,Smart Casual Sandals in Grey with Blue accents. Designed for farewell occasions and suitable for all season wear. Made from leather with a solid pattern and standard fit.
P01261,MetroFit Statement Blue Printed Formal Dress,Dress,Formal Dress,Women,2999,Blue,Black,Printed,Party,2,Farewell,All Season,Polyester,A-Line,MetroFit,4.2,1128,Party Formal Dress in Blue with Black accents. Designed for farewell occasions and suitable for all season wear. Made from polyester with a printed pattern and a-line fit.
P00836,ModaStreet Elegant Green Trousers,Bottom,Trousers,Women,1999,Green,White,Solid,Formal,3,Office,All Season,Wool Blend,Slim,ModaStreet,3.7,4503,Formal Trousers in Green with White accents. Designed for office occasions and suitable for all season wear. Made from wool blend with a solid pattern and slim fit.
P01651,DailyMode Everyday White Printed Sneakers,Footwear,Sneakers,Men,3499,White,Navy,Printed,Casual,1,College,Summer,Canvas,Standard,DailyMode,3.6,4974,Casual Sneakers in White with Navy accents. Designed for college occasions and suitable for summer wear. Made from canvas with a printed pattern and standard fit.
P01249,StyleCraft Classic Green Formal Dress,Dress,Formal Dress,Women,3499,Green,Black,Solid,Formal,3,Farewell,All Season,Rayon,Regular,StyleCraft,4.2,3344,Formal Dress in Green with Black accents. Designed for farewell occasions and suitable for all season wear. Made from rayon with a solid pattern and regular fit.
P01994,ClassicEdge Classic Green Sandals,Footwear,Sandals,Unisex,2199,Green,Brown,Solid,Casual,1,Casual Outing,All Season,Leather,Standard,ClassicEdge,4.4,1518,Casual Sandals in Green with Brown accents. Designed for casual outing occasions and suitable for all season wear. Made from leather with a solid pattern and standard fit.
P02029,ClassicEdge Classic Olive Sandals,Footwear,Sandals,Women,999,Olive,Cream,Textured,Casual,1,Casual Outing,All Season,Faux Leather,Standard,ClassicEdge,4.6,848,Casual Sandals in Olive with Cream accents. Designed for casual outing occasions and suitable for all season wear. Made from faux leather with a textured pattern and standard fit.
P01676,CoutureLane Comfort White Sneakers,Footwear,Sneakers,Men,2899,White,Grey,Textured,Casual,1,College,All Season,Leather,Standard,CoutureLane,4.0,1381,Casual Sneakers in White with Grey accents. Designed for college occasions and suitable for all season wear. Made from leather with a textured pattern and standard fit.
P00651,TrendAura Essential Maroon Jeans,Bottom,Jeans,Men,1699,Maroon,Beige,Textured,Casual,1,College,All Season,Denim,Slim,TrendAura,3.9,4170,Casual Jeans in Maroon with Beige accents. Designed for college occasions and suitable for all season wear. Made from denim with a textured pattern and slim fit.
P00013,DailyMode Classic Brown Striped T-Shirt,Top,T-Shirt,Unisex,1599,Brown,White,Striped,Casual,1,College,All Season,Cotton,Oversized,DailyMode,3.9,3084,Casual T-Shirt in Brown with White accents. Designed for college occasions and suitable for all season wear. Made from cotton with a striped pattern and oversized fit.
P00735,UrbanThread Premium Maroon Trousers,Bottom,Trousers,Men,3299,Maroon,White,Solid,Smart Casual,2,Farewell,Summer,Polyester,Slim,UrbanThread,4.3,3048,Smart Casual Trousers in Maroon with White accents. Designed for farewell occasions and suitable for summer wear. Made from polyester with a solid pattern and slim fit.
P00244,Northline Essential Black Shirt,Top,Shirt,Women,1299,Black,White,Solid,Casual,1,Casual Outing,Monsoon,Linen,Regular,Northline,3.6,2741,Casual Shirt in Black with White accents. Designed for casual outing occasions and suitable for monsoon wear. Made from linen with a solid pattern and regular fit.
P02298,VibeWear Essential Black Backpack,Accessory,Backpack,Women,1799,Black,White,Solid,Casual,1,College,Winter,Polyester,Standard,VibeWear,4.8,3301,Casual Backpack in Black with White accents. Designed for college occasions and suitable for winter wear. Made from polyester with a solid pattern and standard fit.
P00606,TrendAura Everyday Olive Jeans,Bottom,Jeans,Men,2699,Olive,Cream,Textured,Casual,1,College,All Season,Denim,Straight,TrendAura,3.5,1939,Casual Jeans in Olive with Cream accents. Designed for college occasions and suitable for all season wear. Made from denim with a textured pattern and straight fit.
P00266,ModaStreet Executive Blue Printed Shirt,Top,Shirt,Men,2199,Blue,Black,Printed,Formal,3,Farewell,Winter,Cotton,Regular,ModaStreet,3.6,3591,Formal Shirt in Blue with Black accents. Designed for farewell occasions and suitable for winter wear. Made from cotton with a printed pattern and regular fit.
P01201,DailyMode Classic Blue Printed Formal Dress,Dress,Formal Dress,Women,2899,Blue,Grey,Printed,Formal,3,Office,All Season,Polyester,Slim,DailyMode,4.3,1665,Formal Dress in Blue with Grey accents. Designed for office occasions and suitable for all season wear. Made from polyester with a printed pattern and slim fit.
P00008,TrendAura Comfort Brown Striped T-Shirt,Top,T-Shirt,Unisex,799,Brown,Olive,Striped,Casual,1,College,Summer,Cotton,Oversized,TrendAura,4.9,1158,Casual T-Shirt in Brown with Olive accents. Designed for college occasions and suitable for summer wear. Made from cotton with a striped pattern and oversized fit.
P02286,DailyMode Performance Grey Backpack,Accessory,Backpack,Men,1699,Grey,Maroon,Solid,Sporty,1,College,Monsoon,Canvas,Standard,DailyMode,4.3,3243,Sporty Backpack in Grey with Maroon accents. Designed for college occasions and suitable for monsoon wear. Made from canvas with a solid pattern and standard fit.
P02166,VibeWear Refined Grey Watch,Accessory,Watch,Unisex,3099,Grey,Black,Solid,Smart Casual,2,Farewell,All Season,Stainless Steel,Standard,VibeWear,3.8,846,Smart Casual Watch in Grey with Black accents. Designed for farewell occasions and suitable for all season wear. Made from stainless steel with a solid pattern and standard fit.
P01420,MetroFit Essential Olive Denim Jacket,Outerwear,Denim Jacket,Men,2999,Olive,Beige,Textured,Casual,1,College,Winter,Cotton,Relaxed,MetroFit,3.5,4896,Casual Denim Jacket in Olive with Beige accents. Designed for college occasions and suitable for winter wear. Made from cotton with a textured pattern and relaxed fit.
P02290,StyleCraft Performance White Backpack,Accessory,Backpack,Men,1099,White,Beige,Solid,Sporty,1,Casual Outing,Monsoon,Canvas,Standard,StyleCraft,4.2,933,Sporty Backpack in White with Beige accents. Designed for casual outing occasions and suitable for monsoon wear. Made from canvas with a solid pattern and standard fit.
P00846,ClassicEdge Classic Maroon Chinos,Bottom,Chinos,Men,2799,Maroon,White,Textured,Casual,1,Casual Outing,Summer,Cotton,Regular,ClassicEdge,4.2,1724,Casual Chinos in Maroon with White accents. Designed for casual outing occasions and suitable for summer wear. Made from cotton with a textured pattern and regular fit.
P01924,Northline Executive Black Heels,Footwear,Heels,Women,3899,Black,White,Solid,Formal,3,Farewell,All Season,Faux Leather,Standard,Northline,3.8,446,Formal Heels in Black with White accents. Designed for farewell occasions and suitable for all season wear. Made from faux leather with a solid pattern and standard fit.
P00293,StyleCraft Classic Green Checked Shirt,Top,Shirt,Men,1299,Green,White,Checked,Smart Casual,2,Casual Outing,Monsoon,Linen,Regular,StyleCraft,4.8,4216,Smart Casual Shirt in Green with White accents. Designed for casual outing occasions and suitable for monsoon wear. Made from linen with a checked pattern and regular fit.
P00614,CoutureLane Classic Black Jeans,Bottom,Jeans,Women,1199,Black,Beige,Solid,Casual,1,Casual Outing,Monsoon,Denim,Straight,CoutureLane,3.8,3269,Casual Jeans in Black with Beige accents. Designed for casual outing occasions and suitable for monsoon wear. Made from denim with a solid pattern and straight fit.
P00834,ModaStreet Executive White Checked Trousers,Bottom,Trousers,Men,2899,White,Black,Checked,Formal,3,Office,All Season,Cotton,Slim,ModaStreet,3.6,1698,Formal Trousers in White with Black accents. Designed for office occasions and suitable for all season wear. Made from cotton with a checked pattern and slim fit.
P02257,CoutureLane Classic Blue Printed Backpack,Accessory,Backpack,Men,999,Blue,Brown,Printed,Casual,1,Casual Outing,Monsoon,Polyester,Standard,CoutureLane,3.8,2866,Casual Backpack in Blue with Brown accents. Designed for casual outing occasions and suitable for monsoon wear. Made from polyester with a printed pattern and standard fit.
P00195,CoutureLane Refined Grey Printed Shirt,Top,Shirt,Men,2299,Grey,White,Printed,Smart Casual,2,Farewell,Monsoon,Linen,Slim,CoutureLane,3.6,2520,Smart Casual Shirt in Grey with White accents. Designed for farewell occasions and suitable for monsoon wear. Made from linen with a printed pattern and slim fit.
P01344,DailyMode Modern Green Blazer,Outerwear,Blazer,Men,3399,Green,Black,Solid,Smart Casual,2,Farewell,Winter,Cotton Blend,Regular,DailyMode,4.6,2335,Smart Casual Blazer in Green with Black accents. Designed for farewell occasions and suitable for winter wear. Made from cotton blend with a solid pattern and regular fit.
P01493,DailyMode Classic Pink Checked Overshirt,Outerwear,Overshirt,Men,1299,Pink,Grey,Checked,Casual,1,Casual Outing,All Season,Denim,Oversized,DailyMode,3.9,3905,Casual Overshirt in Pink with Grey accents. Designed for casual outing occasions and suitable for all season wear. Made from denim with a checked pattern and oversized fit.
P00675,TrendAura Classic White Jeans,Bottom,Jeans,Women,2099,White,Navy,Solid,Smart Casual,2,College,Monsoon,Denim,Slim,TrendAura,4.5,1422,Smart Casual Jeans in White with Navy accents. Designed for college occasions and suitable for monsoon wear. Made from denim with a solid pattern and slim fit.
P00205,Northline Essential Cream Printed Shirt,Top,Shirt,Women,2699,Cream,Olive,Printed,Casual,1,College,Winter,Cotton,Regular,Northline,4.1,61,Casual Shirt in Cream with Olive accents. Designed for college occasions and suitable for winter wear. Made from cotton with a printed pattern and regular fit.
P00057,UrbanThread Comfort Beige T-Shirt,Top,T-Shirt,Women,1799,Beige,Brown,Textured,Casual,1,Casual Outing,All Season,Polyester,Relaxed,UrbanThread,4.2,560,Casual T-Shirt in Beige with Brown accents. Designed for casual outing occasions and suitable for all season wear. Made from polyester with a textured pattern and relaxed fit.
P01132,VibeWear Essential Navy Printed Casual Dress,Dress,Casual Dress,Women,2999,Navy,Brown,Printed,Casual,1,Casual Outing,Summer,Linen,A-Line,VibeWear,4.4,424,Casual Dress in Navy with Brown accents. Designed for casual outing occasions and suitable for summer wear. Made from linen with a printed pattern and a-line fit.
P00679,ClassicEdge Premium Brown Jeans,Bottom,Jeans,Women,2199,Brown,Cream,Textured,Smart Casual,2,College,Monsoon,Cotton,Relaxed,ClassicEdge,4.6,2984,Smart Casual Jeans in Brown with Cream accents. Designed for college occasions and suitable for monsoon wear. Made from cotton with a textured pattern and relaxed fit.
P01505,ModaStreet Modern Olive Checked Overshirt,Outerwear,Overshirt,Women,2799,Olive,Black,Checked,Smart Casual,2,College,Winter,Denim,Oversized,ModaStreet,4.6,1148,Smart Casual Overshirt in Olive with Black accents. Designed for college occasions and suitable for winter wear. Made from denim with a checked pattern and oversized fit.
P01616,Northline Comfort Beige Sneakers,Footwear,Sneakers,Unisex,4899,Beige,Maroon,Solid,Casual,1,College,Summer,Canvas,Standard,Northline,4.7,2479,Casual Sneakers in Beige with Maroon accents. Designed for college occasions and suitable for summer wear. Made from canvas with a solid pattern and standard fit.
P00595,CoutureLane Refined Navy Jeans,Bottom,Jeans,Men,2799,Navy,Brown,Solid,Smart Casual,2,College,All Season,Cotton,Relaxed,CoutureLane,4.7,992,Smart Casual Jeans in Navy with Brown accents. Designed for college occasions and suitable for all season wear. Made from cotton with a solid pattern and relaxed fit.
P00589,UrbanThread Premium Grey Jeans,Bottom,Jeans,Women,2399,Grey,Black,Textured,Smart Casual,2,Farewell,Winter,Cotton,Slim,UrbanThread,4.5,1057,Smart Casual Jeans in Grey with Black accents. Designed for farewell occasions and suitable for winter wear. Made from cotton with a textured pattern and slim fit.
P01120,ClassicEdge Premium Maroon Printed Casual Dress,Dress,Casual Dress,Women,2999,Maroon,Black,Printed,Smart Casual,2,Farewell,Summer,Linen,Relaxed,ClassicEdge,4.3,2652,Smart Casual Casual Dress in Maroon with Black accents. Designed for farewell occasions and suitable for summer wear. Made from linen with a printed pattern and relaxed fit.
P01405,VibeWear Classic Beige Denim Jacket,Outerwear,Denim Jacket,Women,1899,Beige,Navy,Textured,Smart Casual,2,Farewell,Winter,Cotton,Oversized,VibeWear,4.7,1747,Smart Casual Denim Jacket in Beige with Navy accents. Designed for farewell occasions and suitable for winter wear. Made from cotton with a textured pattern and oversized fit.
P00063,DailyMode Dynamic Grey Striped T-Shirt,Top,T-Shirt,Unisex,1199,Grey,Beige,Striped,Sporty,1,College,Summer,Polyester,Relaxed,DailyMode,3.6,351,Sporty T-Shirt in Grey with Beige accents. Designed for college occasions and suitable for summer wear. Made from polyester with a striped pattern and relaxed fit.
P00009,MetroFit Active Green Printed T-Shirt,Top,T-Shirt,Unisex,1099,Green,Brown,Printed,Sporty,1,Casual Outing,Summer,Cotton,Regular,MetroFit,4.0,3859,Sporty T-Shirt in Green with Brown accents. Designed for casual outing occasions and suitable for summer wear. Made from cotton with a printed pattern and regular fit.
P00951,Northline Refined Cream Chinos,Bottom,Chinos,Men,2399,Cream,Beige,Textured,Smart Casual,2,Farewell,Winter,Cotton Blend,Straight,Northline,3.9,289,Smart Casual Chinos in Cream with Beige accents. Designed for farewell occasions and suitable for winter wear. Made from cotton blend with a textured pattern and straight fit.
P01189,StyleCraft Essential Grey Striped Casual Dress,Dress,Casual Dress,Women,3199,Grey,White,Striped,Casual,1,College,All Season,Linen,A-Line,StyleCraft,4.7,1314,Casual Dress in Grey with White accents. Designed for college occasions and suitable for all season wear. Made from linen with a striped pattern and a-line fit.
P00541,CoutureLane Essential Blue Jeans,Bottom,Jeans,Men,2899,Blue,Beige,Solid,Casual,1,College,Winter,Denim,Slim,CoutureLane,4.9,3482,Casual Jeans in Blue with Beige accents. Designed for college occasions and suitable for winter wear. Made from denim with a solid pattern and slim fit.
P00801,UrbanThread Modern Black Checked Trousers,Bottom,Trousers,Men,2699,Black,Beige,Checked,Smart Casual,2,College,Winter,Wool Blend,Regular,UrbanThread,3.9,3324,Smart Casual Trousers in Black with Beige accents. Designed for college occasions and suitable for winter wear. Made from wool blend with a checked pattern and regular fit.
P00893,CoutureLane Refined Black Chinos,Bottom,Chinos,Men,2199,Black,Beige,Textured,Smart Casual,2,Farewell,Winter,Cotton Blend,Straight,CoutureLane,4.4,398,Smart Casual Chinos in Black with Beige accents. Designed for farewell occasions and suitable for winter wear. Made from cotton blend with a textured pattern and straight fit.
P00204,ModaStreet Comfort Navy Checked Shirt,Top,Shirt,Men,2599,Navy,Cream,Checked,Casual,1,College,Summer,Rayon,Relaxed,ModaStreet,4.1,3810,Casual Shirt in Navy with Cream accents. Designed for college occasions and suitable for summer wear. Made from rayon with a checked pattern and relaxed fit.
P00798,UrbanThread Premium Beige Checked Trousers,Bottom,Trousers,Women,1299,Beige,White,Checked,Smart Casual,2,Casual Outing,Summer,Wool Blend,Slim,UrbanThread,4.5,1776,Smart Casual Trousers in Beige with White accents. Designed for casual outing occasions and suitable for summer wear. Made from wool blend with a checked pattern and slim fit.
P00039,DailyMode Dynamic Green T-Shirt,Top,T-Shirt,Women,1499,Green,Black,Textured,Sporty,1,College,Summer,Polyester,Regular,DailyMode,3.8,3628,Sporty T-Shirt in Green with Black accents. Designed for college occasions and suitable for summer wear. Made from polyester with a textured pattern and regular fit.
P01931,DailyMode Statement Navy Heels,Footwear,Heels,Women,2499,Navy,Beige,Solid,Party,2,Party,All Season,Faux Leather,Standard,DailyMode,4.0,1346,Party Heels in Navy with Beige accents. Designed for party occasions and suitable for all season wear. Made from faux leather with a solid pattern and standard fit.
P02086,UrbanThread Elegant Green Belt,Accessory,Belt,Women,999,Green,White,Solid,Formal,3,Office,All Season,Leather,Standard,UrbanThread,4.0,2213,Formal Belt in Green with White accents. Designed for office occasions and suitable for all season wear. Made from leather with a solid pattern and standard fit.
P02250,ModaStreet Sport Navy Backpack,Accessory,Backpack,Men,2299,Navy,Brown,Textured,Sporty,1,Casual Outing,Monsoon,Canvas,Standard,ModaStreet,4.5,1960,Sporty Backpack in Navy with Brown accents. Designed for casual outing occasions and suitable for monsoon wear. Made from canvas with a textured pattern and standard fit.
P01864,ClassicEdge Executive Black Formal Shoes,Footwear,Formal Shoes,Men,4799,Black,Grey,Textured,Formal,3,Farewell,Winter,Faux Leather,Standard,ClassicEdge,4.2,3795,Formal Shoes in Black with Grey accents. Designed for farewell occasions and suitable for winter wear. Made from faux leather with a textured pattern and standard fit.
P02081,ModaStreet Refined Grey Belt,Accessory,Belt,Men,899,Grey,White,Textured,Smart Casual,2,Casual Outing,All Season,Leather,Standard,ModaStreet,3.6,4327,Smart Casual Belt in Grey with White accents. Designed for casual outing occasions and suitable for all season wear. Made from leather with a textured pattern and standard fit.
P00766,CoutureLane Elegant Olive Trousers,Bottom,Trousers,Women,1599,Olive,Black,Solid,Formal,3,Office,Summer,Cotton,Straight,CoutureLane,4.9,4024,Formal Trousers in Olive with Black accents. Designed for office occasions and suitable for summer wear. Made from cotton with a solid pattern and straight fit.
P00521,Northline Classic Blue Knit Top,Top,Knit Top,Women,999,Blue,Navy,Textured,Smart Casual,2,College,Winter,Cotton,Slim,Northline,4.6,2599,Smart Casual Knit Top in Blue with Navy accents. Designed for college occasions and suitable for winter wear. Made from cotton with a textured pattern and slim fit.
P00003,TrendAura Everyday White Printed T-Shirt,Top,T-Shirt,Men,999,White,Navy,Printed,Casual,1,College,Monsoon,Polyester,Relaxed,TrendAura,4.7,4970,Casual T-Shirt in White with Navy accents. Designed for college occasions and suitable for monsoon wear. Made from polyester with a printed pattern and relaxed fit.
P01758,ModaStreet Modern Pink Loafers,Footwear,Loafers,Women,4099,Pink,Beige,Solid,Smart Casual,2,Farewell,Winter,Suede,Standard,ModaStreet,4.9,4420,Smart Casual Loafers in Pink with Beige accents. Designed for farewell occasions and suitable for winter wear. Made from suede with a solid pattern and standard fit.
P00423,ClassicEdge Everyday Navy Printed Blouse,Top,Blouse,Women,1199,Navy,White,Printed,Casual,1,Casual Outing,All Season,Cotton,Regular,ClassicEdge,4.7,4760,Casual Blouse in Navy with White accents. Designed for casual outing occasions and suitable for all season wear. Made from cotton with a printed pattern and regular fit.
P00510,TrendAura Comfort Olive Knit Top,Top,Knit Top,Women,2199,Olive,Cream,Solid,Casual,1,Casual Outing,All Season,Rayon,Relaxed,TrendAura,4.9,1004,Casual Knit Top in Olive with Cream accents. Designed for casual outing occasions and suitable for all season wear. Made from rayon with a solid pattern and relaxed fit.
P00019,TrendAura Dynamic Olive T-Shirt,Top,T-Shirt,Women,699,Olive,Black,Solid,Sporty,1,Casual Outing,Summer,Polyester,Relaxed,TrendAura,3.8,1808,Sporty T-Shirt in Olive with Black accents. Designed for casual outing occasions and suitable for summer wear. Made from polyester with a solid pattern and relaxed fit.
P00626,CoutureLane Essential Beige Jeans,Bottom,Jeans,Men,2199,Beige,Brown,Solid,Casual,1,College,Monsoon,Denim,Slim,CoutureLane,4.7,4662,Casual Jeans in Beige with Brown accents. Designed for college occasions and suitable for monsoon wear. Made from denim with a solid pattern and slim fit.
P01385,StyleCraft Modern Green Checked Blazer,Outerwear,Blazer,Women,6399,Green,White,Checked,Smart Casual,2,College,Winter,Polyester,Regular,StyleCraft,3.7,4932,Smart Casual Blazer in Green with White accents. Designed for college occasions and suitable for winter wear. Made from polyester with a checked pattern and regular fit.
P01489,CoutureLane Classic Black Overshirt,Outerwear,Overshirt,Men,1699,Black,Grey,Textured,Casual,1,College,Monsoon,Denim,Regular,CoutureLane,3.6,1551,Casual Overshirt in Black with Grey accents. Designed for college occasions and suitable for monsoon wear. Made from denim with a textured pattern and regular fit.
P00966,ModaStreet Refined Grey Skirt,Bottom,Skirt,Women,1899,Grey,White,Textured,Smart Casual,2,College,Summer,Denim,Relaxed,ModaStreet,4.7,2132,Smart Casual Skirt in Grey with White accents. Designed for college occasions and suitable for summer wear. Made from denim with a textured pattern and relaxed fit.
P01144,MetroFit Modern White Striped Casual Dress,Dress,Casual Dress,Women,2599,White,Olive,Striped,Smart Casual,2,College,Summer,Cotton,Relaxed,MetroFit,3.6,720,Smart Casual Casual Dress in White with Olive accents. Designed for college occasions and suitable for summer wear. Made from cotton with a striped pattern and relaxed fit.
P01713,MetroFit Elegant Green Loafers,Footwear,Loafers,Men,3899,Green,White,Solid,Formal,3,Office,Summer,Leather,Standard,MetroFit,3.6,1550,Formal Loafers in Green with White accents. Designed for office occasions and suitable for summer wear. Made from leather with a solid pattern and standard fit.
P00790,StyleCraft Classic Black Checked Trousers,Bottom,Trousers,Men,3299,Black,Navy,Checked,Smart Casual,2,Farewell,Winter,Cotton,Straight,StyleCraft,3.6,3464,Smart Casual Trousers in Black with Navy accents. Designed for farewell occasions and suitable for winter wear. Made from cotton with a checked pattern and straight fit.
P01254,MetroFit Classic Navy Printed Formal Dress,Dress,Formal Dress,Women,4399,Navy,Cream,Printed,Formal,3,Farewell,All Season,Rayon,A-Line,MetroFit,3.9,194,Formal Dress in Navy with Cream accents. Designed for farewell occasions and suitable for all season wear. Made from rayon with a printed pattern and a-line fit.
P02242,DailyMode Dynamic Pink Backpack,Accessory,Backpack,Women,1399,Pink,Navy,Textured,Sporty,1,Casual Outing,Monsoon,Canvas,Standard,DailyMode,4.3,3108,Sporty Backpack in Pink with Navy accents. Designed for casual outing occasions and suitable for monsoon wear. Made from canvas with a textured pattern and standard fit.
P01607,Northline Comfort Pink Printed Sneakers,Footwear,Sneakers,Women,1999,Pink,Grey,Printed,Casual,1,College,Monsoon,Mesh,Standard,Northline,4.4,2589,Casual Sneakers in Pink with Grey accents. Designed for college occasions and suitable for monsoon wear. Made from mesh with a printed pattern and standard fit.
P01843,VibeWear Classic Brown Formal Shoes,Footwear,Formal Shoes,Men,2799,Brown,Cream,Textured,Formal,3,Office,All Season,Leather,Standard,VibeWear,3.7,2127,Formal Shoes in Brown with Cream accents. Designed for office occasions and suitable for all season wear. Made from leather with a textured pattern and standard fit.
P01721,StyleCraft Premium White Loafers,Footwear,Loafers,Women,3099,White,Grey,Solid,Formal,3,Farewell,All Season,Leather,Standard,StyleCraft,3.8,3308,Formal Loafers in White with Grey accents. Designed for farewell occasions and suitable for all season wear. Made from leather with a solid pattern and standard fit.
P00865,CoutureLane Everyday Olive Chinos,Bottom,Chinos,Men,2599,Olive,Beige,Textured,Casual,1,College,All Season,Cotton Blend,Straight,CoutureLane,3.6,2963,Casual Chinos in Olive with Beige accents. Designed for college occasions and suitable for all season wear. Made from cotton blend with a textured pattern and straight fit.
P00254,ClassicEdge Classic Maroon Striped Shirt,Top,Shirt,Men,2999,Maroon,Navy,Striped,Casual,1,College,Monsoon,Rayon,Relaxed,ClassicEdge,4.3,1461,Casual Shirt in Maroon with Navy accents. Designed for college occasions and suitable for monsoon wear. Made from rayon with a striped pattern and relaxed fit.
P00453,DailyMode Premium White Striped Knit Top,Top,Knit Top,Women,2099,White,Blue,Striped,Smart Casual,2,College,All Season,Cotton,Relaxed,DailyMode,4.2,4312,Smart Casual Knit Top in White with Blue accents. Designed for college occasions and suitable for all season wear. Made from cotton with a striped pattern and relaxed fit.
P00812,ModaStreet Premium Brown Trousers,Bottom,Trousers,Men,2899,Brown,White,Textured,Formal,3,Office,Winter,Cotton,Straight,ModaStreet,4.1,2758,Formal Trousers in Brown with White accents. Designed for office occasions and suitable for winter wear. Made from cotton with a textured pattern and straight fit.
P02031,CoutureLane Elegant Maroon Belt,Accessory,Belt,Unisex,1299,Maroon,Beige,Solid,Formal,3,Office,All Season,Faux Leather,Standard,CoutureLane,3.8,2892,Formal Belt in Maroon with Beige accents. Designed for office occasions and suitable for all season wear. Made from faux leather with a solid pattern and standard fit.
P02093,VibeWear Comfort Pink Watch,Accessory,Watch,Men,2299,Pink,Navy,Solid,Casual,1,College,All Season,Leather,Standard,VibeWear,4.0,812,Casual Watch in Pink with Navy accents. Designed for college occasions and suitable for all season wear. Made from leather with a solid pattern and standard fit.
P01785,TrendAura Classic Pink Loafers,Footwear,Loafers,Men,3899,Pink,Navy,Textured,Smart Casual,2,College,Winter,Leather,Standard,TrendAura,4.8,863,Smart Casual Loafers in Pink with Navy accents. Designed for college occasions and suitable for winter wear. Made from leather with a textured pattern and standard fit.
P00230,ModaStreet Modern Cream Shirt,Top,Shirt,Women,899,Cream,Maroon,Solid,Smart Casual,2,Casual Outing,Monsoon,Rayon,Relaxed,ModaStreet,4.5,117,Smart Casual Shirt in Cream with Maroon accents. Designed for casual outing occasions and suitable for monsoon wear. Made from rayon with a solid pattern and relaxed fit.
P01242,VibeWear Classic Maroon Formal Dress,Dress,Formal Dress,Women,3899,Maroon,White,Solid,Formal,3,Farewell,All Season,Silk Blend,A-Line,VibeWear,4.3,1485,Formal Dress in Maroon with White accents. Designed for farewell occasions and suitable for all season wear. Made from silk blend with a solid pattern and a-line fit.
P01771,VibeWear Elegant Navy Loafers,Footwear,Loafers,Men,2899,Navy,White,Textured,Formal,3,Office,All Season,Suede,Standard,VibeWear,3.7,3088,Formal Loafers in Navy with White accents. Designed for office occasions and suitable for all season wear. Made from suede with a textured pattern and standard fit.
P02215,VibeWear Everyday Maroon Shoulder Bag,Accessory,Shoulder Bag,Women,1599,Maroon,Beige,Textured,Casual,1,Casual Outing,Winter,Canvas,Standard,VibeWear,4.3,4182,Casual Shoulder Bag in Maroon with Beige accents. Designed for casual outing occasions and suitable for winter wear. Made from canvas with a textured pattern and standard fit.
P01148,VibeWear Refined Navy Striped Casual Dress,Dress,Casual Dress,Women,3399,Navy,Blue,Striped,Smart Casual,2,Farewell,All Season,Linen,A-Line,VibeWear,4.5,4471,Smart Casual Casual Dress in Navy with Blue accents. Designed for farewell occasions and suitable for all season wear. Made from linen with a striped pattern and a-line fit.
P02028,ModaStreet Everyday Beige Sandals,Footwear,Sandals,Women,1699,Beige,White,Solid,Casual,1,College,Summer,Faux Leather,Standard,ModaStreet,3.8,1884,Casual Sandals in Beige with White accents. Designed for college occasions and suitable for summer wear. Made from faux leather with a solid pattern and standard fit.
P01740,VibeWear Classic Brown Loafers,Footwear,Loafers,Men,2299,Brown,Cream,Solid,Formal,3,Farewell,Summer,Faux Leather,Standard,VibeWear,4.8,1635,Formal Loafers in Brown with Cream accents. Designed for farewell occasions and suitable for summer wear. Made from faux leather with a solid pattern and standard fit.
P00290,DailyMode Classic Brown Shirt,Top,Shirt,Women,2399,Brown,Beige,Solid,Formal,3,Farewell,Summer,Rayon,Slim,DailyMode,4.5,1708,Formal Shirt in Brown with Beige accents. Designed for farewell occasions and suitable for summer wear. Made from rayon with a solid pattern and slim fit.
P01174,VibeWear Refined Beige Printed Casual Dress,Dress,Casual Dress,Women,1299,Beige,Brown,Printed,Smart Casual,2,Farewell,All Season,Cotton,Relaxed,VibeWear,4.9,1220,Smart Casual Casual Dress in Beige with Brown accents. Designed for farewell occasions and suitable for all season wear. Made from cotton with a printed pattern and relaxed fit.
P01572,UrbanThread Essential Green Sneakers,Footwear,Sneakers,Men,3399,Green,Brown,Textured,Casual,1,College,Winter,Leather,Standard,UrbanThread,4.7,4770,Casual Sneakers in Green with Brown accents. Designed for college occasions and suitable for winter wear. Made from leather with a textured pattern and standard fit.
P00891,StyleCraft Premium Olive Chinos,Bottom,Chinos,Men,2399,Olive,Black,Textured,Smart Casual,2,Farewell,Winter,Cotton,Slim,StyleCraft,4.5,3987,Smart Casual Chinos in Olive with Black accents. Designed for farewell occasions and suitable for winter wear. Made from cotton with a textured pattern and slim fit.
P00235,StyleCraft Essential Grey Shirt,Top,Shirt,Women,899,Grey,Navy,Solid,Casual,1,Casual Outing,Summer,Linen,Slim,StyleCraft,4.0,2413,Casual Shirt in Grey with Navy accents. Designed for casual outing occasions and suitable for summer wear. Made from linen with a solid pattern and slim fit.
P01177,StyleCraft Classic Navy Striped Casual Dress,Dress,Casual Dress,Women,2099,Navy,Beige,Striped,Smart Casual,2,College,All Season,Linen,Regular,StyleCraft,4.1,368,Smart Casual Casual Dress in Navy with Beige accents. Designed for college occasions and suitable for all season wear. Made from linen with a striped pattern and regular fit.
P00420,ModaStreet Refined Pink Blouse,Top,Blouse,Women,1299,Pink,Grey,Solid,Smart Casual,2,Farewell,All Season,Cotton,Slim,ModaStreet,4.6,445,Smart Casual Blouse in Pink with Grey accents. Designed for farewell occasions and suitable for all season wear. Made from cotton with a solid pattern and slim fit.
P01653,MetroFit Premium Beige Sneakers,Footwear,Sneakers,Men,3299,Beige,Black,Textured,Smart Casual,2,Casual Outing,Monsoon,Synthetic,Standard,MetroFit,4.3,2264,Smart Casual Sneakers in Beige with Black accents. Designed for casual outing occasions and suitable for monsoon wear. Made from synthetic with a textured pattern and standard fit.
P02195,ClassicEdge Modern Cream Printed Shoulder Bag,Accessory,Shoulder Bag,Unisex,2499,Cream,Olive,Printed,Smart Casual,2,Casual Outing,All Season,Leather,Standard,ClassicEdge,4.1,3979,Smart Casual Shoulder Bag in Cream with Olive accents. Designed for casual outing occasions and suitable for all season wear. Made from leather with a printed pattern and standard fit.
P00936,UrbanThread Refined Olive Chinos,Bottom,Chinos,Men,1699,Olive,Cream,Textured,Smart Casual,2,Farewell,Winter,Cotton Blend,Straight,UrbanThread,4.6,3048,Smart Casual Chinos in Olive with Cream accents. Designed for farewell occasions and suitable for winter wear. Made from cotton blend with a textured pattern and straight fit.
P00405,StyleCraft Essential Green Blouse,Top,Blouse,Women,1599,Green,White,Textured,Casual,1,College,Summer,Silk Blend,Slim,StyleCraft,4.4,2975,Casual Blouse in Green with White accents. Designed for college occasions and suitable for summer wear. Made from silk blend with a textured pattern and slim fit.
P00563,CoutureLane Everyday White Jeans,Bottom,Jeans,Men,2199,White,Grey,Solid,Casual,1,Casual Outing,Monsoon,Denim,Straight,CoutureLane,3.5,1024,Casual Jeans in White with Grey accents. Designed for casual outing occasions and suitable for monsoon wear. Made from denim with a solid pattern and straight fit.
P01311,ModaStreet Elegant Beige Checked Blazer,Outerwear,Blazer,Women,4999,Beige,Black,Checked,Formal,3,Office,Winter,Cotton Blend,Slim,ModaStreet,4.8,1840,Formal Blazer in Beige with Black accents. Designed for office occasions and suitable for winter wear. Made from cotton blend with a checked pattern and slim fit.
P01678,DailyMode Active Black Sneakers,Footwear,Sneakers,Men,4499,Black,Blue,Textured,Sporty,1,Casual Outing,All Season,Canvas,Standard,DailyMode,4.9,1291,Sporty Sneakers in Black with Blue accents. Designed for casual outing occasions and suitable for all season wear. Made from canvas with a textured pattern and standard fit.
P02011,StyleCraft Essential Olive Sandals,Footwear,Sandals,Women,1799,Olive,Brown,Textured,Casual,1,College,All Season,Synthetic,Standard,StyleCraft,3.7,4533,Casual Sandals in Olive with Brown accents. Designed for college occasions and suitable for all season wear. Made from synthetic with a textured pattern and standard fit.
P00292,ClassicEdge Classic Maroon Checked Shirt,Top,Shirt,Men,1799,Maroon,Black,Checked,Smart Casual,2,Casual Outing,Summer,Linen,Slim,ClassicEdge,3.7,4515,Smart Casual Shirt in Maroon with Black accents. Designed for casual outing occasions and suitable for summer wear. Made from linen with a checked pattern and slim fit.
P01399,VibeWear Comfort Green Denim Jacket,Outerwear,Denim Jacket,Men,3799,Green,Brown,Textured,Casual,1,College,Monsoon,Cotton,Regular,VibeWear,4.0,3852,Casual Denim Jacket in Green with Brown accents. Designed for college occasions and suitable for monsoon wear. Made from cotton with a textured pattern and regular fit.
P00557,UrbanThread Premium White Jeans,Bottom,Jeans,Women,1899,White,Black,Textured,Smart Casual,2,College,Winter,Cotton,Slim,UrbanThread,4.2,2927,Smart Casual Jeans in White with Black accents. Designed for college occasions and suitable for winter wear. Made from cotton with a textured pattern and slim fit.
P01372,MetroFit Classic Grey Blazer,Outerwear,Blazer,Women,3899,Grey,Black,Textured,Formal,3,Office,All Season,Cotton Blend,Slim,MetroFit,4.5,2143,Formal Blazer in Grey with Black accents. Designed for office occasions and suitable for all season wear. Made from cotton blend with a textured pattern and slim fit.
P00390,TrendAura Elegant Blue Blouse,Top,Blouse,Women,1399,Blue,Navy,Solid,Formal,3,Farewell,Summer,Silk Blend,Relaxed,TrendAura,4.2,2062,Formal Blouse in Blue with Navy accents. Designed for farewell occasions and suitable for summer wear. Made from silk blend with a solid pattern and relaxed fit.
P01853,Northline Elegant Blue Formal Shoes,Footwear,Formal Shoes,Men,4899,Blue,Brown,Solid,Formal,3,Office,All Season,Faux Leather,Standard,Northline,3.5,2978,Formal Shoes in Blue with Brown accents. Designed for office occasions and suitable for all season wear. Made from faux leather with a solid pattern and standard fit.
P01445,MetroFit Refined Brown Denim Jacket,Outerwear,Denim Jacket,Men,2699,Brown,Cream,Solid,Smart Casual,2,College,Winter,Denim,Regular,MetroFit,4.6,124,Smart Casual Denim Jacket in Brown with Cream accents. Designed for college occasions and suitable for winter wear. Made from denim with a solid pattern and regular fit.
P00006,DailyMode Classic Grey Printed T-Shirt,Top,T-Shirt,Women,1499,Grey,Maroon,Printed,Casual,1,Casual Outing,All Season,Cotton,Relaxed,DailyMode,4.0,483,Casual T-Shirt in Grey with Maroon accents. Designed for casual outing occasions and suitable for all season wear. Made from cotton with a printed pattern and relaxed fit.
P00473,DailyMode Essential White Knit Top,Top,Knit Top,Women,1099,White,Grey,Textured,Casual,1,Casual Outing,All Season,Cotton,Slim,DailyMode,4.5,1933,Casual Knit Top in White with Grey accents. Designed for casual outing occasions and suitable for all season wear. Made from cotton with a textured pattern and slim fit.
P01084,ClassicEdge Classic Brown Printed Casual Dress,Dress,Casual Dress,Women,2899,Brown,Cream,Printed,Casual,1,College,All Season,Linen,Regular,ClassicEdge,3.5,2086,Casual Dress in Brown with Cream accents. Designed for college occasions and suitable for all season wear. Made from linen with a printed pattern and regular fit.
P01340,MetroFit Premium White Blazer,Outerwear,Blazer,Women,2999,White,Grey,Textured,Formal,3,Farewell,Winter,Wool Blend,Regular,MetroFit,4.4,968,Formal Blazer in White with Grey accents. Designed for farewell occasions and suitable for winter wear. Made from wool blend with a textured pattern and regular fit.
P01528,CoutureLane Premium Blue Overshirt,Outerwear,Overshirt,Men,1799,Blue,Beige,Solid,Smart Casual,2,Casual Outing,All Season,Denim,Regular,CoutureLane,3.9,1728,Smart Casual Overshirt in Blue with Beige accents. Designed for casual outing occasions and suitable for all season wear. Made from denim with a solid pattern and regular fit.
P00315,ClassicEdge Everyday Pink Shirt,Top,Shirt,Women,1899,Pink,Beige,Solid,Casual,1,Casual Outing,All Season,Rayon,Slim,ClassicEdge,4.2,1531,Casual Shirt in Pink with Beige accents. Designed for casual outing occasions and suitable for all season wear. Made from rayon with a solid pattern and slim fit.
P00079,TrendAura Sport White Printed T-Shirt,Top,T-Shirt,Women,1399,White,Grey,Printed,Sporty,1,College,Monsoon,Polyester,Relaxed,TrendAura,3.9,2443,Sporty T-Shirt in White with Grey accents. Designed for college occasions and suitable for monsoon wear. Made from polyester with a printed pattern and relaxed fit.
P00660,ModaStreet Premium Cream Jeans,Bottom,Jeans,Women,1699,Cream,Beige,Solid,Smart Casual,2,Casual Outing,Winter,Cotton,Relaxed,ModaStreet,4.4,2629,Smart Casual Jeans in Cream with Beige accents. Designed for casual outing occasions and suitable for winter wear. Made from cotton with a solid pattern and relaxed fit.
P00493,Northline Classic Olive Knit Top,Top,Knit Top,Women,1699,Olive,Cream,Solid,Casual,1,Casual Outing,Winter,Rayon,Relaxed,Northline,4.0,2215,Casual Knit Top in Olive with Cream accents. Designed for casual outing occasions and suitable for winter wear. Made from rayon with a solid pattern and relaxed fit.
P00265,CoutureLane Refined Brown Shirt,Top,Shirt,Women,2399,Brown,Olive,Solid,Smart Casual,2,College,Winter,Rayon,Relaxed,CoutureLane,3.9,3259,Smart Casual Shirt in Brown with Olive accents. Designed for college occasions and suitable for winter wear. Made from rayon with a solid pattern and relaxed fit.
P00276,UrbanThread Everyday Brown Checked Shirt,Top,Shirt,Women,2399,Brown,Olive,Checked,Casual,1,Casual Outing,Winter,Rayon,Relaxed,UrbanThread,4.8,1443,Casual Shirt in Brown with Olive accents. Designed for casual outing occasions and suitable for winter wear. Made from rayon with a checked pattern and relaxed fit.
P00926,UrbanThread Essential Green Chinos,Bottom,Chinos,Men,1599,Green,Beige,Textured,Casual,1,College,Winter,Cotton Blend,Regular,UrbanThread,4.3,1750,Casual Chinos in Green with Beige accents. Designed for college occasions and suitable for winter wear. Made from cotton blend with a textured pattern and regular fit.
P00022,VibeWear Dynamic Navy Printed T-Shirt,Top,T-Shirt,Women,999,Navy,Blue,Printed,Sporty,1,College,Summer,Polyester,Relaxed,VibeWear,4.8,619,Sporty T-Shirt in Navy with Blue accents. Designed for college occasions and suitable for summer wear. Made from polyester with a printed pattern and relaxed fit.
P00857,DailyMode Comfort Grey Chinos,Bottom,Chinos,Men,1899,Grey,Navy,Solid,Casual,1,College,All Season,Cotton Blend,Regular,DailyMode,4.2,2216,Casual Chinos in Grey with Navy accents. Designed for college occasions and suitable for all season wear. Made from cotton blend with a solid pattern and regular fit.
P00430,ModaStreet Premium Navy Striped Blouse,Top,Blouse,Women,2499,Navy,Brown,Striped,Formal,3,Office,All Season,Cotton,Relaxed,ModaStreet,4.8,3813,Formal Blouse in Navy with Brown accents. Designed for office occasions and suitable for all season wear. Made from cotton with a striped pattern and relaxed fit.
P02060,ModaStreet Classic Brown Belt,Accessory,Belt,Women,1099,Brown,Black,Solid,Smart Casual,2,College,All Season,Faux Leather,Standard,ModaStreet,3.8,1814,Smart Casual Belt in Brown with Black accents. Designed for college occasions and suitable for all season wear. Made from faux leather with a solid pattern and standard fit.
P02303,StyleCraft Essential Blue Printed Backpack,Accessory,Backpack,Women,899,Blue,Navy,Printed,Casual,1,College,All Season,Synthetic,Standard,StyleCraft,4.6,1943,Casual Backpack in Blue with Navy accents. Designed for college occasions and suitable for all season wear. Made from synthetic with a printed pattern and standard fit.
P01414,MetroFit Comfort Grey Denim Jacket,Outerwear,Denim Jacket,Men,3899,Grey,Blue,Solid,Casual,1,College,Monsoon,Cotton,Relaxed,MetroFit,4.6,310,Casual Denim Jacket in Grey with Blue accents. Designed for college occasions and suitable for monsoon wear. Made from cotton with a solid pattern and relaxed fit.
P00426,StyleCraft Premium Pink Printed Blouse,Top,Blouse,Women,1699,Pink,Beige,Printed,Formal,3,Office,All Season,Rayon,Regular,StyleCraft,4.1,2617,Formal Blouse in Pink with Beige accents. Designed for office occasions and suitable for all season wear. Made from rayon with a printed pattern and regular fit.
P00355,StyleCraft Classic Cream Blouse,Top,Blouse,Women,2299,Cream,Navy,Solid,Casual,1,College,Summer,Cotton,Relaxed,StyleCraft,3.9,1815,Casual Blouse in Cream with Navy accents. Designed for college occasions and suitable for summer wear. Made from cotton with a solid pattern and relaxed fit.
P01797,ClassicEdge Premium Blue Formal Shoes,Footwear,Formal Shoes,Men,3899,Blue,Navy,Textured,Formal,3,Farewell,All Season,Faux Leather,Standard,ClassicEdge,4.4,197,Formal Shoes in Blue with Navy accents. Designed for farewell occasions and suitable for all season wear. Made from faux leather with a textured pattern and standard fit.
P00880,DailyMode Comfort Olive Chinos,Bottom,Chinos,Men,1499,Olive,White,Textured,Casual,1,Casual Outing,Summer,Cotton Blend,Straight,DailyMode,3.8,4066,Casual Chinos in Olive with White accents. Designed for casual outing occasions and suitable for summer wear. Made from cotton blend with a textured pattern and straight fit.
P02014,Northline Modern Maroon Sandals,Footwear,Sandals,Unisex,1199,Maroon,Navy,Textured,Smart Casual,2,Casual Outing,All Season,Leather,Standard,Northline,4.3,2912,Smart Casual Sandals in Maroon with Navy accents. Designed for casual outing occasions and suitable for all season wear. Made from leather with a textured pattern and standard fit.
P02113,DailyMode Classic Brown Watch,Accessory,Watch,Women,2499,Brown,Cream,Solid,Casual,1,Casual Outing,All Season,Synthetic,Standard,DailyMode,4.5,2182,Casual Watch in Brown with Cream accents. Designed for casual outing occasions and suitable for all season wear. Made from synthetic with a solid pattern and standard fit.
P02104,VibeWear Premium Black Watch,Accessory,Watch,Men,1899,Black,Maroon,Textured,Smart Casual,2,College,All Season,Synthetic,Standard,VibeWear,4.8,4036,Smart Casual Watch in Black with Maroon accents. Designed for college occasions and suitable for all season wear. Made from synthetic with a textured pattern and standard fit.
P00525,ClassicEdge Classic Navy Striped Knit Top,Top,Knit Top,Women,1699,Navy,White,Striped,Casual,1,Casual Outing,All Season,Rayon,Relaxed,ClassicEdge,3.8,3336,Casual Knit Top in Navy with White accents. Designed for casual outing occasions and suitable for all season wear. Made from rayon with a striped pattern and relaxed fit.
P02235,DailyMode Premium White Shoulder Bag,Accessory,Shoulder Bag,Unisex,2599,White,Beige,Solid,Smart Casual,2,College,Summer,Leather,Standard,DailyMode,4.5,3795,Smart Casual Shoulder Bag in White with Beige accents. Designed for college occasions and suitable for summer wear. Made from leather with a solid pattern and standard fit.
P01102,ModaStreet Premium Beige Casual Dress,Dress,Casual Dress,Women,3199,Beige,Black,Solid,Smart Casual,2,College,All Season,Linen,A-Line,ModaStreet,4.7,307,Smart Casual Casual Dress in Beige with Black accents. Designed for college occasions and suitable for all season wear. Made from linen with a solid pattern and a-line fit.
P01411,UrbanThread Everyday Blue Denim Jacket,Outerwear,Denim Jacket,Men,1999,Blue,Black,Solid,Casual,1,Casual Outing,Winter,Denim,Regular,UrbanThread,4.5,3186,Casual Denim Jacket in Blue with Black accents. Designed for casual outing occasions and suitable for winter wear. Made from denim with a solid pattern and regular fit.
P00622,ClassicEdge Everyday Pink Jeans,Bottom,Jeans,Women,2599,Pink,White,Textured,Casual,1,Casual Outing,All Season,Cotton,Relaxed,ClassicEdge,4.2,4840,Casual Jeans in Pink with White accents. Designed for casual outing occasions and suitable for all season wear. Made from cotton with a textured pattern and relaxed fit.
P02178,Northline Classic Olive Printed Shoulder Bag,Accessory,Shoulder Bag,Women,1299,Olive,Beige,Printed,Smart Casual,2,Farewell,Winter,Canvas,Standard,Northline,3.5,3794,Smart Casual Shoulder Bag in Olive with Beige accents. Designed for farewell occasions and suitable for winter wear. Made from canvas with a printed pattern and standard fit.
P00236,Northline Elegant Cream Striped Shirt,Top,Shirt,Women,899,Cream,Olive,Striped,Formal,3,Office,Winter,Linen,Regular,Northline,4.8,220,Formal Shirt in Cream with Olive accents. Designed for office occasions and suitable for winter wear. Made from linen with a striped pattern and regular fit.
P01052,StyleCraft Classic Navy Skirt,Bottom,Skirt,Women,2699,Navy,Brown,Solid,Casual,1,College,Summer,Rayon,Straight,StyleCraft,4.0,2126,Casual Skirt in Navy with Brown accents. Designed for college occasions and suitable for summer wear. Made from rayon with a solid pattern and straight fit.
P00067,ClassicEdge Dynamic Blue T-Shirt,Top,T-Shirt,Women,1499,Blue,Navy,Textured,Sporty,1,Casual Outing,Monsoon,Cotton,Regular,ClassicEdge,4.1,447,Sporty T-Shirt in Blue with Navy accents. Designed for casual outing occasions and suitable for monsoon wear. Made from cotton with a textured pattern and regular fit.
P00166,CoutureLane Executive Beige Checked Shirt,Top,Shirt,Men,2999,Beige,Olive,Checked,Formal,3,Farewell,Summer,Rayon,Regular,CoutureLane,3.8,4802,Formal Shirt in Beige with Olive accents. Designed for farewell occasions and suitable for summer wear. Made from rayon with a checked pattern and regular fit.
P01813,TrendAura Elegant Brown Formal Shoes,Footwear,Formal Shoes,Men,4099,Brown,Beige,Textured,Formal,3,Office,All Season,Faux Leather,Standard,TrendAura,4.3,274,Formal Shoes in Brown with Beige accents. Designed for office occasions and suitable for all season wear. Made from faux leather with a textured pattern and standard fit.
P00745,Northline Modern Navy Trousers,Bottom,Trousers,Men,2199,Navy,White,Textured,Smart Casual,2,College,Winter,Wool Blend,Straight,Northline,4.0,2758,Smart Casual Trousers in Navy with White accents. Designed for college occasions and suitable for winter wear. Made from wool blend with a textured pattern and straight fit.
P01960,ClassicEdge Essential Green Sandals,Footwear,Sandals,Unisex,1499,Green,Cream,Solid,Casual,1,College,Summer,Leather,Standard,ClassicEdge,4.8,711,Casual Sandals in Green with Cream accents. Designed for college occasions and suitable for summer wear. Made from leather with a solid pattern and standard fit.
P00038,DailyMode Sport Olive T-Shirt,Top,T-Shirt,Women,1699,Olive,Cream,Solid,Sporty,1,Casual Outing,All Season,Cotton,Regular,DailyMode,4.7,4160,Sporty T-Shirt in Olive with Cream accents. Designed for casual outing occasions and suitable for all season wear. Made from cotton with a solid pattern and regular fit.
P00040,ModaStreet Classic White Striped T-Shirt,Top,T-Shirt,Women,1099,White,Blue,Striped,Casual,1,College,Summer,Polyester,Oversized,ModaStreet,4.5,1777,Casual T-Shirt in White with Blue accents. Designed for college occasions and suitable for summer wear. Made from polyester with a striped pattern and oversized fit.
P01453,UrbanThread Premium Brown Denim Jacket,Outerwear,Denim Jacket,Men,2499,Brown,Navy,Solid,Smart Casual,2,Casual Outing,Winter,Denim,Oversized,UrbanThread,3.5,4456,Smart Casual Denim Jacket in Brown with Navy accents. Designed for casual outing occasions and suitable for winter wear. Made from denim with a solid pattern and oversized fit.
P01402,DailyMode Modern Black Denim Jacket,Outerwear,Denim Jacket,Women,1999,Black,Cream,Textured,Smart Casual,2,College,Winter,Denim,Oversized,DailyMode,4.3,3195,Smart Casual Denim Jacket in Black with Cream accents. Designed for college occasions and suitable for winter wear. Made from denim with a textured pattern and oversized fit.
P00188,TrendAura Executive Navy Shirt,Top,Shirt,Men,1799,Navy,Blue,Solid,Formal,3,Farewell,Winter,Linen,Relaxed,TrendAura,3.7,1994,Formal Shirt in Navy with Blue accents. Designed for farewell occasions and suitable for winter wear. Made from linen with a solid pattern and relaxed fit.
P00680,ModaStreet Modern Olive Jeans,Bottom,Jeans,Men,1499,Olive,Brown,Textured,Smart Casual,2,Farewell,Summer,Cotton,Slim,ModaStreet,4.7,2314,Smart Casual Jeans in Olive with Brown accents. Designed for farewell occasions and suitable for summer wear. Made from cotton with a textured pattern and slim fit.
P00724,TrendAura Modern Blue Checked Trousers,Bottom,Trousers,Men,3199,Blue,Black,Checked,Smart Casual,2,Casual Outing,Summer,Cotton,Straight,TrendAura,3.8,442,Smart Casual Trousers in Blue with Black accents. Designed for casual outing occasions and suitable for summer wear. Made from cotton with a checked pattern and straight fit.
P00671,CoutureLane Premium Beige Jeans,Bottom,Jeans,Women,1299,Beige,Olive,Textured,Smart Casual,2,College,Winter,Denim,Relaxed,CoutureLane,4.4,3498,Smart Casual Jeans in Beige with Olive accents. Designed for college occasions and suitable for winter wear. Made from denim with a textured pattern and relaxed fit.
P01497,ModaStreet Refined Olive Checked Overshirt,Outerwear,Overshirt,Men,1899,Olive,Black,Checked,Smart Casual,2,College,Monsoon,Linen,Relaxed,ModaStreet,4.9,1800,Smart Casual Overshirt in Olive with Black accents. Designed for college occasions and suitable for monsoon wear. Made from linen with a checked pattern and relaxed fit.
P01498,VibeWear Classic White Overshirt,Outerwear,Overshirt,Men,2399,White,Beige,Textured,Casual,1,Casual Outing,Winter,Denim,Oversized,VibeWear,4.3,4662,Casual Overshirt in White with Beige accents. Designed for casual outing occasions and suitable for winter wear. Made from denim with a textured pattern and oversized fit.
P01280,TrendAura Statement Black Printed Formal Dress,Dress,Formal Dress,Women,2699,Black,Beige,Printed,Party,2,Party,All Season,Polyester,Regular,TrendAura,4.8,4663,Party Formal Dress in Black with Beige accents. Designed for party occasions and suitable for all season wear. Made from polyester with a printed pattern and regular fit.
P00322,StyleCraft Comfort Grey Blouse,Top,Blouse,Women,2199,Grey,Beige,Solid,Casual,1,Casual Outing,Winter,Silk Blend,Relaxed,StyleCraft,4.0,277,Casual Blouse in Grey with Beige accents. Designed for casual outing occasions and suitable for winter wear. Made from silk blend with a solid pattern and relaxed fit.
P00136,CoutureLane Dynamic Brown T-Shirt,Top,T-Shirt,Men,1699,Brown,Navy,Solid,Sporty,1,College,All Season,Cotton,Relaxed,CoutureLane,4.1,4734,Sporty T-Shirt in Brown with Navy accents. Designed for college occasions and suitable for all season wear. Made from cotton with a solid pattern and relaxed fit.
P00669,ModaStreet Refined Olive Jeans,Bottom,Jeans,Men,1199,Olive,White,Textured,Smart Casual,2,College,All Season,Denim,Relaxed,ModaStreet,3.5,4126,Smart Casual Jeans in Olive with White accents. Designed for college occasions and suitable for all season wear. Made from denim with a textured pattern and relaxed fit.
P00811,ModaStreet Classic Black Trousers,Bottom,Trousers,Men,1299,Black,Navy,Solid,Formal,3,Farewell,Summer,Polyester,Slim,ModaStreet,4.2,4374,Formal Trousers in Black with Navy accents. Designed for farewell occasions and suitable for summer wear. Made from polyester with a solid pattern and slim fit.
P01289,TrendAura Executive Green Formal Dress,Dress,Formal Dress,Women,2799,Green,Brown,Solid,Formal,3,Office,Summer,Silk Blend,A-Line,TrendAura,4.3,4954,Formal Dress in Green with Brown accents. Designed for office occasions and suitable for summer wear. Made from silk blend with a solid pattern and a-line fit.
P00429,ClassicEdge Premium Green Blouse,Top,Blouse,Women,799,Green,Black,Textured,Formal,3,Farewell,Winter,Cotton,Regular,ClassicEdge,4.7,1614,Formal Blouse in Green with Black accents. Designed for farewell occasions and suitable for winter wear. Made from cotton with a textured pattern and regular fit.
P01819,UrbanThread Classic Brown Formal Shoes,Footwear,Formal Shoes,Men,5099,Brown,Olive,Textured,Formal,3,Farewell,Winter,Faux Leather,Standard,UrbanThread,3.6,1546,Formal Shoes in Brown with Olive accents. Designed for farewell occasions and suitable for winter wear. Made from faux leather with a textured pattern and standard fit.
P01561,UrbanThread Performance White Printed Sneakers,Footwear,Sneakers,Unisex,4199,White,Black,Printed,Sporty,1,College,Summer,Mesh,Standard,UrbanThread,4.1,196,Sporty Sneakers in White with Black accents. Designed for college occasions and suitable for summer wear. Made from mesh with a printed pattern and standard fit.
P01761,MetroFit Premium Beige Loafers,Footwear,Loafers,Men,3399,Beige,Olive,Solid,Formal,3,Office,All Season,Suede,Standard,MetroFit,3.5,3141,Formal Loafers in Beige with Olive accents. Designed for office occasions and suitable for all season wear. Made from suede with a solid pattern and standard fit.
P02008,VibeWear Classic White Sandals,Footwear,Sandals,Unisex,2099,White,Navy,Textured,Casual,1,College,All Season,Leather,Standard,VibeWear,4.3,3911,Casual Sandals in White with Navy accents. Designed for college occasions and suitable for all season wear. Made from leather with a textured pattern and standard fit.
P02095,MetroFit Classic Grey Watch,Accessory,Watch,Men,3399,Grey,Maroon,Textured,Smart Casual,2,Farewell,All Season,Synthetic,Standard,MetroFit,4.2,3577,Smart Casual Watch in Grey with Maroon accents. Designed for farewell occasions and suitable for all season wear. Made from synthetic with a textured pattern and standard fit.
P01790,MetroFit Modern Cream Loafers,Footwear,Loafers,Men,3799,Cream,Navy,Solid,Smart Casual,2,Casual Outing,Summer,Leather,Standard,MetroFit,3.8,3992,Smart Casual Loafers in Cream with Navy accents. Designed for casual outing occasions and suitable for summer wear. Made from leather with a solid pattern and standard fit.
P00285,TrendAura Classic Navy Checked Shirt,Top,Shirt,Women,2099,Navy,Cream,Checked,Smart Casual,2,Casual Outing,Winter,Rayon,Regular,TrendAura,4.1,3935,Smart Casual Shirt in Navy with Cream accents. Designed for casual outing occasions and suitable for winter wear. Made from rayon with a checked pattern and regular fit.
P01038,VibeWear Essential Cream Checked Skirt,Bottom,Skirt,Women,1199,Cream,Beige,Checked,Casual,1,College,Summer,Cotton,Straight,VibeWear,3.8,3313,Casual Skirt in Cream with Beige accents. Designed for college occasions and suitable for summer wear. Made from cotton with a checked pattern and straight fit.
P01925,ClassicEdge Festive Maroon Heels,Footwear,Heels,Women,2799,Maroon,Beige,Textured,Party,2,Farewell,All Season,Faux Leather,Standard,ClassicEdge,4.9,1462,Party Heels in Maroon with Beige accents. Designed for farewell occasions and suitable for all season wear. Made from faux leather with a textured pattern and standard fit.
P00565,StyleCraft Classic Black Jeans,Bottom,Jeans,Women,1399,Black,Cream,Solid,Smart Casual,2,Farewell,Winter,Denim,Straight,StyleCraft,4.1,1483,Smart Casual Jeans in Black with Cream accents. Designed for farewell occasions and suitable for winter wear. Made from denim with a solid pattern and straight fit.
P01209,ClassicEdge Elegant Pink Printed Formal Dress,Dress,Formal Dress,Women,3699,Pink,White,Printed,Formal,3,Farewell,Winter,Rayon,Slim,ClassicEdge,4.3,3511,Formal Dress in Pink with White accents. Designed for farewell occasions and suitable for winter wear. Made from rayon with a printed pattern and slim fit.
P02141,VibeWear Classic Brown Watch,Accessory,Watch,Women,2599,Brown,Cream,Solid,Smart Casual,2,College,All Season,Stainless Steel,Standard,VibeWear,4.1,3294,Smart Casual Watch in Brown with Cream accents. Designed for college occasions and suitable for all season wear. Made from stainless steel with a solid pattern and standard fit.
P01840,UrbanThread Executive Brown Formal Shoes,Footwear,Formal Shoes,Men,4799,Brown,White,Textured,Formal,3,Farewell,All Season,Leather,Standard,UrbanThread,4.0,2635,Formal Shoes in Brown with White accents. Designed for farewell occasions and suitable for all season wear. Made from leather with a textured pattern and standard fit.
P00263,ModaStreet Premium Maroon Striped Shirt,Top,Shirt,Men,2099,Maroon,Grey,Striped,Smart Casual,2,Farewell,Monsoon,Linen,Relaxed,ModaStreet,4.0,3676,Smart Casual Shirt in Maroon with Grey accents. Designed for farewell occasions and suitable for monsoon wear. Made from linen with a striped pattern and relaxed fit.
P00027,TrendAura Classic Maroon T-Shirt,Top,T-Shirt,Women,499,Maroon,Black,Solid,Casual,1,Casual Outing,Summer,Cotton,Oversized,TrendAura,3.9,351,Casual T-Shirt in Maroon with Black accents. Designed for casual outing occasions and suitable for summer wear. Made from cotton with a solid pattern and oversized fit.
P00548,TrendAura Modern Green Jeans,Bottom,Jeans,Men,1999,Green,Black,Solid,Smart Casual,2,Casual Outing,Winter,Cotton,Straight,TrendAura,4.7,4052,Smart Casual Jeans in Green with Black accents. Designed for casual outing occasions and suitable for winter wear. Made from cotton with a solid pattern and straight fit.
P01934,ClassicEdge Elegant Green Heels,Footwear,Heels,Women,3799,Green,White,Solid,Formal,3,Office,Summer,Suede,Standard,ClassicEdge,4.9,3654,Formal Heels in Green with White accents. Designed for office occasions and suitable for summer wear. Made from suede with a solid pattern and standard fit.
P00011,DailyMode Everyday Navy Printed T-Shirt,Top,T-Shirt,Men,1399,Navy,Cream,Printed,Casual,1,Casual Outing,All Season,Polyester,Relaxed,DailyMode,4.0,184,Casual T-Shirt in Navy with Cream accents. Designed for casual outing occasions and suitable for all season wear. Made from polyester with a printed pattern and relaxed fit.
P00754,TrendAura Refined Black Trousers,Bottom,Trousers,Men,1799,Black,Blue,Solid,Smart Casual,2,Casual Outing,Winter,Cotton,Slim,TrendAura,4.2,1172,Smart Casual Trousers in Black with Blue accents. Designed for casual outing occasions and suitable for winter wear. Made from cotton with a solid pattern and slim fit.
P02205,DailyMode Classic White Shoulder Bag,Accessory,Shoulder Bag,Unisex,1599,White,Blue,Solid,Casual,1,Casual Outing,Summer,Canvas,Standard,DailyMode,3.6,2731,Casual Shoulder Bag in White with Blue accents. Designed for casual outing occasions and suitable for summer wear. Made from canvas with a solid pattern and standard fit.
P01430,UrbanThread Comfort Brown Denim Jacket,Outerwear,Denim Jacket,Women,2499,Brown,Beige,Solid,Casual,1,Casual Outing,Monsoon,Denim,Regular,UrbanThread,4.8,3634,Casual Denim Jacket in Brown with Beige accents. Designed for casual outing occasions and suitable for monsoon wear. Made from denim with a solid pattern and regular fit.
P01191,ClassicEdge Elegant Grey Formal Dress,Dress,Formal Dress,Women,3299,Grey,Maroon,Textured,Party,2,Farewell,All Season,Silk Blend,Slim,ClassicEdge,4.1,1296,Party Formal Dress in Grey with Maroon accents. Designed for farewell occasions and suitable for all season wear. Made from silk blend with a textured pattern and slim fit.
P01447,MetroFit Comfort Blue Denim Jacket,Outerwear,Denim Jacket,Women,2199,Blue,Beige,Solid,Casual,1,Casual Outing,All Season,Cotton,Relaxed,MetroFit,3.6,3202,Casual Denim Jacket in Blue with Beige accents. Designed for casual outing occasions and suitable for all season wear. Made from cotton with a solid pattern and relaxed fit.
P01749,ClassicEdge Premium White Loafers,Footwear,Loafers,Women,2799,White,Maroon,Solid,Formal,3,Office,Winter,Faux Leather,Standard,ClassicEdge,4.8,3853,Formal Loafers in White with Maroon accents. Designed for office occasions and suitable for winter wear. Made from faux leather with a solid pattern and standard fit.
P00941,TrendAura Modern Brown Chinos,Bottom,Chinos,Men,1599,Brown,Olive,Textured,Smart Casual,2,Farewell,All Season,Cotton Blend,Slim,TrendAura,3.5,4859,Smart Casual Chinos in Brown with Olive accents. Designed for farewell occasions and suitable for all season wear. Made from cotton blend with a textured pattern and slim fit.
P01808,UrbanThread Classic Beige Formal Shoes,Footwear,Formal Shoes,Men,4299,Beige,Brown,Solid,Formal,3,Farewell,Winter,Leather,Standard,UrbanThread,3.7,1663,Formal Shoes in Beige with Brown accents. Designed for farewell occasions and suitable for winter wear. Made from leather with a solid pattern and standard fit.
P02240,TrendAura Refined Blue Shoulder Bag,Accessory,Shoulder Bag,Unisex,2199,Blue,Navy,Solid,Smart Casual,2,College,Summer,Faux Leather,Standard,TrendAura,3.7,4950,Smart Casual Shoulder Bag in Blue with Navy accents. Designed for college occasions and suitable for summer wear. Made from faux leather with a solid pattern and standard fit.
P02294,UrbanThread Performance Cream Printed Backpack,Accessory,Backpack,Men,1499,Cream,Navy,Printed,Sporty,1,College,All Season,Synthetic,Standard,UrbanThread,4.7,3709,Sporty Backpack in Cream with Navy accents. Designed for college occasions and suitable for all season wear. Made from synthetic with a printed pattern and standard fit.
P00831,VibeWear Executive Maroon Checked Trousers,Bottom,Trousers,Men,2499,Maroon,Navy,Checked,Formal,3,Farewell,All Season,Wool Blend,Regular,VibeWear,3.7,73,Formal Trousers in Maroon with Navy accents. Designed for farewell occasions and suitable for all season wear. Made from wool blend with a checked pattern and regular fit.
P01933,UrbanThread Classic Grey Heels,Footwear,Heels,Women,4599,Grey,Black,Textured,Formal,3,Office,All Season,Suede,Standard,UrbanThread,4.3,973,Formal Heels in Grey with Black accents. Designed for office occasions and suitable for all season wear. Made from suede with a textured pattern and standard fit.
P00162,VibeWear Classic Blue Checked Shirt,Top,Shirt,Women,1599,Blue,White,Checked,Smart Casual,2,College,Summer,Cotton,Slim,VibeWear,4.1,2212,Smart Casual Shirt in Blue with White accents. Designed for college occasions and suitable for summer wear. Made from cotton with a checked pattern and slim fit.
P00454,MetroFit Comfort Green Striped Knit Top,Top,Knit Top,Women,799,Green,Cream,Striped,Casual,1,Casual Outing,All Season,Wool Blend,Relaxed,MetroFit,4.8,4407,Casual Knit Top in Green with Cream accents. Designed for casual outing occasions and suitable for all season wear. Made from wool blend with a striped pattern and relaxed fit.
P00702,Northline Premium Pink Checked Trousers,Bottom,Trousers,Men,2099,Pink,Beige,Checked,Smart Casual,2,Casual Outing,Summer,Cotton,Slim,Northline,3.7,3482,Smart Casual Trousers in Pink with Beige accents. Designed for casual outing occasions and suitable for summer wear. Made from cotton with a checked pattern and slim fit.
P02233,Northline Classic Cream Shoulder Bag,Accessory,Shoulder Bag,Unisex,999,Cream,Olive,Textured,Casual,1,College,Summer,Faux Leather,Standard,Northline,4.3,3076,Casual Shoulder Bag in Cream with Olive accents. Designed for college occasions and suitable for summer wear. Made from faux leather with a textured pattern and standard fit.
P01911,Northline Elegant Beige Heels,Footwear,Heels,Women,2399,Beige,Black,Solid,Party,2,Party,All Season,Suede,Standard,Northline,4.1,4817,Party Heels in Beige with Black accents. Designed for party occasions and suitable for all season wear. Made from suede with a solid pattern and standard fit.
P02282,Northline Sport Black Backpack,Accessory,Backpack,Men,999,Black,Grey,Solid,Sporty,1,College,Summer,Canvas,Standard,Northline,4.0,3859,Sporty Backpack in Black with Grey accents. Designed for college occasions and suitable for summer wear. Made from canvas with a solid pattern and standard fit.
P01036,ModaStreet Elegant Brown Skirt,Bottom,Skirt,Women,1699,Brown,Navy,Solid,Party,2,Farewell,All Season,Cotton,Relaxed,ModaStreet,4.9,1494,Party Skirt in Brown with Navy accents. Designed for farewell occasions and suitable for all season wear. Made from cotton with a solid pattern and relaxed fit.
P00681,UrbanThread Comfort Green Jeans,Bottom,Jeans,Men,1299,Green,Black,Textured,Casual,1,College,All Season,Cotton,Slim,UrbanThread,4.9,2691,Casual Jeans in Green with Black accents. Designed for college occasions and suitable for all season wear. Made from cotton with a textured pattern and slim fit.
P02119,Northline Modern Cream Watch,Accessory,Watch,Women,2099,Cream,Black,Solid,Smart Casual,2,Farewell,All Season,Stainless Steel,Standard,Northline,4.3,1548,Smart Casual Watch in Cream with Black accents. Designed for farewell occasions and suitable for all season wear. Made from stainless steel with a solid pattern and standard fit.
P02082,VibeWear Modern Brown Belt,Accessory,Belt,Unisex,599,Brown,Cream,Solid,Smart Casual,2,Casual Outing,All Season,Leather,Standard,VibeWear,4.7,843,Smart Casual Belt in Brown with Cream accents. Designed for casual outing occasions and suitable for all season wear. Made from leather with a solid pattern and standard fit.
P00132,ClassicEdge Essential Navy T-Shirt,Top,T-Shirt,Men,999,Navy,Cream,Textured,Casual,1,College,Monsoon,Polyester,Oversized,ClassicEdge,4.4,2069,Casual T-Shirt in Navy with Cream accents. Designed for college occasions and suitable for monsoon wear. Made from polyester with a textured pattern and oversized fit.
P01021,CoutureLane Modern Green Skirt,Bottom,Skirt,Women,2199,Green,Brown,Textured,Smart Casual,2,College,All Season,Polyester,A-Line,CoutureLane,4.6,3562,Smart Casual Skirt in Green with Brown accents. Designed for college occasions and suitable for all season wear. Made from polyester with a textured pattern and a-line fit.
P01630,Northline Everyday Cream Printed Sneakers,Footwear,Sneakers,Women,4499,Cream,Beige,Printed,Casual,1,Casual Outing,Monsoon,Synthetic,Standard,Northline,3.5,4499,Casual Sneakers in Cream with Beige accents. Designed for casual outing occasions and suitable for monsoon wear. Made from synthetic with a printed pattern and standard fit.
P01481,ModaStreet Premium Brown Overshirt,Outerwear,Overshirt,Women,2399,Brown,Olive,Solid,Smart Casual,2,College,Monsoon,Denim,Regular,ModaStreet,4.3,3277,Smart Casual Overshirt in Brown with Olive accents. Designed for college occasions and suitable for monsoon wear. Made from denim with a solid pattern and regular fit.
P00176,ClassicEdge Modern Grey Checked Shirt,Top,Shirt,Women,2299,Grey,White,Checked,Smart Casual,2,Casual Outing,Monsoon,Linen,Regular,ClassicEdge,4.7,782,Smart Casual Shirt in Grey with White accents. Designed for casual outing occasions and suitable for monsoon wear. Made from linen with a checked pattern and regular fit.
P00060,ModaStreet Everyday Maroon Printed T-Shirt,Top,T-Shirt,Men,1099,Maroon,White,Printed,Casual,1,Casual Outing,Monsoon,Cotton,Regular,ModaStreet,4.1,4889,Casual T-Shirt in Maroon with White accents. Designed for casual outing occasions and suitable for monsoon wear. Made from cotton with a printed pattern and regular fit.
P00126,Northline Active Blue T-Shirt,Top,T-Shirt,Men,999,Blue,White,Textured,Sporty,1,Casual Outing,Summer,Cotton,Relaxed,Northline,4.8,4247,Sporty T-Shirt in Blue with White accents. Designed for casual outing occasions and suitable for summer wear. Made from cotton with a textured pattern and relaxed fit.
P00852,ClassicEdge Classic Blue Chinos,Bottom,Chinos,Men,2699,Blue,Brown,Solid,Smart Casual,2,College,Summer,Cotton,Regular,ClassicEdge,3.9,1890,Smart Casual Chinos in Blue with Brown accents. Designed for college occasions and suitable for summer wear. Made from cotton with a solid pattern and regular fit.
P00841,MetroFit Premium Green Chinos,Bottom,Chinos,Men,1599,Green,Beige,Textured,Smart Casual,2,Casual Outing,All Season,Cotton Blend,Regular,MetroFit,4.5,4848,Smart Casual Chinos in Green with Beige accents. Designed for casual outing occasions and suitable for all season wear. Made from cotton blend with a textured pattern and regular fit.
P02277,MetroFit Everyday Beige Printed Backpack,Accessory,Backpack,Men,2499,Beige,Navy,Printed,Casual,1,College,Monsoon,Polyester,Standard,MetroFit,4.9,323,Casual Backpack in Beige with Navy accents. Designed for college occasions and suitable for monsoon wear. Made from polyester with a printed pattern and standard fit.
P01195,ModaStreet Statement Olive Formal Dress,Dress,Formal Dress,Women,2599,Olive,Black,Textured,Party,2,Party,Summer,Polyester,Slim,ModaStreet,3.8,4972,Party Formal Dress in Olive with Black accents. Designed for party occasions and suitable for summer wear. Made from polyester with a textured pattern and slim fit.
P01495,Northline Classic Maroon Checked Overshirt,Outerwear,Overshirt,Women,1399,Maroon,Black,Checked,Smart Casual,2,Casual Outing,All Season,Cotton,Regular,Northline,3.6,4050,Smart Casual Overshirt in Maroon with Black accents. Designed for casual outing occasions and suitable for all season wear. Made from cotton with a checked pattern and regular fit.
P00657,TrendAura Modern Navy Jeans,Bottom,Jeans,Men,2199,Navy,White,Solid,Smart Casual,2,Casual Outing,Summer,Denim,Relaxed,TrendAura,4.0,1577,Smart Casual Jeans in Navy with White accents. Designed for casual outing occasions and suitable for summer wear. Made from denim with a solid pattern and relaxed fit.
P00424,VibeWear Elegant Navy Blouse,Top,Blouse,Women,2199,Navy,Blue,Solid,Formal,3,Office,Summer,Rayon,Regular,VibeWear,4.5,2975,Formal Blouse in Navy with Blue accents. Designed for office occasions and suitable for summer wear. Made from rayon with a solid pattern and regular fit.
P00427,Northline Classic Navy Striped Blouse,Top,Blouse,Women,1399,Navy,Cream,Striped,Formal,3,Office,Summer,Silk Blend,Slim,Northline,3.5,221,Formal Blouse in Navy with Cream accents. Designed for office occasions and suitable for summer wear. Made from silk blend with a striped pattern and slim fit.
P01766,UrbanThread Executive Maroon Loafers,Footwear,Loafers,Men,3399,Maroon,Navy,Solid,Formal,3,Office,Winter,Faux Leather,Standard,UrbanThread,3.7,1255,Formal Loafers in Maroon with Navy accents. Designed for office occasions and suitable for winter wear. Made from faux leather with a solid pattern and standard fit.
P01897,MetroFit Executive Blue Heels,Footwear,Heels,Women,2999,Blue,Black,Solid,Formal,3,Farewell,Summer,Faux Leather,Standard,MetroFit,3.8,1452,Formal Heels in Blue with Black accents. Designed for farewell occasions and suitable for summer wear. Made from faux leather with a solid pattern and standard fit.
P01610,ClassicEdge Everyday Black Printed Sneakers,Footwear,Sneakers,Unisex,2299,Black,Beige,Printed,Casual,1,Casual Outing,Monsoon,Canvas,Standard,ClassicEdge,3.9,3801,Casual Sneakers in Black with Beige accents. Designed for casual outing occasions and suitable for monsoon wear. Made from canvas with a printed pattern and standard fit.
P01455,StyleCraft Refined Pink Denim Jacket,Outerwear,Denim Jacket,Women,3599,Pink,Grey,Textured,Smart Casual,2,College,Monsoon,Cotton,Relaxed,StyleCraft,4.5,3494,Smart Casual Denim Jacket in Pink with Grey accents. Designed for college occasions and suitable for monsoon wear. Made from cotton with a textured pattern and relaxed fit.
P00608,ModaStreet Everyday Grey Jeans,Bottom,Jeans,Women,1299,Grey,Maroon,Solid,Casual,1,College,All Season,Denim,Relaxed,ModaStreet,4.8,3975,Casual Jeans in Grey with Maroon accents. Designed for college occasions and suitable for all season wear. Made from denim with a solid pattern and relaxed fit.
P01744,DailyMode Classic Beige Loafers,Footwear,Loafers,Women,3799,Beige,Brown,Textured,Smart Casual,2,Farewell,Winter,Leather,Standard,DailyMode,3.9,4696,Smart Casual Loafers in Beige with Brown accents. Designed for farewell occasions and suitable for winter wear. Made from leather with a textured pattern and standard fit.
P00895,ModaStreet Classic Maroon Chinos,Bottom,Chinos,Men,1899,Maroon,Black,Solid,Smart Casual,2,Farewell,All Season,Cotton,Straight,ModaStreet,3.9,1347,Smart Casual Chinos in Maroon with Black accents. Designed for farewell occasions and suitable for all season wear. Made from cotton with a solid pattern and straight fit.
P00049,TrendAura Classic Olive T-Shirt,Top,T-Shirt,Women,1599,Olive,White,Textured,Casual,1,College,Monsoon,Cotton,Oversized,TrendAura,4.2,2237,Casual T-Shirt in Olive with White accents. Designed for college occasions and suitable for monsoon wear. Made from cotton with a textured pattern and oversized fit.
P01868,UrbanThread Elegant Green Formal Shoes,Footwear,Formal Shoes,Men,4699,Green,Black,Solid,Formal,3,Office,Summer,Leather,Standard,UrbanThread,4.3,3661,Formal Shoes in Green with Black accents. Designed for office occasions and suitable for summer wear. Made from leather with a solid pattern and standard fit.
P01604,ModaStreet Dynamic Brown Sneakers,Footwear,Sneakers,Women,4799,Brown,Black,Solid,Sporty,1,College,Monsoon,Leather,Standard,ModaStreet,3.6,1517,Sporty Sneakers in Brown with Black accents. Designed for college occasions and suitable for monsoon wear. Made from leather with a solid pattern and standard fit.
P00888,Northline Everyday Cream Chinos,Bottom,Chinos,Men,2499,Cream,Maroon,Solid,Casual,1,College,Winter,Cotton,Regular,Northline,3.6,4593,Casual Chinos in Cream with Maroon accents. Designed for college occasions and suitable for winter wear. Made from cotton with a solid pattern and regular fit.
P01964,TrendAura Essential Beige Sandals,Footwear,Sandals,Women,1699,Beige,Brown,Textured,Casual,1,Casual Outing,Summer,Leather,Standard,TrendAura,3.8,3671,Casual Sandals in Beige with Brown accents. Designed for casual outing occasions and suitable for summer wear. Made from leather with a textured pattern and standard fit.
P00264,ModaStreet Everyday Pink Striped Shirt,Top,Shirt,Men,1099,Pink,White,Striped,Casual,1,College,Monsoon,Linen,Slim,ModaStreet,4.4,4460,Casual Shirt in Pink with White accents. Designed for college occasions and suitable for monsoon wear. Made from linen with a striped pattern and slim fit.
P02265,UrbanThread Active Cream Printed Backpack,Accessory,Backpack,Men,999,Cream,Beige,Printed,Sporty,1,College,All Season,Canvas,Standard,UrbanThread,3.7,669,Sporty Backpack in Cream with Beige accents. Designed for college occasions and suitable for all season wear. Made from canvas with a printed pattern and standard fit.
P00350,ModaStreet Modern Green Blouse,Top,Blouse,Women,1599,Green,White,Solid,Smart Casual,2,College,Summer,Silk Blend,Regular,ModaStreet,4.6,2917,Smart Casual Blouse in Green with White accents. Designed for college occasions and suitable for summer wear. Made from silk blend with a solid pattern and regular fit.
P01104,TrendAura Everyday White Casual Dress,Dress,Casual Dress,Women,2899,White,Maroon,Solid,Casual,1,College,All Season,Rayon,Relaxed,TrendAura,4.1,3268,Casual Dress in White with Maroon accents. Designed for college occasions and suitable for all season wear. Made from rayon with a solid pattern and relaxed fit.
P01850,ModaStreet Classic Maroon Formal Shoes,Footwear,Formal Shoes,Men,5499,Maroon,Navy,Solid,Formal,3,Farewell,All Season,Leather,Standard,ModaStreet,3.9,168,Formal Shoes in Maroon with Navy accents. Designed for farewell occasions and suitable for all season wear. Made from leather with a solid pattern and standard fit.
P01044,CoutureLane Modern Beige Printed Skirt,Bottom,Skirt,Women,2599,Beige,White,Printed,Smart Casual,2,Casual Outing,Summer,Polyester,Straight,CoutureLane,3.6,2650,Smart Casual Skirt in Beige with White accents. Designed for casual outing occasions and suitable for summer wear. Made from polyester with a printed pattern and straight fit.
P00599,CoutureLane Classic Green Jeans,Bottom,Jeans,Men,1599,Green,Brown,Solid,Smart Casual,2,Farewell,All Season,Cotton,Relaxed,CoutureLane,4.7,2689,Smart Casual Jeans in Green with Brown accents. Designed for farewell occasions and suitable for all season wear. Made from cotton with a solid pattern and relaxed fit.
P00277,CoutureLane Classic Brown Striped Shirt,Top,Shirt,Women,1499,Brown,Cream,Striped,Formal,3,Farewell,Winter,Linen,Slim,CoutureLane,4.2,4290,Formal Shirt in Brown with Cream accents. Designed for farewell occasions and suitable for winter wear. Made from linen with a striped pattern and slim fit.
P01419,DailyMode Modern Brown Denim Jacket,Outerwear,Denim Jacket,Men,3299,Brown,Olive,Solid,Smart Casual,2,Casual Outing,Monsoon,Cotton,Oversized,DailyMode,4.2,4000,Smart Casual Denim Jacket in Brown with Olive accents. Designed for casual outing occasions and suitable for monsoon wear. Made from cotton with a solid pattern and oversized fit.
P01294,VibeWear Modern Brown Checked Blazer,Outerwear,Blazer,Men,3999,Brown,Cream,Checked,Smart Casual,2,Casual Outing,Winter,Polyester,Slim,VibeWear,4.1,2074,Smart Casual Blazer in Brown with Cream accents. Designed for casual outing occasions and suitable for winter wear. Made from polyester with a checked pattern and slim fit.
P02003,MetroFit Everyday Cream Sandals,Footwear,Sandals,Women,2399,Cream,Brown,Solid,Casual,1,College,Summer,Leather,Standard,MetroFit,4.6,4847,Casual Sandals in Cream with Brown accents. Designed for college occasions and suitable for summer wear. Made from leather with a solid pattern and standard fit.
P01471,TrendAura Premium Pink Denim Jacket,Outerwear,Denim Jacket,Men,2899,Pink,Beige,Textured,Smart Casual,2,Casual Outing,Monsoon,Denim,Regular,TrendAura,3.6,4786,Smart Casual Denim Jacket in Pink with Beige accents. Designed for casual outing occasions and suitable for monsoon wear. Made from denim with a textured pattern and regular fit.
P00802,TrendAura Premium Olive Checked Trousers,Bottom,Trousers,Men,2099,Olive,Beige,Checked,Smart Casual,2,College,All Season,Cotton,Slim,TrendAura,3.9,2857,Smart Casual Trousers in Olive with Beige accents. Designed for college occasions and suitable for all season wear. Made from cotton with a checked pattern and slim fit.
P01866,ClassicEdge Elegant Green Formal Shoes,Footwear,Formal Shoes,Men,2699,Green,White,Solid,Formal,3,Office,Summer,Faux Leather,Standard,ClassicEdge,4.2,4968,Formal Shoes in Green with White accents. Designed for office occasions and suitable for summer wear. Made from faux leather with a solid pattern and standard fit.
P00932,Northline Refined Cream Chinos,Bottom,Chinos,Men,1599,Cream,Olive,Solid,Smart Casual,2,College,Summer,Cotton,Regular,Northline,4.4,465,Smart Casual Chinos in Cream with Olive accents. Designed for college occasions and suitable for summer wear. Made from cotton with a solid pattern and regular fit.
P01919,UrbanThread Stylish White Heels,Footwear,Heels,Women,2399,White,Olive,Solid,Party,2,Farewell,Summer,Faux Leather,Standard,UrbanThread,4.2,4872,Party Heels in White with Olive accents. Designed for farewell occasions and suitable for summer wear. Made from faux leather with a solid pattern and standard fit.
P02006,TrendAura Modern Navy Sandals,Footwear,Sandals,Women,1899,Navy,Blue,Solid,Smart Casual,2,Farewell,Summer,Faux Leather,Standard,TrendAura,4.7,4711,Smart Casual Sandals in Navy with Blue accents. Designed for farewell occasions and suitable for summer wear. Made from faux leather with a solid pattern and standard fit.
P01412,DailyMode Classic Green Denim Jacket,Outerwear,Denim Jacket,Men,3999,Green,Cream,Solid,Smart Casual,2,Farewell,Monsoon,Denim,Oversized,DailyMode,4.0,116,Smart Casual Denim Jacket in Green with Cream accents. Designed for farewell occasions and suitable for monsoon wear. Made from denim with a solid pattern and oversized fit.
P01309,Northline Refined Pink Blazer,Outerwear,Blazer,Women,4699,Pink,Navy,Textured,Smart Casual,2,Farewell,All Season,Wool Blend,Regular,Northline,4.7,2434,Smart Casual Blazer in Pink with Navy accents. Designed for farewell occasions and suitable for all season wear. Made from wool blend with a textured pattern and regular fit.
P00718,ModaStreet Elegant Olive Trousers,Bottom,Trousers,Women,2399,Olive,Brown,Solid,Formal,3,Office,Winter,Polyester,Slim,ModaStreet,4.5,72,Formal Trousers in Olive with Brown accents. Designed for office occasions and suitable for winter wear. Made from polyester with a solid pattern and slim fit.
P00028,ModaStreet Performance Brown T-Shirt,Top,T-Shirt,Women,1799,Brown,Olive,Solid,Sporty,1,Casual Outing,All Season,Cotton,Oversized,ModaStreet,3.7,1475,Sporty T-Shirt in Brown with Olive accents. Designed for casual outing occasions and suitable for all season wear. Made from cotton with a solid pattern and oversized fit.
P00297,MetroFit Classic White Checked Shirt,Top,Shirt,Men,2699,White,Olive,Checked,Smart Casual,2,College,Winter,Cotton,Regular,MetroFit,4.4,1509,Smart Casual Shirt in White with Olive accents. Designed for college occasions and suitable for winter wear. Made from cotton with a checked pattern and regular fit.
P01217,Northline Executive Grey Formal Dress,Dress,Formal Dress,Women,4399,Grey,Navy,Textured,Formal,3,Office,Winter,Polyester,A-Line,Northline,3.9,4983,Formal Dress in Grey with Navy accents. Designed for office occasions and suitable for winter wear. Made from polyester with a textured pattern and a-line fit.
P02084,StyleCraft Premium White Belt,Accessory,Belt,Women,1099,White,Olive,Textured,Smart Casual,2,College,All Season,Faux Leather,Standard,StyleCraft,4.9,91,Smart Casual Belt in White with Olive accents. Designed for college occasions and suitable for all season wear. Made from faux leather with a textured pattern and standard fit.
P01328,ClassicEdge Premium Grey Checked Blazer,Outerwear,Blazer,Women,5499,Grey,Maroon,Checked,Smart Casual,2,Casual Outing,Winter,Polyester,Regular,ClassicEdge,3.7,1292,Smart Casual Blazer in Grey with Maroon accents. Designed for casual outing occasions and suitable for winter wear. Made from polyester with a checked pattern and regular fit.
P00780,MetroFit Premium White Trousers,Bottom,Trousers,Men,1599,White,Black,Solid,Formal,3,Office,All Season,Wool Blend,Slim,MetroFit,4.2,4487,Formal Trousers in White with Black accents. Designed for office occasions and suitable for all season wear. Made from wool blend with a solid pattern and slim fit.
P00598,UrbanThread Classic Beige Jeans,Bottom,Jeans,Men,2699,Beige,White,Solid,Smart Casual,2,Casual Outing,Winter,Cotton,Relaxed,UrbanThread,4.3,4659,Smart Casual Jeans in Beige with White accents. Designed for casual outing occasions and suitable for winter wear. Made from cotton with a solid pattern and relaxed fit.
P00887,Northline Refined Pink Chinos,Bottom,Chinos,Men,1999,Pink,Navy,Solid,Smart Casual,2,Casual Outing,All Season,Cotton,Slim,Northline,4.2,3994,Smart Casual Chinos in Pink with Navy accents. Designed for casual outing occasions and suitable for all season wear. Made from cotton with a solid pattern and slim fit.
P00093,StyleCraft Performance Brown T-Shirt,Top,T-Shirt,Unisex,1099,Brown,Beige,Textured,Sporty,1,College,Monsoon,Polyester,Oversized,StyleCraft,4.1,1896,Sporty T-Shirt in Brown with Beige accents. Designed for college occasions and suitable for monsoon wear. Made from polyester with a textured pattern and oversized fit.
P01620,CoutureLane Sport Pink Printed Sneakers,Footwear,Sneakers,Unisex,3499,Pink,Beige,Printed,Sporty,1,Casual Outing,Winter,Mesh,Standard,CoutureLane,4.6,2897,Sporty Sneakers in Pink with Beige accents. Designed for casual outing occasions and suitable for winter wear. Made from mesh with a printed pattern and standard fit.
P01626,VibeWear Modern Cream Printed Sneakers,Footwear,Sneakers,Unisex,2799,Cream,Olive,Printed,Smart Casual,2,Casual Outing,Summer,Canvas,Standard,VibeWear,3.7,3066,Smart Casual Sneakers in Cream with Olive accents. Designed for casual outing occasions and suitable for summer wear. Made from canvas with a printed pattern and standard fit.
P00732,StyleCraft Refined Maroon Checked Trousers,Bottom,Trousers,Women,2699,Maroon,Navy,Checked,Smart Casual,2,College,Summer,Wool Blend,Regular,StyleCraft,4.6,3171,Smart Casual Trousers in Maroon with Navy accents. Designed for college occasions and suitable for summer wear. Made from wool blend with a checked pattern and regular fit.
P01690,DailyMode Modern Pink Sneakers,Footwear,Sneakers,Men,3599,Pink,Navy,Solid,Smart Casual,2,Farewell,Monsoon,Canvas,Standard,DailyMode,4.0,1292,Smart Casual Sneakers in Pink with Navy accents. Designed for farewell occasions and suitable for monsoon wear. Made from canvas with a solid pattern and standard fit.
P02227,Northline Everyday Maroon Shoulder Bag,Accessory,Shoulder Bag,Unisex,1799,Maroon,Grey,Textured,Casual,1,Casual Outing,All Season,Faux Leather,Standard,Northline,4.6,2562,Casual Shoulder Bag in Maroon with Grey accents. Designed for casual outing occasions and suitable for all season wear. Made from faux leather with a textured pattern and standard fit.
P00690,DailyMode Essential Navy Jeans,Bottom,Jeans,Women,2199,Navy,White,Textured,Casual,1,Casual Outing,Winter,Cotton,Relaxed,DailyMode,4.1,3903,Casual Jeans in Navy with White accents. Designed for casual outing occasions and suitable for winter wear. Made from cotton with a textured pattern and relaxed fit.
P01917,VibeWear Elegant Black Heels,Footwear,Heels,Women,1999,Black,Maroon,Textured,Formal,3,Farewell,Winter,Faux Leather,Standard,VibeWear,3.7,4627,Formal Heels in Black with Maroon accents. Designed for farewell occasions and suitable for winter wear. Made from faux leather with a textured pattern and standard fit.
P00965,Northline Festive Grey Printed Skirt,Bottom,Skirt,Women,2799,Grey,Black,Printed,Party,2,Farewell,All Season,Cotton,Relaxed,Northline,4.0,2410,Party Skirt in Grey with Black accents. Designed for farewell occasions and suitable for all season wear. Made from cotton with a printed pattern and relaxed fit.
P01599,UrbanThread Everyday Grey Sneakers,Footwear,Sneakers,Unisex,1699,Grey,Navy,Textured,Casual,1,College,Winter,Leather,Standard,UrbanThread,3.7,4385,Casual Sneakers in Grey with Navy accents. Designed for college occasions and suitable for winter wear. Made from leather with a textured pattern and standard fit.
P01092,VibeWear Classic Navy Casual Dress,Dress,Casual Dress,Women,3199,Navy,Grey,Solid,Smart Casual,2,Casual Outing,All Season,Rayon,A-Line,VibeWear,3.7,1085,Smart Casual Casual Dress in Navy with Grey accents. Designed for casual outing occasions and suitable for all season wear. Made from rayon with a solid pattern and a-line fit.
P00065,CoutureLane Everyday Brown Striped T-Shirt,Top,T-Shirt,Men,1199,Brown,Navy,Striped,Casual,1,Casual Outing,Monsoon,Polyester,Oversized,CoutureLane,4.0,2755,Casual T-Shirt in Brown with Navy accents. Designed for casual outing occasions and suitable for monsoon wear. Made from polyester with a striped pattern and oversized fit.
P00623,DailyMode Comfort Navy Jeans,Bottom,Jeans,Men,2299,Navy,Blue,Solid,Casual,1,Casual Outing,Summer,Denim,Relaxed,DailyMode,4.1,3667,Casual Jeans in Navy with Blue accents. Designed for casual outing occasions and suitable for summer wear. Made from denim with a solid pattern and relaxed fit.
P00402,ClassicEdge Elegant Blue Striped Blouse,Top,Blouse,Women,999,Blue,Brown,Striped,Formal,3,Office,All Season,Rayon,Regular,ClassicEdge,3.7,471,Formal Blouse in Blue with Brown accents. Designed for office occasions and suitable for all season wear. Made from rayon with a striped pattern and regular fit.
P01460,TrendAura Everyday Cream Denim Jacket,Outerwear,Denim Jacket,Men,3999,Cream,Brown,Textured,Casual,1,College,All Season,Cotton,Oversized,TrendAura,3.6,2807,Casual Denim Jacket in Cream with Brown accents. Designed for college occasions and suitable for all season wear. Made from cotton with a textured pattern and oversized fit.
P00704,TrendAura Premium Navy Trousers,Bottom,Trousers,Men,1299,Navy,Grey,Textured,Formal,3,Farewell,All Season,Polyester,Straight,TrendAura,4.8,2052,Formal Trousers in Navy with Grey accents. Designed for farewell occasions and suitable for all season wear. Made from polyester with a textured pattern and straight fit.
P00214,ClassicEdge Classic Black Checked Shirt,Top,Shirt,Men,2799,Black,Blue,Checked,Formal,3,Office,Monsoon,Cotton,Regular,ClassicEdge,4.3,2676,Formal Shirt in Black with Blue accents. Designed for office occasions and suitable for monsoon wear. Made from cotton with a checked pattern and regular fit.
P02167,CoutureLane Premium Green Watch,Accessory,Watch,Unisex,3799,Green,Cream,Solid,Smart Casual,2,Farewell,All Season,Synthetic,Standard,CoutureLane,4.1,2896,Smart Casual Watch in Green with Cream accents. Designed for farewell occasions and suitable for all season wear. Made from synthetic with a solid pattern and standard fit.
P01973,StyleCraft Everyday Blue Sandals,Footwear,Sandals,Women,1199,Blue,White,Solid,Casual,1,College,Summer,Synthetic,Standard,StyleCraft,4.7,1266,Casual Sandals in Blue with White accents. Designed for college occasions and suitable for summer wear. Made from synthetic with a solid pattern and standard fit.
P00684,VibeWear Essential Blue Jeans,Bottom,Jeans,Women,1499,Blue,Brown,Textured,Casual,1,College,Summer,Denim,Straight,VibeWear,4.4,4403,Casual Jeans in Blue with Brown accents. Designed for college occasions and suitable for summer wear. Made from denim with a textured pattern and straight fit.
P01592,Northline Premium Grey Sneakers,Footwear,Sneakers,Women,2799,Grey,Blue,Textured,Smart Casual,2,Farewell,Summer,Leather,Standard,Northline,4.0,1181,Smart Casual Sneakers in Grey with Blue accents. Designed for farewell occasions and suitable for summer wear. Made from leather with a textured pattern and standard fit.
P00229,VibeWear Premium Green Striped Shirt,Top,Shirt,Women,1599,Green,White,Striped,Formal,3,Farewell,Winter,Rayon,Relaxed,VibeWear,3.6,731,Formal Shirt in Green with White accents. Designed for farewell occasions and suitable for winter wear. Made from rayon with a striped pattern and relaxed fit.
P01425,ClassicEdge Classic Olive Denim Jacket,Outerwear,Denim Jacket,Women,3399,Olive,Beige,Textured,Smart Casual,2,Farewell,Winter,Denim,Relaxed,ClassicEdge,3.7,4759,Smart Casual Denim Jacket in Olive with Beige accents. Designed for farewell occasions and suitable for winter wear. Made from denim with a textured pattern and relaxed fit.
P01300,CoutureLane Modern Beige Checked Blazer,Outerwear,Blazer,Women,6799,Beige,Olive,Checked,Smart Casual,2,College,Winter,Wool Blend,Slim,CoutureLane,3.9,4689,Smart Casual Blazer in Beige with Olive accents. Designed for college occasions and suitable for winter wear. Made from wool blend with a checked pattern and slim fit.
P01368,UrbanThread Modern Green Checked Blazer,Outerwear,Blazer,Men,5899,Green,Cream,Checked,Smart Casual,2,Casual Outing,Winter,Wool Blend,Regular,UrbanThread,4.8,2155,Smart Casual Blazer in Green with Cream accents. Designed for casual outing occasions and suitable for winter wear. Made from wool blend with a checked pattern and regular fit.
P00349,VibeWear Classic Green Striped Blouse,Top,Blouse,Women,899,Green,Cream,Striped,Casual,1,Casual Outing,All Season,Cotton,Regular,VibeWear,4.6,4207,Casual Blouse in Green with Cream accents. Designed for casual outing occasions and suitable for all season wear. Made from cotton with a striped pattern and regular fit.
P01962,DailyMode Essential Beige Sandals,Footwear,Sandals,Unisex,1999,Beige,Olive,Solid,Casual,1,Casual Outing,Summer,Leather,Standard,DailyMode,4.4,1063,Casual Sandals in Beige with Olive accents. Designed for casual outing occasions and suitable for summer wear. Made from leather with a solid pattern and standard fit.
P02047,TrendAura Elegant Navy Belt,Accessory,Belt,Men,1299,Navy,Blue,Solid,Formal,3,Office,All Season,Leather,Standard,TrendAura,4.2,305,Formal Belt in Navy with Blue accents. Designed for office occasions and suitable for all season wear. Made from leather with a solid pattern and standard fit.
P01313,Northline Premium Blue Blazer,Outerwear,Blazer,Women,6499,Blue,White,Textured,Smart Casual,2,Casual Outing,All Season,Polyester,Regular,Northline,4.4,4221,Smart Casual Blazer in Blue with White accents. Designed for casual outing occasions and suitable for all season wear. Made from polyester with a textured pattern and regular fit.
P00101,MetroFit Dynamic White T-Shirt,Top,T-Shirt,Women,1299,White,Beige,Solid,Sporty,1,College,Monsoon,Cotton,Relaxed,MetroFit,4.4,397,Sporty T-Shirt in White with Beige accents. Designed for college occasions and suitable for monsoon wear. Made from cotton with a solid pattern and relaxed fit.
P02129,Northline Modern Pink Watch,Accessory,Watch,Men,4699,Pink,Navy,Solid,Smart Casual,2,Casual Outing,All Season,Leather,Standard,Northline,4.5,857,Smart Casual Watch in Pink with Navy accents. Designed for casual outing occasions and suitable for all season wear. Made from leather with a solid pattern and standard fit.
P00100,VibeWear Dynamic Green Printed T-Shirt,Top,T-Shirt,Unisex,1499,Green,White,Printed,Sporty,1,Casual Outing,Summer,Cotton,Regular,VibeWear,4.1,4998,Sporty T-Shirt in Green with White accents. Designed for casual outing occasions and suitable for summer wear. Made from cotton with a printed pattern and regular fit.
P01055,DailyMode Classic Pink Skirt,Bottom,Skirt,Women,1599,Pink,White,Textured,Casual,1,College,All Season,Denim,A-Line,DailyMode,4.5,383,Casual Skirt in Pink with White accents. Designed for college occasions and suitable for all season wear. Made from denim with a textured pattern and a-line fit.
P01746,ClassicEdge Refined Black Loafers,Footwear,Loafers,Men,3599,Black,Blue,Textured,Smart Casual,2,College,Summer,Suede,Standard,ClassicEdge,4.7,2588,Smart Casual Loafers in Black with Blue accents. Designed for college occasions and suitable for summer wear. Made from suede with a textured pattern and standard fit.
P00190,ClassicEdge Classic Olive Shirt,Top,Shirt,Women,2199,Olive,White,Solid,Smart Casual,2,College,Monsoon,Linen,Slim,ClassicEdge,3.8,4824,Smart Casual Shirt in Olive with White accents. Designed for college occasions and suitable for monsoon wear. Made from linen with a solid pattern and slim fit.
P00905,StyleCraft Classic Navy Chinos,Bottom,Chinos,Men,1799,Navy,Cream,Textured,Casual,1,College,All Season,Cotton,Slim,StyleCraft,4.1,956,Casual Chinos in Navy with Cream accents. Designed for college occasions and suitable for all season wear. Made from cotton with a textured pattern and slim fit.
P00912,Northline Refined Black Chinos,Bottom,Chinos,Men,1399,Black,Maroon,Textured,Smart Casual,2,Farewell,All Season,Cotton Blend,Slim,Northline,4.8,1225,Smart Casual Chinos in Black with Maroon accents. Designed for farewell occasions and suitable for all season wear. Made from cotton blend with a textured pattern and slim fit.
P01267,DailyMode Elegant Pink Formal Dress,Dress,Formal Dress,Women,2199,Pink,Beige,Solid,Formal,3,Farewell,Winter,Polyester,Slim,DailyMode,3.8,2277,Formal Dress in Pink with Beige accents. Designed for farewell occasions and suitable for winter wear. Made from polyester with a solid pattern and slim fit.
P00305,Northline Classic White Striped Shirt,Top,Shirt,Men,1499,White,Olive,Striped,Smart Casual,2,Casual Outing,Monsoon,Cotton,Regular,Northline,4.5,907,Smart Casual Shirt in White with Olive accents. Designed for casual outing occasions and suitable for monsoon wear. Made from cotton with a striped pattern and regular fit.
P00476,MetroFit Refined Blue Knit Top,Top,Knit Top,Women,1699,Blue,White,Solid,Smart Casual,2,College,All Season,Rayon,Slim,MetroFit,3.6,2268,Smart Casual Knit Top in Blue with White accents. Designed for college occasions and suitable for all season wear. Made from rayon with a solid pattern and slim fit.
P00463,DailyMode Modern Brown Knit Top,Top,Knit Top,Women,2099,Brown,Beige,Solid,Smart Casual,2,College,Winter,Wool Blend,Regular,DailyMode,4.0,2345,Smart Casual Knit Top in Brown with Beige accents. Designed for college occasions and suitable for winter wear. Made from wool blend with a solid pattern and regular fit.
P02078,MetroFit Modern Maroon Belt,Accessory,Belt,Unisex,1499,Maroon,Beige,Textured,Smart Casual,2,Casual Outing,All Season,Leather,Standard,MetroFit,4.3,2530,Smart Casual Belt in Maroon with Beige accents. Designed for casual outing occasions and suitable for all season wear. Made from leather with a textured pattern and standard fit.
P01782,CoutureLane Classic Grey Loafers,Footwear,Loafers,Men,2399,Grey,Black,Solid,Smart Casual,2,Farewell,Winter,Leather,Standard,CoutureLane,4.7,576,Smart Casual Loafers in Grey with Black accents. Designed for farewell occasions and suitable for winter wear. Made from leather with a solid pattern and standard fit.
P01759,CoutureLane Modern Blue Loafers,Footwear,Loafers,Women,3399,Blue,Black,Solid,Smart Casual,2,Farewell,Winter,Suede,Standard,CoutureLane,4.5,74,Smart Casual Loafers in Blue with Black accents. Designed for farewell occasions and suitable for winter wear. Made from suede with a solid pattern and standard fit.
P01018,VibeWear Festive Green Skirt,Bottom,Skirt,Women,1799,Green,White,Textured,Party,2,Farewell,Summer,Polyester,Straight,VibeWear,4.4,2718,Party Skirt in Green with White accents. Designed for farewell occasions and suitable for summer wear. Made from polyester with a textured pattern and straight fit.
P01141,StyleCraft Refined Green Casual Dress,Dress,Casual Dress,Women,3399,Green,Cream,Solid,Smart Casual,2,Farewell,Summer,Cotton,A-Line,StyleCraft,3.7,4201,Smart Casual Casual Dress in Green with Cream accents. Designed for farewell occasions and suitable for summer wear. Made from cotton with a solid pattern and a-line fit.
P02131,UrbanThread Refined Beige Watch,Accessory,Watch,Men,1299,Beige,Brown,Solid,Smart Casual,2,College,All Season,Leather,Standard,UrbanThread,4.6,2456,Smart Casual Watch in Beige with Brown accents. Designed for college occasions and suitable for all season wear. Made from leather with a solid pattern and standard fit.
P01235,ModaStreet Elegant Grey Printed Formal Dress,Dress,Formal Dress,Women,3199,Grey,White,Printed,Formal,3,Farewell,All Season,Polyester,A-Line,ModaStreet,4.5,1494,Formal Dress in Grey with White accents. Designed for farewell occasions and suitable for all season wear. Made from polyester with a printed pattern and a-line fit.
P01058,TrendAura Statement White Printed Skirt,Bottom,Skirt,Women,1499,White,Navy,Printed,Party,2,Farewell,All Season,Rayon,Straight,TrendAura,4.5,2660,Party Skirt in White with Navy accents. Designed for farewell occasions and suitable for all season wear. Made from rayon with a printed pattern and straight fit.
P01054,TrendAura Classic Black Skirt,Bottom,Skirt,Women,1199,Black,Maroon,Solid,Casual,1,Casual Outing,Winter,Polyester,Straight,TrendAura,4.6,577,Casual Skirt in Black with Maroon accents. Designed for casual outing occasions and suitable for winter wear. Made from polyester with a solid pattern and straight fit.
P01698,VibeWear Modern Beige Sneakers,Footwear,Sneakers,Men,3699,Beige,Brown,Solid,Smart Casual,2,College,All Season,Mesh,Standard,VibeWear,4.6,4324,Smart Casual Sneakers in Beige with Brown accents. Designed for college occasions and suitable for all season wear. Made from mesh with a solid pattern and standard fit.
P00758,ClassicEdge Classic Navy Checked Trousers,Bottom,Trousers,Women,1899,Navy,White,Checked,Smart Casual,2,College,Winter,Polyester,Straight,ClassicEdge,3.9,880,Smart Casual Trousers in Navy with White accents. Designed for college occasions and suitable for winter wear. Made from polyester with a checked pattern and straight fit.
P01283,DailyMode Elegant Grey Formal Dress,Dress,Formal Dress,Women,3299,Grey,Blue,Solid,Formal,3,Office,All Season,Rayon,Slim,DailyMode,4.3,2570,Formal Dress in Grey with Blue accents. Designed for office occasions and suitable for all season wear. Made from rayon with a solid pattern and slim fit.
P00764,MetroFit Executive Blue Trousers,Bottom,Trousers,Women,1699,Blue,Navy,Solid,Formal,3,Office,All Season,Polyester,Slim,MetroFit,4.3,4100,Formal Trousers in Blue with Navy accents. Designed for office occasions and suitable for all season wear. Made from polyester with a solid pattern and slim fit.
P00678,MetroFit Everyday Black Jeans,Bottom,Jeans,Men,1499,Black,Cream,Solid,Casual,1,College,All Season,Denim,Straight,MetroFit,3.8,84,Casual Jeans in Black with Cream accents. Designed for college occasions and suitable for all season wear. Made from denim with a solid pattern and straight fit.
P01315,ClassicEdge Premium Olive Blazer,Outerwear,Blazer,Women,3699,Olive,Beige,Solid,Smart Casual,2,Casual Outing,All Season,Polyester,Regular,ClassicEdge,3.7,1446,Smart Casual Blazer in Olive with Beige accents. Designed for casual outing occasions and suitable for all season wear. Made from polyester with a solid pattern and regular fit.
P01066,TrendAura Refined Brown Printed Casual Dress,Dress,Casual Dress,Women,2699,Brown,Olive,Printed,Smart Casual,2,Casual Outing,Summer,Cotton,A-Line,TrendAura,3.5,1716,Smart Casual Casual Dress in Brown with Olive accents. Designed for casual outing occasions and suitable for summer wear. Made from cotton with a printed pattern and a-line fit.
P01889,UrbanThread Festive Maroon Heels,Footwear,Heels,Women,4999,Maroon,Black,Textured,Party,2,Party,Winter,Synthetic,Standard,UrbanThread,3.6,843,Party Heels in Maroon with Black accents. Designed for party occasions and suitable for winter wear. Made from synthetic with a textured pattern and standard fit.
P00985,DailyMode Festive Beige Skirt,Bottom,Skirt,Women,2699,Beige,Olive,Solid,Party,2,Farewell,All Season,Rayon,Straight,DailyMode,4.2,2412,Party Skirt in Beige with Olive accents. Designed for farewell occasions and suitable for all season wear. Made from rayon with a solid pattern and straight fit.
P01559,VibeWear Active Navy Sneakers,Footwear,Sneakers,Men,1699,Navy,White,Solid,Sporty,1,Casual Outing,All Season,Mesh,Standard,VibeWear,3.9,2097,Sporty Sneakers in Navy with White accents. Designed for casual outing occasions and suitable for all season wear. Made from mesh with a solid pattern and standard fit.
P00717,UrbanThread Refined White Trousers,Bottom,Trousers,Men,2099,White,Maroon,Solid,Smart Casual,2,Farewell,Winter,Cotton,Straight,UrbanThread,3.8,3263,Smart Casual Trousers in White with Maroon accents. Designed for farewell occasions and suitable for winter wear. Made from cotton with a solid pattern and straight fit.
P00417,DailyMode Elegant Black Striped Blouse,Top,Blouse,Women,2199,Black,Cream,Striped,Formal,3,Office,Winter,Rayon,Relaxed,DailyMode,4.7,3725,Formal Blouse in Black with Cream accents. Designed for office occasions and suitable for winter wear. Made from rayon with a striped pattern and relaxed fit.
P01861,TrendAura Executive Blue Formal Shoes,Footwear,Formal Shoes,Men,3299,Blue,Navy,Textured,Formal,3,Farewell,All Season,Faux Leather,Standard,TrendAura,3.7,4961,Formal Shoes in Blue with Navy accents. Designed for farewell occasions and suitable for all season wear. Made from faux leather with a textured pattern and standard fit.
P01648,StyleCraft Essential Black Sneakers,Footwear,Sneakers,Women,2399,Black,Blue,Solid,Casual,1,Casual Outing,Summer,Leather,Standard,StyleCraft,4.6,1162,Casual Sneakers in Black with Blue accents. Designed for casual outing occasions and suitable for summer wear. Made from leather with a solid pattern and standard fit.
P00612,CoutureLane Everyday Black Jeans,Bottom,Jeans,Men,2299,Black,Maroon,Solid,Casual,1,College,All Season,Cotton,Relaxed,CoutureLane,4.9,3108,Casual Jeans in Black with Maroon accents. Designed for college occasions and suitable for all season wear. Made from cotton with a solid pattern and relaxed fit.
P02186,ModaStreet Premium Black Shoulder Bag,Accessory,Shoulder Bag,Women,1499,Black,Blue,Textured,Smart Casual,2,College,Winter,Faux Leather,Standard,ModaStreet,4.8,3425,Smart Casual Shoulder Bag in Black with Blue accents. Designed for college occasions and suitable for winter wear. Made from faux leather with a textured pattern and standard fit.
P02276,ModaStreet Active Maroon Backpack,Accessory,Backpack,Women,1199,Maroon,Grey,Solid,Sporty,1,Casual Outing,Winter,Polyester,Standard,ModaStreet,3.7,496,Sporty Backpack in Maroon with Grey accents. Designed for casual outing occasions and suitable for winter wear. Made from polyester with a solid pattern and standard fit.
P01407,ModaStreet Everyday Maroon Denim Jacket,Outerwear,Denim Jacket,Women,2699,Maroon,Navy,Textured,Casual,1,College,All Season,Cotton,Oversized,ModaStreet,4.9,2601,Casual Denim Jacket in Maroon with Navy accents. Designed for college occasions and suitable for all season wear. Made from cotton with a textured pattern and oversized fit.
P00736,ClassicEdge Executive Pink Checked Trousers,Bottom,Trousers,Men,3299,Pink,Black,Checked,Formal,3,Farewell,All Season,Wool Blend,Straight,ClassicEdge,4.6,2937,Formal Trousers in Pink with Black accents. Designed for farewell occasions and suitable for all season wear. Made from wool blend with a checked pattern and straight fit.
P00935,Northline Modern Brown Chinos,Bottom,Chinos,Men,2399,Brown,Black,Solid,Smart Casual,2,College,All Season,Cotton Blend,Regular,Northline,3.7,1118,Smart Casual Chinos in Brown with Black accents. Designed for college occasions and suitable for all season wear. Made from cotton blend with a solid pattern and regular fit.
P00278,CoutureLane Executive Green Striped Shirt,Top,Shirt,Women,1899,Green,White,Striped,Formal,3,Office,Summer,Cotton,Slim,CoutureLane,4.9,2688,Formal Shirt in Green with White accents. Designed for office occasions and suitable for summer wear. Made from cotton with a striped pattern and slim fit.
P00923,UrbanThread Refined Beige Chinos,Bottom,Chinos,Men,1199,Beige,Olive,Solid,Smart Casual,2,Casual Outing,Summer,Cotton,Slim,UrbanThread,3.8,3093,Smart Casual Chinos in Beige with Olive accents. Designed for casual outing occasions and suitable for summer wear. Made from cotton with a solid pattern and slim fit.
P00604,MetroFit Comfort Navy Jeans,Bottom,Jeans,Women,1699,Navy,White,Textured,Casual,1,College,Summer,Denim,Relaxed,MetroFit,3.5,504,Casual Jeans in Navy with White accents. Designed for college occasions and suitable for summer wear. Made from denim with a textured pattern and relaxed fit.
P00999,ModaStreet Stylish Pink Printed Skirt,Bottom,Skirt,Women,1499,Pink,Navy,Printed,Party,2,Farewell,Summer,Cotton,A-Line,ModaStreet,3.7,4273,Party Skirt in Pink with Navy accents. Designed for farewell occasions and suitable for summer wear. Made from cotton with a printed pattern and a-line fit.
P00062,ModaStreet Comfort White Printed T-Shirt,Top,T-Shirt,Women,1399,White,Black,Printed,Casual,1,College,Summer,Cotton,Regular,ModaStreet,4.5,4687,Casual T-Shirt in White with Black accents. Designed for college occasions and suitable for summer wear. Made from cotton with a printed pattern and regular fit.
P01122,DailyMode Refined Olive Printed Casual Dress,Dress,Casual Dress,Women,1399,Olive,Brown,Printed,Smart Casual,2,Casual Outing,All Season,Cotton,A-Line,DailyMode,4.0,1213,Smart Casual Casual Dress in Olive with Brown accents. Designed for casual outing occasions and suitable for all season wear. Made from cotton with a printed pattern and a-line fit.
P01780,ClassicEdge Premium Pink Loafers,Footwear,Loafers,Women,1999,Pink,Grey,Textured,Formal,3,Office,All Season,Suede,Standard,ClassicEdge,3.9,2048,Formal Loafers in Pink with Grey accents. Designed for office occasions and suitable for all season wear. Made from suede with a textured pattern and standard fit.
P01895,Northline Elegant Brown Heels,Footwear,Heels,Women,2699,Brown,Black,Solid,Party,2,Party,Winter,Synthetic,Standard,Northline,3.7,1144,Party Heels in Brown with Black accents. Designed for party occasions and suitable for winter wear. Made from synthetic with a solid pattern and standard fit.
P01696,StyleCraft Refined Navy Printed Sneakers,Footwear,Sneakers,Women,3599,Navy,Brown,Printed,Smart Casual,2,Casual Outing,Summer,Synthetic,Standard,StyleCraft,3.8,4518,Smart Casual Sneakers in Navy with Brown accents. Designed for casual outing occasions and suitable for summer wear. Made from synthetic with a printed pattern and standard fit.
P00271,CoutureLane Premium Grey Shirt,Top,Shirt,Men,1699,Grey,Maroon,Solid,Smart Casual,2,Farewell,Monsoon,Rayon,Regular,CoutureLane,4.5,4980,Smart Casual Shirt in Grey with Maroon accents. Designed for farewell occasions and suitable for monsoon wear. Made from rayon with a solid pattern and regular fit.
P01298,CoutureLane Classic Green Blazer,Outerwear,Blazer,Women,6899,Green,White,Textured,Smart Casual,2,College,Winter,Polyester,Regular,CoutureLane,3.6,4092,Smart Casual Blazer in Green with White accents. Designed for college occasions and suitable for winter wear. Made from polyester with a textured pattern and regular fit.
P00776,VibeWear Executive White Trousers,Bottom,Trousers,Women,2699,White,Olive,Solid,Formal,3,Farewell,Summer,Polyester,Straight,VibeWear,4.8,1054,Formal Trousers in White with Olive accents. Designed for farewell occasions and suitable for summer wear. Made from polyester with a solid pattern and straight fit.
P02076,TrendAura Executive Cream Belt,Accessory,Belt,Unisex,599,Cream,Black,Solid,Formal,3,Office,All Season,Leather,Standard,TrendAura,4.5,3262,Formal Belt in Cream with Black accents. Designed for office occasions and suitable for all season wear. Made from leather with a solid pattern and standard fit.
P01735,Northline Premium Pink Loafers,Footwear,Loafers,Men,4399,Pink,Grey,Solid,Smart Casual,2,Casual Outing,All Season,Leather,Standard,Northline,3.8,1480,Smart Casual Loafers in Pink with Grey accents. Designed for casual outing occasions and suitable for all season wear. Made from leather with a solid pattern and standard fit.
P00978,Northline Refined Grey Skirt,Bottom,Skirt,Women,1999,Grey,Beige,Textured,Smart Casual,2,College,Winter,Denim,Relaxed,Northline,3.7,3270,Smart Casual Skirt in Grey with Beige accents. Designed for college occasions and suitable for winter wear. Made from denim with a textured pattern and relaxed fit.
P01788,ClassicEdge Refined Cream Loafers,Footwear,Loafers,Women,4999,Cream,Black,Textured,Smart Casual,2,Farewell,Winter,Faux Leather,Standard,ClassicEdge,3.6,1615,Smart Casual Loafers in Cream with Black accents. Designed for farewell occasions and suitable for winter wear. Made from faux leather with a textured pattern and standard fit.
P00477,UrbanThread Classic Blue Knit Top,Top,Knit Top,Women,999,Blue,Navy,Textured,Casual,1,College,Winter,Wool Blend,Slim,UrbanThread,4.6,3106,Casual Knit Top in Blue with Navy accents. Designed for college occasions and suitable for winter wear. Made from wool blend with a textured pattern and slim fit.
P01073,TrendAura Refined Pink Casual Dress,Dress,Casual Dress,Women,1599,Pink,Black,Solid,Smart Casual,2,Farewell,Summer,Rayon,Regular,TrendAura,4.9,1639,Smart Casual Casual Dress in Pink with Black accents. Designed for farewell occasions and suitable for summer wear. Made from rayon with a solid pattern and regular fit.
P01694,ClassicEdge Classic Grey Sneakers,Footwear,Sneakers,Women,2599,Grey,Beige,Textured,Smart Casual,2,Casual Outing,Summer,Mesh,Standard,ClassicEdge,4.0,1352,Smart Casual Sneakers in Grey with Beige accents. Designed for casual outing occasions and suitable for summer wear. Made from mesh with a textured pattern and standard fit.
P00777,ModaStreet Premium Cream Trousers,Bottom,Trousers,Men,1899,Cream,Olive,Textured,Formal,3,Farewell,Summer,Cotton,Straight,ModaStreet,4.0,1590,Formal Trousers in Cream with Olive accents. Designed for farewell occasions and suitable for summer wear. Made from cotton with a textured pattern and straight fit.
P00638,StyleCraft Premium Maroon Jeans,Bottom,Jeans,Women,1899,Maroon,Navy,Solid,Smart Casual,2,College,Summer,Cotton,Relaxed,StyleCraft,3.6,609,Smart Casual Jeans in Maroon with Navy accents. Designed for college occasions and suitable for summer wear. Made from cotton with a solid pattern and relaxed fit.
P00120,ModaStreet Classic Green Striped T-Shirt,Top,T-Shirt,Men,499,Green,Black,Striped,Casual,1,College,Summer,Cotton,Oversized,ModaStreet,3.9,3895,Casual T-Shirt in Green with Black accents. Designed for college occasions and suitable for summer wear. Made from cotton with a striped pattern and oversized fit.
P00915,VibeWear Everyday Olive Chinos,Bottom,Chinos,Men,2899,Olive,Brown,Solid,Casual,1,Casual Outing,All Season,Cotton Blend,Regular,VibeWear,4.8,2877,Casual Chinos in Olive with Brown accents. Designed for casual outing occasions and suitable for all season wear. Made from cotton blend with a solid pattern and regular fit.
P00259,ModaStreet Modern Navy Shirt,Top,Shirt,Men,2599,Navy,Brown,Solid,Smart Casual,2,Casual Outing,All Season,Linen,Slim,ModaStreet,4.8,787,Smart Casual Shirt in Navy with Brown accents. Designed for casual outing occasions and suitable for all season wear. Made from linen with a solid pattern and slim fit.
P01575,CoutureLane Refined White Printed Sneakers,Footwear,Sneakers,Men,3299,White,Olive,Printed,Smart Casual,2,Farewell,Monsoon,Canvas,Standard,CoutureLane,4.7,4276,Smart Casual Sneakers in White with Olive accents. Designed for farewell occasions and suitable for monsoon wear. Made from canvas with a printed pattern and standard fit.
P01969,VibeWear Classic Grey Sandals,Footwear,Sandals,Unisex,999,Grey,Maroon,Solid,Casual,1,Casual Outing,All Season,Faux Leather,Standard,VibeWear,3.7,928,Casual Sandals in Grey with Maroon accents. Designed for casual outing occasions and suitable for all season wear. Made from faux leather with a solid pattern and standard fit.
P00498,Northline Classic Navy Knit Top,Top,Knit Top,Women,1799,Navy,Grey,Textured,Smart Casual,2,Farewell,All Season,Rayon,Slim,Northline,4.9,412,Smart Casual Knit Top in Navy with Grey accents. Designed for farewell occasions and suitable for all season wear. Made from rayon with a textured pattern and slim fit.
P01178,ModaStreet Essential Blue Casual Dress,Dress,Casual Dress,Women,2999,Blue,Grey,Solid,Casual,1,College,Summer,Cotton,A-Line,ModaStreet,4.3,1750,Casual Dress in Blue with Grey accents. Designed for college occasions and suitable for summer wear. Made from cotton with a solid pattern and a-line fit.
P02310,ModaStreet Dynamic Grey Backpack,Accessory,Backpack,Unisex,1199,Grey,Maroon,Solid,Sporty,1,College,All Season,Canvas,Standard,ModaStreet,4.5,3261,Sporty Backpack in Grey with Maroon accents. Designed for college occasions and suitable for all season wear. Made from canvas with a solid pattern and standard fit.
P02156,UrbanThread Executive Blue Watch,Accessory,Watch,Women,4599,Blue,Brown,Textured,Formal,3,Office,All Season,Stainless Steel,Standard,UrbanThread,4.8,2900,Formal Watch in Blue with Brown accents. Designed for office occasions and suitable for all season wear. Made from stainless steel with a textured pattern and standard fit.
P00335,MetroFit Everyday Olive Striped Blouse,Top,Blouse,Women,2399,Olive,Brown,Striped,Casual,1,College,Winter,Rayon,Slim,MetroFit,4.7,3628,Casual Blouse in Olive with Brown accents. Designed for college occasions and suitable for winter wear. Made from rayon with a striped pattern and slim fit.
P00874,StyleCraft Comfort Brown Chinos,Bottom,Chinos,Men,2899,Brown,Cream,Solid,Casual,1,College,Winter,Cotton,Regular,StyleCraft,4.2,2992,Casual Chinos in Brown with Cream accents. Designed for college occasions and suitable for winter wear. Made from cotton with a solid pattern and regular fit.
P01683,ClassicEdge Refined Blue Sneakers,Footwear,Sneakers,Unisex,1999,Blue,Navy,Textured,Smart Casual,2,Farewell,Monsoon,Canvas,Standard,ClassicEdge,4.0,970,Smart Casual Sneakers in Blue with Navy accents. Designed for farewell occasions and suitable for monsoon wear. Made from canvas with a textured pattern and standard fit.
P00086,TrendAura Sport Olive T-Shirt,Top,T-Shirt,Unisex,499,Olive,Cream,Textured,Sporty,1,College,All Season,Cotton,Regular,TrendAura,4.5,1804,Sporty T-Shirt in Olive with Cream accents. Designed for college occasions and suitable for all season wear. Made from cotton with a textured pattern and regular fit.
P00573,MetroFit Essential Cream Jeans,Bottom,Jeans,Women,2099,Cream,Beige,Solid,Casual,1,College,Summer,Denim,Straight,MetroFit,4.4,2980,Casual Jeans in Cream with Beige accents. Designed for college occasions and suitable for summer wear. Made from denim with a solid pattern and straight fit.
P00558,DailyMode Everyday Beige Jeans,Bottom,Jeans,Women,2999,Beige,Brown,Textured,Casual,1,Casual Outing,Monsoon,Cotton,Relaxed,DailyMode,3.8,1416,Casual Jeans in Beige with Brown accents. Designed for casual outing occasions and suitable for monsoon wear. Made from cotton with a textured pattern and relaxed fit.
P02241,Northline Essential Cream Printed Backpack,Accessory,Backpack,Unisex,2299,Cream,Beige,Printed,Casual,1,Casual Outing,Summer,Canvas,Standard,Northline,4.2,2137,Casual Backpack in Cream with Beige accents. Designed for casual outing occasions and suitable for summer wear. Made from canvas with a printed pattern and standard fit.
P02173,MetroFit Festive Olive Printed Shoulder Bag,Accessory,Shoulder Bag,Unisex,1399,Olive,White,Printed,Party,2,Farewell,Winter,Leather,Standard,MetroFit,3.8,1209,Party Shoulder Bag in Olive with White accents. Designed for farewell occasions and suitable for winter wear. Made from leather with a printed pattern and standard fit.
P00295,ModaStreet Refined Black Shirt,Top,Shirt,Men,1899,Black,Maroon,Solid,Smart Casual,2,College,All Season,Linen,Regular,ModaStreet,4.0,3610,Smart Casual Shirt in Black with Maroon accents. Designed for college occasions and suitable for all season wear. Made from linen with a solid pattern and regular fit.
P00518,MetroFit Classic Pink Knit Top,Top,Knit Top,Women,1199,Pink,Grey,Solid,Casual,1,Casual Outing,All Season,Wool Blend,Regular,MetroFit,4.4,264,Casual Knit Top in Pink with Grey accents. Designed for casual outing occasions and suitable for all season wear. Made from wool blend with a solid pattern and regular fit.
P00568,UrbanThread Premium Brown Jeans,Bottom,Jeans,Women,2599,Brown,Beige,Solid,Smart Casual,2,Casual Outing,All Season,Cotton,Relaxed,UrbanThread,4.4,1295,Smart Casual Jeans in Brown with Beige accents. Designed for casual outing occasions and suitable for all season wear. Made from cotton with a solid pattern and relaxed fit.
P00288,ModaStreet Classic Beige Checked Shirt,Top,Shirt,Women,899,Beige,Brown,Checked,Smart Casual,2,College,All Season,Linen,Slim,ModaStreet,3.8,1099,Smart Casual Shirt in Beige with Brown accents. Designed for college occasions and suitable for all season wear. Made from linen with a checked pattern and slim fit.
P01717,TrendAura Elegant Grey Loafers,Footwear,Loafers,Men,3799,Grey,White,Solid,Formal,3,Farewell,All Season,Leather,Standard,TrendAura,4.1,84,Formal Loafers in Grey with White accents. Designed for farewell occasions and suitable for all season wear. Made from leather with a solid pattern and standard fit.
P01299,StyleCraft Elegant Maroon Checked Blazer,Outerwear,Blazer,Men,3599,Maroon,Black,Checked,Formal,3,Office,Winter,Wool Blend,Regular,StyleCraft,3.8,2886,Formal Blazer in Maroon with Black accents. Designed for office occasions and suitable for winter wear. Made from wool blend with a checked pattern and regular fit.
P01487,ModaStreet Essential Olive Overshirt,Outerwear,Overshirt,Men,2499,Olive,Brown,Solid,Casual,1,College,Monsoon,Denim,Relaxed,ModaStreet,4.5,3356,Casual Overshirt in Olive with Brown accents. Designed for college occasions and suitable for monsoon wear. Made from denim with a solid pattern and relaxed fit.
P01691,VibeWear Premium Black Sneakers,Footwear,Sneakers,Men,4199,Black,Grey,Solid,Smart Casual,2,College,Summer,Synthetic,Standard,VibeWear,4.6,3054,Smart Casual Sneakers in Black with Grey accents. Designed for college occasions and suitable for summer wear. Made from synthetic with a solid pattern and standard fit.
P01004,Northline Comfort White Skirt,Bottom,Skirt,Women,1499,White,Grey,Textured,Casual,1,Casual Outing,All Season,Cotton,Relaxed,Northline,4.5,2491,Casual Skirt in White with Grey accents. Designed for casual outing occasions and suitable for all season wear. Made from cotton with a textured pattern and relaxed fit.
P01910,Northline Festive Grey Heels,Footwear,Heels,Women,4599,Grey,Blue,Solid,Party,2,Farewell,All Season,Faux Leather,Standard,Northline,4.1,2673,Party Heels in Grey with Blue accents. Designed for farewell occasions and suitable for all season wear. Made from faux leather with a solid pattern and standard fit.
P02023,TrendAura Premium Blue Sandals,Footwear,Sandals,Unisex,2399,Blue,Grey,Solid,Smart Casual,2,College,All Season,Faux Leather,Standard,TrendAura,3.9,1288,Smart Casual Sandals in Blue with Grey accents. Designed for college occasions and suitable for all season wear. Made from faux leather with a solid pattern and standard fit.
P00512,DailyMode Refined Green Knit Top,Top,Knit Top,Women,1199,Green,White,Textured,Smart Casual,2,College,All Season,Cotton,Relaxed,DailyMode,4.6,4930,Smart Casual Knit Top in Green with White accents. Designed for college occasions and suitable for all season wear. Made from cotton with a textured pattern and relaxed fit.
P02168,MetroFit Premium Grey Watch,Accessory,Watch,Women,2299,Grey,Maroon,Solid,Smart Casual,2,Farewell,All Season,Leather,Standard,MetroFit,4.4,2531,Smart Casual Watch in Grey with Maroon accents. Designed for farewell occasions and suitable for all season wear. Made from leather with a solid pattern and standard fit.
P01075,VibeWear Premium Green Printed Casual Dress,Dress,Casual Dress,Women,2699,Green,Beige,Printed,Smart Casual,2,College,Summer,Rayon,Regular,VibeWear,4.9,2789,Smart Casual Casual Dress in Green with Beige accents. Designed for college occasions and suitable for summer wear. Made from rayon with a printed pattern and regular fit.
P01081,Northline Everyday Green Casual Dress,Dress,Casual Dress,Women,3499,Green,Beige,Solid,Casual,1,Casual Outing,Summer,Linen,Relaxed,Northline,3.6,2649,Casual Dress in Green with Beige accents. Designed for casual outing occasions and suitable for summer wear. Made from linen with a solid pattern and relaxed fit.
P00252,ModaStreet Comfort Beige Striped Shirt,Top,Shirt,Men,999,Beige,Maroon,Striped,Casual,1,Casual Outing,Monsoon,Cotton,Regular,ModaStreet,3.5,4830,Casual Shirt in Beige with Maroon accents. Designed for casual outing occasions and suitable for monsoon wear. Made from cotton with a striped pattern and regular fit.
P00302,UrbanThread Modern Maroon Printed Shirt,Top,Shirt,Women,2799,Maroon,Navy,Printed,Smart Casual,2,College,Summer,Cotton,Regular,UrbanThread,4.8,2520,Smart Casual Shirt in Maroon with Navy accents. Designed for college occasions and suitable for summer wear. Made from cotton with a printed pattern and regular fit.
P00894,ModaStreet Modern White Chinos,Bottom,Chinos,Men,1199,White,Brown,Solid,Smart Casual,2,Farewell,Winter,Cotton,Regular,ModaStreet,4.6,764,Smart Casual Chinos in White with Brown accents. Designed for farewell occasions and suitable for winter wear. Made from cotton with a solid pattern and regular fit.
P00806,MetroFit Premium Beige Checked Trousers,Bottom,Trousers,Men,3299,Beige,Brown,Checked,Formal,3,Farewell,Summer,Wool Blend,Slim,MetroFit,4.1,1027,Formal Trousers in Beige with Brown accents. Designed for farewell occasions and suitable for summer wear. Made from wool blend with a checked pattern and slim fit.
P00524,StyleCraft Essential Green Knit Top,Top,Knit Top,Women,2099,Green,Brown,Textured,Casual,1,Casual Outing,All Season,Wool Blend,Regular,StyleCraft,4.2,721,Casual Knit Top in Green with Brown accents. Designed for casual outing occasions and suitable for all season wear. Made from wool blend with a textured pattern and regular fit.
P01959,Northline Refined Blue Sandals,Footwear,Sandals,Unisex,1199,Blue,Beige,Textured,Smart Casual,2,Farewell,All Season,Leather,Standard,Northline,3.8,4008,Smart Casual Sandals in Blue with Beige accents. Designed for farewell occasions and suitable for all season wear. Made from leather with a textured pattern and standard fit.
P01659,UrbanThread Everyday Brown Sneakers,Footwear,Sneakers,Women,2299,Brown,Beige,Solid,Casual,1,College,Winter,Mesh,Standard,UrbanThread,4.3,4304,Casual Sneakers in Brown with Beige accents. Designed for college occasions and suitable for winter wear. Made from mesh with a solid pattern and standard fit.
P00210,DailyMode Premium Brown Printed Shirt,Top,Shirt,Men,2199,Brown,Olive,Printed,Formal,3,Farewell,All Season,Cotton,Regular,DailyMode,4.5,3429,Formal Shirt in Brown with Olive accents. Designed for farewell occasions and suitable for all season wear. Made from cotton with a printed pattern and regular fit.
P01538,VibeWear Essential Cream Checked Overshirt,Outerwear,Overshirt,Men,1599,Cream,Beige,Checked,Casual,1,Casual Outing,Monsoon,Cotton,Relaxed,VibeWear,4.7,3926,Casual Overshirt in Cream with Beige accents. Designed for casual outing occasions and suitable for monsoon wear. Made from cotton with a checked pattern and relaxed fit.
P01241,DailyMode Elegant Maroon Printed Formal Dress,Dress,Formal Dress,Women,2599,Maroon,Black,Printed,Formal,3,Office,Winter,Silk Blend,Slim,DailyMode,3.8,440,Formal Dress in Maroon with Black accents. Designed for office occasions and suitable for winter wear. Made from silk blend with a printed pattern and slim fit.
P02175,ModaStreet Elegant Blue Shoulder Bag,Accessory,Shoulder Bag,Unisex,1599,Blue,Grey,Solid,Party,2,Farewell,Winter,Leather,Standard,ModaStreet,4.5,2498,Party Shoulder Bag in Blue with Grey accents. Designed for farewell occasions and suitable for winter wear. Made from leather with a solid pattern and standard fit.
P00792,UrbanThread Executive Blue Trousers,Bottom,Trousers,Women,2899,Blue,Navy,Textured,Formal,3,Farewell,Summer,Wool Blend,Slim,UrbanThread,4.2,1273,Formal Trousers in Blue with Navy accents. Designed for farewell occasions and suitable for summer wear. Made from wool blend with a textured pattern and slim fit.
P00574,Northline Modern White Jeans,Bottom,Jeans,Men,1799,White,Black,Solid,Smart Casual,2,Farewell,Summer,Denim,Slim,Northline,4.2,1214,Smart Casual Jeans in White with Black accents. Designed for farewell occasions and suitable for summer wear. Made from denim with a solid pattern and slim fit.
P02098,VibeWear Comfort Brown Watch,Accessory,Watch,Men,4599,Brown,Black,Textured,Casual,1,College,All Season,Synthetic,Standard,VibeWear,4.7,1505,Casual Watch in Brown with Black accents. Designed for college occasions and suitable for all season wear. Made from synthetic with a textured pattern and standard fit.
P00193,MetroFit Premium Maroon Shirt,Top,Shirt,Men,2099,Maroon,White,Solid,Smart Casual,2,Farewell,Monsoon,Cotton,Slim,MetroFit,3.5,3414,Smart Casual Shirt in Maroon with White accents. Designed for farewell occasions and suitable for monsoon wear. Made from cotton with a solid pattern and slim fit.
P00005,ClassicEdge Classic Grey Printed T-Shirt,Top,T-Shirt,Men,999,Grey,Blue,Printed,Casual,1,Casual Outing,Monsoon,Cotton,Relaxed,ClassicEdge,4.0,2212,Casual T-Shirt in Grey with Blue accents. Designed for casual outing occasions and suitable for monsoon wear. Made from cotton with a printed pattern and relaxed fit.
P00947,Northline Everyday Maroon Chinos,Bottom,Chinos,Men,2299,Maroon,Navy,Textured,Casual,1,College,Summer,Cotton,Regular,Northline,4.3,1787,Casual Chinos in Maroon with Navy accents. Designed for college occasions and suitable for summer wear. Made from cotton with a textured pattern and regular fit.
P00360,VibeWear Essential Grey Blouse,Top,Blouse,Women,1799,Grey,White,Textured,Casual,1,College,Winter,Silk Blend,Relaxed,VibeWear,4.0,4110,Casual Blouse in Grey with White accents. Designed for college occasions and suitable for winter wear. Made from silk blend with a textured pattern and relaxed fit.
P00571,UrbanThread Modern Navy Jeans,Bottom,Jeans,Women,2499,Navy,Brown,Solid,Smart Casual,2,College,Summer,Denim,Slim,UrbanThread,4.7,2463,Smart Casual Jeans in Navy with Brown accents. Designed for college occasions and suitable for summer wear. Made from denim with a solid pattern and slim fit.
P00336,ClassicEdge Modern Navy Blouse,Top,Blouse,Women,1499,Navy,Beige,Textured,Smart Casual,2,Casual Outing,Summer,Silk Blend,Regular,ClassicEdge,4.1,2730,Smart Casual Blouse in Navy with Beige accents. Designed for casual outing occasions and suitable for summer wear. Made from silk blend with a textured pattern and regular fit.
P02107,UrbanThread Essential Cream Watch,Accessory,Watch,Men,2399,Cream,Maroon,Textured,Casual,1,Casual Outing,All Season,Leather,Standard,UrbanThread,4.7,3682,Casual Watch in Cream with Maroon accents. Designed for casual outing occasions and suitable for all season wear. Made from leather with a textured pattern and standard fit.
P01034,TrendAura Classic Pink Checked Skirt,Bottom,Skirt,Women,2199,Pink,Navy,Checked,Casual,1,College,Summer,Denim,Relaxed,TrendAura,3.8,3728,Casual Skirt in Pink with Navy accents. Designed for college occasions and suitable for summer wear. Made from denim with a checked pattern and relaxed fit.
P01057,UrbanThread Stylish Cream Printed Skirt,Bottom,Skirt,Women,1199,Cream,Beige,Printed,Party,2,Party,Summer,Rayon,Relaxed,UrbanThread,4.7,4953,Party Skirt in Cream with Beige accents. Designed for party occasions and suitable for summer wear. Made from rayon with a printed pattern and relaxed fit.
P00789,ModaStreet Premium White Trousers,Bottom,Trousers,Women,2099,White,Navy,Solid,Smart Casual,2,College,All Season,Cotton,Regular,ModaStreet,4.8,785,Smart Casual Trousers in White with Navy accents. Designed for college occasions and suitable for all season wear. Made from cotton with a solid pattern and regular fit.
P01883,UrbanThread Executive Navy Heels,Footwear,Heels,Women,4199,Navy,Brown,Textured,Formal,3,Office,Winter,Synthetic,Standard,UrbanThread,3.8,1075,Formal Heels in Navy with Brown accents. Designed for office occasions and suitable for winter wear. Made from synthetic with a textured pattern and standard fit.
P00289,DailyMode Everyday Green Striped Shirt,Top,Shirt,Men,2799,Green,Black,Striped,Casual,1,Casual Outing,Winter,Cotton,Slim,DailyMode,4.9,910,Casual Shirt in Green with Black accents. Designed for casual outing occasions and suitable for winter wear. Made from cotton with a striped pattern and slim fit.
P01701,CoutureLane Elegant Navy Loafers,Footwear,Loafers,Men,4699,Navy,Beige,Solid,Formal,3,Farewell,All Season,Suede,Standard,CoutureLane,4.1,1091,Formal Loafers in Navy with Beige accents. Designed for farewell occasions and suitable for all season wear. Made from suede with a solid pattern and standard fit.
P00303,DailyMode Premium Olive Striped Shirt,Top,Shirt,Men,2999,Olive,Black,Striped,Formal,3,Farewell,Monsoon,Linen,Regular,DailyMode,4.0,3732,Formal Shirt in Olive with Black accents. Designed for farewell occasions and suitable for monsoon wear. Made from linen with a striped pattern and regular fit.
P01738,ClassicEdge Elegant Black Loafers,Footwear,Loafers,Women,3399,Black,Blue,Solid,Formal,3,Farewell,Summer,Faux Leather,Standard,ClassicEdge,3.7,2248,Formal Loafers in Black with Blue accents. Designed for farewell occasions and suitable for summer wear. Made from faux leather with a solid pattern and standard fit.
P01339,StyleCraft Classic Green Blazer,Outerwear,Blazer,Men,3699,Green,White,Textured,Formal,3,Farewell,Winter,Wool Blend,Regular,StyleCraft,4.2,4214,Formal Blazer in Green with White accents. Designed for farewell occasions and suitable for winter wear. Made from wool blend with a textured pattern and regular fit.
P00341,CoutureLane Modern White Striped Blouse,Top,Blouse,Women,2499,White,Blue,Striped,Smart Casual,2,College,All Season,Silk Blend,Relaxed,CoutureLane,4.2,987,Smart Casual Blouse in White with Blue accents. Designed for college occasions and suitable for all season wear. Made from silk blend with a striped pattern and relaxed fit.
P00227,VibeWear Refined White Shirt,Top,Shirt,Men,999,White,Black,Solid,Smart Casual,2,Farewell,Winter,Linen,Relaxed,VibeWear,4.8,3285,Smart Casual Shirt in White with Black accents. Designed for farewell occasions and suitable for winter wear. Made from linen with a solid pattern and relaxed fit.
P00456,UrbanThread Premium Navy Striped Knit Top,Top,Knit Top,Women,699,Navy,Cream,Striped,Smart Casual,2,College,All Season,Cotton,Relaxed,UrbanThread,3.9,700,Smart Casual Knit Top in Navy with Cream accents. Designed for college occasions and suitable for all season wear. Made from cotton with a striped pattern and relaxed fit.
P00329,MetroFit Statement White Blouse,Top,Blouse,Women,1599,White,Blue,Textured,Party,2,Farewell,Winter,Cotton,Relaxed,MetroFit,4.7,1171,Party Blouse in White with Blue accents. Designed for farewell occasions and suitable for winter wear. Made from cotton with a textured pattern and relaxed fit.
P00197,CoutureLane Refined Cream Striped Shirt,Top,Shirt,Women,1899,Cream,Maroon,Striped,Smart Casual,2,Farewell,Winter,Linen,Relaxed,CoutureLane,4.0,3243,Smart Casual Shirt in Cream with Maroon accents. Designed for farewell occasions and suitable for winter wear. Made from linen with a striped pattern and relaxed fit.
P00030,Northline Essential Black Striped T-Shirt,Top,T-Shirt,Men,999,Black,Cream,Striped,Casual,1,Casual Outing,Monsoon,Polyester,Regular,Northline,3.9,593,Casual T-Shirt in Black with Cream accents. Designed for casual outing occasions and suitable for monsoon wear. Made from polyester with a striped pattern and regular fit.
P00220,VibeWear Classic Brown Striped Shirt,Top,Shirt,Men,2199,Brown,Navy,Striped,Casual,1,College,All Season,Cotton,Regular,VibeWear,4.4,804,Casual Shirt in Brown with Navy accents. Designed for college occasions and suitable for all season wear. Made from cotton with a striped pattern and regular fit.
P01596,StyleCraft Sport Navy Sneakers,Footwear,Sneakers,Unisex,2599,Navy,Grey,Textured,Sporty,1,College,Winter,Canvas,Standard,StyleCraft,3.7,2529,Sporty Sneakers in Navy with Grey accents. Designed for college occasions and suitable for winter wear. Made from canvas with a textured pattern and standard fit.
P00712,Northline Modern Black Trousers,Bottom,Trousers,Men,2599,Black,Blue,Textured,Smart Casual,2,Farewell,Winter,Wool Blend,Straight,Northline,4.5,2851,Smart Casual Trousers in Black with Blue accents. Designed for farewell occasions and suitable for winter wear. Made from wool blend with a textured pattern and straight fit.
P00098,UrbanThread Classic Beige Striped T-Shirt,Top,T-Shirt,Unisex,1799,Beige,Navy,Striped,Casual,1,College,Summer,Cotton,Relaxed,UrbanThread,3.7,3308,Casual T-Shirt in Beige with Navy accents. Designed for college occasions and suitable for summer wear. Made from cotton with a striped pattern and relaxed fit.
P01349,CoutureLane Classic Blue Blazer,Outerwear,Blazer,Men,2799,Blue,Navy,Textured,Formal,3,Office,Winter,Polyester,Regular,CoutureLane,3.7,528,Formal Blazer in Blue with Navy accents. Designed for office occasions and suitable for winter wear. Made from polyester with a textured pattern and regular fit.
P00225,Northline Premium Pink Striped Shirt,Top,Shirt,Men,1799,Pink,Beige,Striped,Formal,3,Office,Summer,Rayon,Relaxed,Northline,4.4,1985,Formal Shirt in Pink with Beige accents. Designed for office occasions and suitable for summer wear. Made from rayon with a striped pattern and relaxed fit.
P00517,StyleCraft Everyday Black Knit Top,Top,Knit Top,Women,799,Black,Grey,Solid,Casual,1,College,Winter,Cotton,Slim,StyleCraft,4.2,2097,Casual Knit Top in Black with Grey accents. Designed for college occasions and suitable for winter wear. Made from cotton with a solid pattern and slim fit.
P01320,TrendAura Premium Cream Checked Blazer,Outerwear,Blazer,Women,4499,Cream,Olive,Checked,Smart Casual,2,College,All Season,Cotton Blend,Regular,TrendAura,4.6,2384,Smart Casual Blazer in Cream with Olive accents. Designed for college occasions and suitable for all season wear. Made from cotton blend with a checked pattern and regular fit.
P01484,UrbanThread Everyday White Overshirt,Outerwear,Overshirt,Women,2799,White,Black,Solid,Casual,1,College,All Season,Linen,Regular,UrbanThread,4.8,2943,Casual Overshirt in White with Black accents. Designed for college occasions and suitable for all season wear. Made from linen with a solid pattern and regular fit.
P00619,ClassicEdge Classic Beige Jeans,Bottom,Jeans,Women,1399,Beige,White,Solid,Casual,1,College,Monsoon,Denim,Slim,ClassicEdge,4.6,3617,Casual Jeans in Beige with White accents. Designed for college occasions and suitable for monsoon wear. Made from denim with a solid pattern and slim fit.
P01629,StyleCraft Everyday Navy Sneakers,Footwear,Sneakers,Unisex,4899,Navy,Brown,Textured,Casual,1,Casual Outing,Monsoon,Canvas,Standard,StyleCraft,4.7,447,Casual Sneakers in Navy with Brown accents. Designed for casual outing occasions and suitable for monsoon wear. Made from canvas with a textured pattern and standard fit.
